filename,class_name,original_folder,file_path,split
Tr-pi_135.npz,pituitary,Training,processed/kaggle_normalized/Training/pituitary/Tr-pi_135.npz,train
Tr-no_154.npz,notumor,Training,processed/kaggle_normalized/Training/notumor/Tr-no_154.npz,train
Tr-gl_365.npz,glioma,Training,processed/kaggle_normalized/Training/glioma/Tr-gl_365.npz,train
Tr-pi_125.npz,pituitary,Training,processed/kaggle_normalized/Training/pituitary/Tr-pi_125.npz,train
Tr-gl_433.npz,glioma,Training,processed/kaggle_normalized/Training/glioma/Tr-gl_433.npz,train
Tr-no_389.npz,notumor,Training,processed/kaggle_normalized/Training/notumor/Tr-no_389.npz,train
Tr-no_688.npz,notumor,Training,processed/kaggle_normalized/Training/notumor/Tr-no_688.npz,train
Tr-no_1100.npz,notumor,Training,processed/kaggle_normalized/Training/notumor/Tr-no_1100.npz,train
Tr-aug-me_97.npz,meningioma,Training,processed/kaggle_normalized/Training/meningioma/Tr-aug-me_97.npz,train
Tr-me_852.npz,meningioma,Training,processed/kaggle_normalized/Training/meningioma/Tr-me_852.npz,train
Tr-no_722.npz,notumor,Training,processed/kaggle_normalized/Training/notumor/Tr-no_722.npz,train
Tr-gl_184.npz,glioma,Training,processed/kaggle_normalized/Training/glioma/Tr-gl_184.npz,train
Tr-no_144.npz,notumor,Training,processed/kaggle_normalized/Training/notumor/Tr-no_144.npz,train
Tr-no_142.npz,notumor,Training,processed/kaggle_normalized/Training/notumor/Tr-no_142.npz,train
Tr-gl_681.npz,glioma,Training,processed/kaggle_normalized/Training/glioma/Tr-gl_681.npz,train
Tr-no_351.npz,notumor,Training,processed/kaggle_normalized/Training/notumor/Tr-no_351.npz,train
Tr-no_986.npz,notumor,Training,processed/kaggle_normalized/Training/notumor/Tr-no_986.npz,train
Tr-me_796.npz,meningioma,Training,processed/kaggle_normalized/Training/meningioma/Tr-me_796.npz,train
Tr-no_1013.npz,notumor,Training,processed/kaggle_normalized/Training/notumor/Tr-no_1013.npz,train
Tr-no_994.npz,notumor,Training,processed/kaggle_normalized/Training/notumor/Tr-no_994.npz,train
Tr-me_243.npz,meningioma,Training,processed/kaggle_normalized/Training/meningioma/Tr-me_243.npz,train
Tr-gl_1276.npz,glioma,Training,processed/kaggle_normalized/Training/glioma/Tr-gl_1276.npz,train
Tr-aug-me_88.npz,meningioma,Training,processed/kaggle_normalized/Training/meningioma/Tr-aug-me_88.npz,train
Tr-pi_180.npz,pituitary,Training,processed/kaggle_normalized/Training/pituitary/Tr-pi_180.npz,train
Tr-gl_1368.npz,glioma,Training,processed/kaggle_normalized/Training/glioma/Tr-gl_1368.npz,train
Tr-pi_937.npz,pituitary,Training,processed/kaggle_normalized/Training/pituitary/Tr-pi_937.npz,train
Tr-me_418.npz,meningioma,Training,processed/kaggle_normalized/Training/meningioma/Tr-me_418.npz,train
Tr-no_583.npz,notumor,Training,processed/kaggle_normalized/Training/notumor/Tr-no_583.npz,train
Tr-gl_596.npz,glioma,Training,processed/kaggle_normalized/Training/glioma/Tr-gl_596.npz,train
Tr-no_419.npz,notumor,Training,processed/kaggle_normalized/Training/notumor/Tr-no_419.npz,train
Tr-me_972.npz,meningioma,Training,processed/kaggle_normalized/Training/meningioma/Tr-me_972.npz,train
Tr-pi_271.npz,pituitary,Training,processed/kaggle_normalized/Training/pituitary/Tr-pi_271.npz,train
Tr-me_446.npz,meningioma,Training,processed/kaggle_normalized/Training/meningioma/Tr-me_446.npz,train
Tr-no_848.npz,notumor,Training,processed/kaggle_normalized/Training/notumor/Tr-no_848.npz,train
Tr-pi_19.npz,pituitary,Training,processed/kaggle_normalized/Training/pituitary/Tr-pi_19.npz,train
Tr-gl_1090.npz,glioma,Training,processed/kaggle_normalized/Training/glioma/Tr-gl_1090.npz,train
Tr-no_539.npz,notumor,Training,processed/kaggle_normalized/Training/notumor/Tr-no_539.npz,train
Tr-pi_988.npz,pituitary,Training,processed/kaggle_normalized/Training/pituitary/Tr-pi_988.npz,train
Tr-gl_267.npz,glioma,Training,processed/kaggle_normalized/Training/glioma/Tr-gl_267.npz,train
Tr-me_739.npz,meningioma,Training,processed/kaggle_normalized/Training/meningioma/Tr-me_739.npz,train
Tr-gl_848.npz,glioma,Training,processed/kaggle_normalized/Training/glioma/Tr-gl_848.npz,train
Tr-gl_959.npz,glioma,Training,processed/kaggle_normalized/Training/glioma/Tr-gl_959.npz,train
Tr-pi_1315.npz,pituitary,Training,processed/kaggle_normalized/Training/pituitary/Tr-pi_1315.npz,train
Tr-me_1245.npz,meningioma,Training,processed/kaggle_normalized/Training/meningioma/Tr-me_1245.npz,train
Tr-me_490.npz,meningioma,Training,processed/kaggle_normalized/Training/meningioma/Tr-me_490.npz,train
Tr-pi_323.npz,pituitary,Training,processed/kaggle_normalized/Training/pituitary/Tr-pi_323.npz,train
Tr-no_127.npz,notumor,Training,processed/kaggle_normalized/Training/notumor/Tr-no_127.npz,train
Tr-pi_69.npz,pituitary,Training,processed/kaggle_normalized/Training/pituitary/Tr-pi_69.npz,train
Tr-gl_442.npz,glioma,Training,processed/kaggle_normalized/Training/glioma/Tr-gl_442.npz,train
Tr-pi_796.npz,pituitary,Training,processed/kaggle_normalized/Training/pituitary/Tr-pi_796.npz,train
Tr-me_8.npz,meningioma,Training,processed/kaggle_normalized/Training/meningioma/Tr-me_8.npz,train
Tr-no_97.npz,notumor,Training,processed/kaggle_normalized/Training/notumor/Tr-no_97.npz,train
Tr-me_82.npz,meningioma,Training,processed/kaggle_normalized/Training/meningioma/Tr-me_82.npz,train
Tr-gl_550.npz,glioma,Training,processed/kaggle_normalized/Training/glioma/Tr-gl_550.npz,train
Tr-gl_284.npz,glioma,Training,processed/kaggle_normalized/Training/glioma/Tr-gl_284.npz,train
Tr-pi_230.npz,pituitary,Training,processed/kaggle_normalized/Training/pituitary/Tr-pi_230.npz,train
Tr-pi_998.npz,pituitary,Training,processed/kaggle_normalized/Training/pituitary/Tr-pi_998.npz,train
Tr-no_952.npz,notumor,Training,processed/kaggle_normalized/Training/notumor/Tr-no_952.npz,train
Tr-me_452.npz,meningioma,Training,processed/kaggle_normalized/Training/meningioma/Tr-me_452.npz,train
Tr-no_61.npz,notumor,Training,processed/kaggle_normalized/Training/notumor/Tr-no_61.npz,train
Tr-me_1204.npz,meningioma,Training,processed/kaggle_normalized/Training/meningioma/Tr-me_1204.npz,train
Tr-no_1086.npz,notumor,Training,processed/kaggle_normalized/Training/notumor/Tr-no_1086.npz,train
Tr-pi_797.npz,pituitary,Training,processed/kaggle_normalized/Training/pituitary/Tr-pi_797.npz,train
Tr-me_926.npz,meningioma,Training,processed/kaggle_normalized/Training/meningioma/Tr-me_926.npz,train
Tr-no_597.npz,notumor,Training,processed/kaggle_normalized/Training/notumor/Tr-no_597.npz,train
Tr-me_600.npz,meningioma,Training,processed/kaggle_normalized/Training/meningioma/Tr-me_600.npz,train
Tr-no_30.npz,notumor,Training,processed/kaggle_normalized/Training/notumor/Tr-no_30.npz,train
Tr-gl_900.npz,glioma,Training,processed/kaggle_normalized/Training/glioma/Tr-gl_900.npz,train
Tr-gl_22.npz,glioma,Training,processed/kaggle_normalized/Training/glioma/Tr-gl_22.npz,train
Tr-pi_840.npz,pituitary,Training,processed/kaggle_normalized/Training/pituitary/Tr-pi_840.npz,train
Tr-me_1163.npz,meningioma,Training,processed/kaggle_normalized/Training/meningioma/Tr-me_1163.npz,train
Tr-gl_211.npz,glioma,Training,processed/kaggle_normalized/Training/glioma/Tr-gl_211.npz,train
Tr-me_488.npz,meningioma,Training,processed/kaggle_normalized/Training/meningioma/Tr-me_488.npz,train
Tr-me_539.npz,meningioma,Training,processed/kaggle_normalized/Training/meningioma/Tr-me_539.npz,train
Tr-no_130.npz,notumor,Training,processed/kaggle_normalized/Training/notumor/Tr-no_130.npz,train
Tr-me_1219.npz,meningioma,Training,processed/kaggle_normalized/Training/meningioma/Tr-me_1219.npz,train
Tr-gl_327.npz,glioma,Training,processed/kaggle_normalized/Training/glioma/Tr-gl_327.npz,train
Tr-no_886.npz,notumor,Training,processed/kaggle_normalized/Training/notumor/Tr-no_886.npz,train
Tr-me_1257.npz,meningioma,Training,processed/kaggle_normalized/Training/meningioma/Tr-me_1257.npz,train
Tr-gl_847.npz,glioma,Training,processed/kaggle_normalized/Training/glioma/Tr-gl_847.npz,train
Tr-me_1275.npz,meningioma,Training,processed/kaggle_normalized/Training/meningioma/Tr-me_1275.npz,train
Tr-pi_472.npz,pituitary,Training,processed/kaggle_normalized/Training/pituitary/Tr-pi_472.npz,train
Tr-pi_733.npz,pituitary,Training,processed/kaggle_normalized/Training/pituitary/Tr-pi_733.npz,train
Tr-gl_1217.npz,glioma,Training,processed/kaggle_normalized/Training/glioma/Tr-gl_1217.npz,train
Tr-me_1272.npz,meningioma,Training,processed/kaggle_normalized/Training/meningioma/Tr-me_1272.npz,train
Tr-gl_740.npz,glioma,Training,processed/kaggle_normalized/Training/glioma/Tr-gl_740.npz,train
Tr-no_492.npz,notumor,Training,processed/kaggle_normalized/Training/notumor/Tr-no_492.npz,train
Tr-pi_475.npz,pituitary,Training,processed/kaggle_normalized/Training/pituitary/Tr-pi_475.npz,train
Tr-me_545.npz,meningioma,Training,processed/kaggle_normalized/Training/meningioma/Tr-me_545.npz,train
Tr-no_426.npz,notumor,Training,processed/kaggle_normalized/Training/notumor/Tr-no_426.npz,train
Tr-gl_171.npz,glioma,Training,processed/kaggle_normalized/Training/glioma/Tr-gl_171.npz,train
Tr-gl_1379.npz,glioma,Training,processed/kaggle_normalized/Training/glioma/Tr-gl_1379.npz,train
Tr-gl_1316.npz,glioma,Training,processed/kaggle_normalized/Training/glioma/Tr-gl_1316.npz,train
Tr-me_292.npz,meningioma,Training,processed/kaggle_normalized/Training/meningioma/Tr-me_292.npz,train
Tr-pi_1079.npz,pituitary,Training,processed/kaggle_normalized/Training/pituitary/Tr-pi_1079.npz,train
Tr-gl_1374.npz,glioma,Training,processed/kaggle_normalized/Training/glioma/Tr-gl_1374.npz,train
Tr-pi_281.npz,pituitary,Training,processed/kaggle_normalized/Training/pituitary/Tr-pi_281.npz,train
Tr-me_784.npz,meningioma,Training,processed/kaggle_normalized/Training/meningioma/Tr-me_784.npz,train
Tr-gl_419.npz,glioma,Training,processed/kaggle_normalized/Training/glioma/Tr-gl_419.npz,train
Tr-no_809.npz,notumor,Training,processed/kaggle_normalized/Training/notumor/Tr-no_809.npz,train
Tr-me_833.npz,meningioma,Training,processed/kaggle_normalized/Training/meningioma/Tr-me_833.npz,train
Tr-gl_1118.npz,glioma,Training,processed/kaggle_normalized/Training/glioma/Tr-gl_1118.npz,train
Tr-gl_842.npz,glioma,Training,processed/kaggle_normalized/Training/glioma/Tr-gl_842.npz,train
Tr-pi_1350.npz,pituitary,Training,processed/kaggle_normalized/Training/pituitary/Tr-pi_1350.npz,train
Tr-gl_792.npz,glioma,Training,processed/kaggle_normalized/Training/glioma/Tr-gl_792.npz,train
Tr-gl_845.npz,glioma,Training,processed/kaggle_normalized/Training/glioma/Tr-gl_845.npz,train
Tr-no_615.npz,notumor,Training,processed/kaggle_normalized/Training/notumor/Tr-no_615.npz,train
Tr-me_493.npz,meningioma,Training,processed/kaggle_normalized/Training/meningioma/Tr-me_493.npz,train
Tr-pi_1013.npz,pituitary,Training,processed/kaggle_normalized/Training/pituitary/Tr-pi_1013.npz,train
Tr-me_1135.npz,meningioma,Training,processed/kaggle_normalized/Training/meningioma/Tr-me_1135.npz,train
Tr-no_603.npz,notumor,Training,processed/kaggle_normalized/Training/notumor/Tr-no_603.npz,train
Tr-gl_945.npz,glioma,Training,processed/kaggle_normalized/Training/glioma/Tr-gl_945.npz,train
Tr-no_744.npz,notumor,Training,processed/kaggle_normalized/Training/notumor/Tr-no_744.npz,train
Tr-gl_1376.npz,glioma,Training,processed/kaggle_normalized/Training/glioma/Tr-gl_1376.npz,train
Tr-pi_747.npz,pituitary,Training,processed/kaggle_normalized/Training/pituitary/Tr-pi_747.npz,train
Tr-me_781.npz,meningioma,Training,processed/kaggle_normalized/Training/meningioma/Tr-me_781.npz,train
Tr-no_905.npz,notumor,Training,processed/kaggle_normalized/Training/notumor/Tr-no_905.npz,train
Tr-no_1031.npz,notumor,Training,processed/kaggle_normalized/Training/notumor/Tr-no_1031.npz,train
Tr-no_429.npz,notumor,Training,processed/kaggle_normalized/Training/notumor/Tr-no_429.npz,train
Tr-pi_301.npz,pituitary,Training,processed/kaggle_normalized/Training/pituitary/Tr-pi_301.npz,train
Tr-pi_825.npz,pituitary,Training,processed/kaggle_normalized/Training/pituitary/Tr-pi_825.npz,train
Tr-no_714.npz,notumor,Training,processed/kaggle_normalized/Training/notumor/Tr-no_714.npz,train
Tr-gl_387.npz,glioma,Training,processed/kaggle_normalized/Training/glioma/Tr-gl_387.npz,train
Tr-gl_820.npz,glioma,Training,processed/kaggle_normalized/Training/glioma/Tr-gl_820.npz,train
Tr-no_1316.npz,notumor,Training,processed/kaggle_normalized/Training/notumor/Tr-no_1316.npz,train
Tr-pi_578.npz,pituitary,Training,processed/kaggle_normalized/Training/pituitary/Tr-pi_578.npz,train
Tr-no_498.npz,notumor,Training,processed/kaggle_normalized/Training/notumor/Tr-no_498.npz,train
Tr-me_847.npz,meningioma,Training,processed/kaggle_normalized/Training/meningioma/Tr-me_847.npz,train
Tr-gl_70.npz,glioma,Training,processed/kaggle_normalized/Training/glioma/Tr-gl_70.npz,train
Tr-no_713.npz,notumor,Training,processed/kaggle_normalized/Training/notumor/Tr-no_713.npz,train
Tr-me_186.npz,meningioma,Training,processed/kaggle_normalized/Training/meningioma/Tr-me_186.npz,train
Tr-no_1247.npz,notumor,Training,processed/kaggle_normalized/Training/notumor/Tr-no_1247.npz,train
Tr-pi_1254.npz,pituitary,Training,processed/kaggle_normalized/Training/pituitary/Tr-pi_1254.npz,train
Tr-gl_372.npz,glioma,Training,processed/kaggle_normalized/Training/glioma/Tr-gl_372.npz,train
Tr-pi_426.npz,pituitary,Training,processed/kaggle_normalized/Training/pituitary/Tr-pi_426.npz,train
Tr-no_811.npz,notumor,Training,processed/kaggle_normalized/Training/notumor/Tr-no_811.npz,train
Tr-me_1166.npz,meningioma,Training,processed/kaggle_normalized/Training/meningioma/Tr-me_1166.npz,train
Tr-no_531.npz,notumor,Training,processed/kaggle_normalized/Training/notumor/Tr-no_531.npz,train
Tr-me_310.npz,meningioma,Training,processed/kaggle_normalized/Training/meningioma/Tr-me_310.npz,train
Tr-me_507.npz,meningioma,Training,processed/kaggle_normalized/Training/meningioma/Tr-me_507.npz,train
Tr-me_442.npz,meningioma,Training,processed/kaggle_normalized/Training/meningioma/Tr-me_442.npz,train
Tr-pi_655.npz,pituitary,Training,processed/kaggle_normalized/Training/pituitary/Tr-pi_655.npz,train
Tr-gl_762.npz,glioma,Training,processed/kaggle_normalized/Training/glioma/Tr-gl_762.npz,train
Tr-no_1379.npz,notumor,Training,processed/kaggle_normalized/Training/notumor/Tr-no_1379.npz,train
Tr-gl_904.npz,glioma,Training,processed/kaggle_normalized/Training/glioma/Tr-gl_904.npz,train
Tr-pi_493.npz,pituitary,Training,processed/kaggle_normalized/Training/pituitary/Tr-pi_493.npz,train
Tr-gl_162.npz,glioma,Training,processed/kaggle_normalized/Training/glioma/Tr-gl_162.npz,train
Tr-pi_812.npz,pituitary,Training,processed/kaggle_normalized/Training/pituitary/Tr-pi_812.npz,train
Tr-pi_1381.npz,pituitary,Training,processed/kaggle_normalized/Training/pituitary/Tr-pi_1381.npz,train
Tr-no_780.npz,notumor,Training,processed/kaggle_normalized/Training/notumor/Tr-no_780.npz,train
Tr-pi_968.npz,pituitary,Training,processed/kaggle_normalized/Training/pituitary/Tr-pi_968.npz,train
Tr-me_448.npz,meningioma,Training,processed/kaggle_normalized/Training/meningioma/Tr-me_448.npz,train
Tr-gl_73.npz,glioma,Training,processed/kaggle_normalized/Training/glioma/Tr-gl_73.npz,train
Tr-gl_186.npz,glioma,Training,processed/kaggle_normalized/Training/glioma/Tr-gl_186.npz,train
Tr-aug-me_75.npz,meningioma,Training,processed/kaggle_normalized/Training/meningioma/Tr-aug-me_75.npz,train
Tr-me_50.npz,meningioma,Training,processed/kaggle_normalized/Training/meningioma/Tr-me_50.npz,train
Tr-me_943.npz,meningioma,Training,processed/kaggle_normalized/Training/meningioma/Tr-me_943.npz,train
Tr-me_190.npz,meningioma,Training,processed/kaggle_normalized/Training/meningioma/Tr-me_190.npz,train
Tr-me_1279.npz,meningioma,Training,processed/kaggle_normalized/Training/meningioma/Tr-me_1279.npz,train
Tr-gl_390.npz,glioma,Training,processed/kaggle_normalized/Training/glioma/Tr-gl_390.npz,train
Tr-gl_647.npz,glioma,Training,processed/kaggle_normalized/Training/glioma/Tr-gl_647.npz,train
Tr-me_117.npz,meningioma,Training,processed/kaggle_normalized/Training/meningioma/Tr-me_117.npz,train
Tr-pi_908.npz,pituitary,Training,processed/kaggle_normalized/Training/pituitary/Tr-pi_908.npz,train
Tr-no_1390.npz,notumor,Training,processed/kaggle_normalized/Training/notumor/Tr-no_1390.npz,train
Tr-pi_160.npz,pituitary,Training,processed/kaggle_normalized/Training/pituitary/Tr-pi_160.npz,train
Tr-me_58.npz,meningioma,Training,processed/kaggle_normalized/Training/meningioma/Tr-me_58.npz,train
Tr-no_448.npz,notumor,Training,processed/kaggle_normalized/Training/notumor/Tr-no_448.npz,train
Tr-me_994.npz,meningioma,Training,processed/kaggle_normalized/Training/meningioma/Tr-me_994.npz,train
Tr-me_1238.npz,meningioma,Training,processed/kaggle_normalized/Training/meningioma/Tr-me_1238.npz,train
Tr-pi_931.npz,pituitary,Training,processed/kaggle_normalized/Training/pituitary/Tr-pi_931.npz,train
Tr-gl_27.npz,glioma,Training,processed/kaggle_normalized/Training/glioma/Tr-gl_27.npz,train
Tr-me_178.npz,meningioma,Training,processed/kaggle_normalized/Training/meningioma/Tr-me_178.npz,train
Tr-no_653.npz,notumor,Training,processed/kaggle_normalized/Training/notumor/Tr-no_653.npz,train
Tr-pi_1226.npz,pituitary,Training,processed/kaggle_normalized/Training/pituitary/Tr-pi_1226.npz,train
Tr-no_1049.npz,notumor,Training,processed/kaggle_normalized/Training/notumor/Tr-no_1049.npz,train
Tr-no_685.npz,notumor,Training,processed/kaggle_normalized/Training/notumor/Tr-no_685.npz,train
Tr-pi_565.npz,pituitary,Training,processed/kaggle_normalized/Training/pituitary/Tr-pi_565.npz,train
Tr-gl_871.npz,glioma,Training,processed/kaggle_normalized/Training/glioma/Tr-gl_871.npz,train
Tr-pi_749.npz,pituitary,Training,processed/kaggle_normalized/Training/pituitary/Tr-pi_749.npz,train
Tr-pi_356.npz,pituitary,Training,processed/kaggle_normalized/Training/pituitary/Tr-pi_356.npz,train
Tr-me_987.npz,meningioma,Training,processed/kaggle_normalized/Training/meningioma/Tr-me_987.npz,train
Tr-me_903.npz,meningioma,Training,processed/kaggle_normalized/Training/meningioma/Tr-me_903.npz,train
Tr-pi_1184.npz,pituitary,Training,processed/kaggle_normalized/Training/pituitary/Tr-pi_1184.npz,train
Tr-me_447.npz,meningioma,Training,processed/kaggle_normalized/Training/meningioma/Tr-me_447.npz,train
Tr-gl_868.npz,glioma,Training,processed/kaggle_normalized/Training/glioma/Tr-gl_868.npz,train
Tr-no_812.npz,notumor,Training,processed/kaggle_normalized/Training/notumor/Tr-no_812.npz,train
Tr-pi_531.npz,pituitary,Training,processed/kaggle_normalized/Training/pituitary/Tr-pi_531.npz,train
Tr-pi_1269.npz,pituitary,Training,processed/kaggle_normalized/Training/pituitary/Tr-pi_1269.npz,train
Tr-no_972.npz,notumor,Training,processed/kaggle_normalized/Training/notumor/Tr-no_972.npz,train
Tr-pi_173.npz,pituitary,Training,processed/kaggle_normalized/Training/pituitary/Tr-pi_173.npz,train
Tr-gl_1346.npz,glioma,Training,processed/kaggle_normalized/Training/glioma/Tr-gl_1346.npz,train
Tr-me_1088.npz,meningioma,Training,processed/kaggle_normalized/Training/meningioma/Tr-me_1088.npz,train
Tr-no_604.npz,notumor,Training,processed/kaggle_normalized/Training/notumor/Tr-no_604.npz,train
Tr-no_566.npz,notumor,Training,processed/kaggle_normalized/Training/notumor/Tr-no_566.npz,train
Tr-pi_411.npz,pituitary,Training,processed/kaggle_normalized/Training/pituitary/Tr-pi_411.npz,train
Tr-no_21.npz,notumor,Training,processed/kaggle_normalized/Training/notumor/Tr-no_21.npz,train
Tr-gl_880.npz,glioma,Training,processed/kaggle_normalized/Training/glioma/Tr-gl_880.npz,train
Tr-no_210.npz,notumor,Training,processed/kaggle_normalized/Training/notumor/Tr-no_210.npz,train
Tr-pi_979.npz,pituitary,Training,processed/kaggle_normalized/Training/pituitary/Tr-pi_979.npz,train
Tr-gl_735.npz,glioma,Training,processed/kaggle_normalized/Training/glioma/Tr-gl_735.npz,train
Tr-gl_822.npz,glioma,Training,processed/kaggle_normalized/Training/glioma/Tr-gl_822.npz,train
Tr-no_1058.npz,notumor,Training,processed/kaggle_normalized/Training/notumor/Tr-no_1058.npz,train
Tr-no_294.npz,notumor,Training,processed/kaggle_normalized/Training/notumor/Tr-no_294.npz,train
Tr-gl_514.npz,glioma,Training,processed/kaggle_normalized/Training/glioma/Tr-gl_514.npz,train
Tr-gl_1085.npz,glioma,Training,processed/kaggle_normalized/Training/glioma/Tr-gl_1085.npz,train
Tr-gl_56.npz,glioma,Training,processed/kaggle_normalized/Training/glioma/Tr-gl_56.npz,train
Tr-gl_280.npz,glioma,Training,processed/kaggle_normalized/Training/glioma/Tr-gl_280.npz,train
Tr-gl_953.npz,glioma,Training,processed/kaggle_normalized/Training/glioma/Tr-gl_953.npz,train
Tr-me_860.npz,meningioma,Training,processed/kaggle_normalized/Training/meningioma/Tr-me_860.npz,train
Tr-gl_1331.npz,glioma,Training,processed/kaggle_normalized/Training/glioma/Tr-gl_1331.npz,train
Tr-no_1358.npz,notumor,Training,processed/kaggle_normalized/Training/notumor/Tr-no_1358.npz,train
Tr-pi_708.npz,pituitary,Training,processed/kaggle_normalized/Training/pituitary/Tr-pi_708.npz,train
Tr-pi_1278.npz,pituitary,Training,processed/kaggle_normalized/Training/pituitary/Tr-pi_1278.npz,train
Tr-pi_730.npz,pituitary,Training,processed/kaggle_normalized/Training/pituitary/Tr-pi_730.npz,train
Tr-me_28.npz,meningioma,Training,processed/kaggle_normalized/Training/meningioma/Tr-me_28.npz,train
Tr-no_1167.npz,notumor,Training,processed/kaggle_normalized/Training/notumor/Tr-no_1167.npz,train
Tr-no_947.npz,notumor,Training,processed/kaggle_normalized/Training/notumor/Tr-no_947.npz,train
Tr-no_1022.npz,notumor,Training,processed/kaggle_normalized/Training/notumor/Tr-no_1022.npz,train
Tr-no_463.npz,notumor,Training,processed/kaggle_normalized/Training/notumor/Tr-no_463.npz,train
Tr-me_331.npz,meningioma,Training,processed/kaggle_normalized/Training/meningioma/Tr-me_331.npz,train
Tr-no_1367.npz,notumor,Training,processed/kaggle_normalized/Training/notumor/Tr-no_1367.npz,train
Tr-no_509.npz,notumor,Training,processed/kaggle_normalized/Training/notumor/Tr-no_509.npz,train
Tr-no_781.npz,notumor,Training,processed/kaggle_normalized/Training/notumor/Tr-no_781.npz,train
Tr-pi_189.npz,pituitary,Training,processed/kaggle_normalized/Training/pituitary/Tr-pi_189.npz,train
Tr-gl_100.npz,glioma,Training,processed/kaggle_normalized/Training/glioma/Tr-gl_100.npz,train
Tr-me_367.npz,meningioma,Training,processed/kaggle_normalized/Training/meningioma/Tr-me_367.npz,train
Tr-pi_916.npz,pituitary,Training,processed/kaggle_normalized/Training/pituitary/Tr-pi_916.npz,train
Tr-gl_955.npz,glioma,Training,processed/kaggle_normalized/Training/glioma/Tr-gl_955.npz,train
Tr-gl_851.npz,glioma,Training,processed/kaggle_normalized/Training/glioma/Tr-gl_851.npz,train
Tr-pi_96.npz,pituitary,Training,processed/kaggle_normalized/Training/pituitary/Tr-pi_96.npz,train
Tr-me_1292.npz,meningioma,Training,processed/kaggle_normalized/Training/meningioma/Tr-me_1292.npz,train
Tr-me_548.npz,meningioma,Training,processed/kaggle_normalized/Training/meningioma/Tr-me_548.npz,train
Tr-me_44.npz,meningioma,Training,processed/kaggle_normalized/Training/meningioma/Tr-me_44.npz,train
Tr-pi_685.npz,pituitary,Training,processed/kaggle_normalized/Training/pituitary/Tr-pi_685.npz,train
Tr-no_430.npz,notumor,Training,processed/kaggle_normalized/Training/notumor/Tr-no_430.npz,train
Tr-pi_425.npz,pituitary,Training,processed/kaggle_normalized/Training/pituitary/Tr-pi_425.npz,train
Tr-gl_1191.npz,glioma,Training,processed/kaggle_normalized/Training/glioma/Tr-gl_1191.npz,train
Tr-me_35.npz,meningioma,Training,processed/kaggle_normalized/Training/meningioma/Tr-me_35.npz,train
Tr-pi_440.npz,pituitary,Training,processed/kaggle_normalized/Training/pituitary/Tr-pi_440.npz,train
Tr-gl_779.npz,glioma,Training,processed/kaggle_normalized/Training/glioma/Tr-gl_779.npz,train
Tr-me_351.npz,meningioma,Training,processed/kaggle_normalized/Training/meningioma/Tr-me_351.npz,train
Tr-pi_1362.npz,pituitary,Training,processed/kaggle_normalized/Training/pituitary/Tr-pi_1362.npz,train
Tr-no_644.npz,notumor,Training,processed/kaggle_normalized/Training/notumor/Tr-no_644.npz,train
Tr-me_572.npz,meningioma,Training,processed/kaggle_normalized/Training/meningioma/Tr-me_572.npz,train
Tr-pi_410.npz,pituitary,Training,processed/kaggle_normalized/Training/pituitary/Tr-pi_410.npz,train
Tr-gl_1286.npz,glioma,Training,processed/kaggle_normalized/Training/glioma/Tr-gl_1286.npz,train
Tr-gl_498.npz,glioma,Training,processed/kaggle_normalized/Training/glioma/Tr-gl_498.npz,train
Tr-me_743.npz,meningioma,Training,processed/kaggle_normalized/Training/meningioma/Tr-me_743.npz,train
Tr-pi_1011.npz,pituitary,Training,processed/kaggle_normalized/Training/pituitary/Tr-pi_1011.npz,train
Tr-aug-me_38.npz,meningioma,Training,processed/kaggle_normalized/Training/meningioma/Tr-aug-me_38.npz,train
Tr-gl_1001.npz,glioma,Training,processed/kaggle_normalized/Training/glioma/Tr-gl_1001.npz,train
Tr-me_1038.npz,meningioma,Training,processed/kaggle_normalized/Training/meningioma/Tr-me_1038.npz,train
Tr-me_94.npz,meningioma,Training,processed/kaggle_normalized/Training/meningioma/Tr-me_94.npz,train
Tr-pi_353.npz,pituitary,Training,processed/kaggle_normalized/Training/pituitary/Tr-pi_353.npz,train
Tr-no_1285.npz,notumor,Training,processed/kaggle_normalized/Training/notumor/Tr-no_1285.npz,train
Tr-pi_1130.npz,pituitary,Training,processed/kaggle_normalized/Training/pituitary/Tr-pi_1130.npz,train
Tr-gl_1002.npz,glioma,Training,processed/kaggle_normalized/Training/glioma/Tr-gl_1002.npz,train
Tr-pi_506.npz,pituitary,Training,processed/kaggle_normalized/Training/pituitary/Tr-pi_506.npz,train
Tr-no_877.npz,notumor,Training,processed/kaggle_normalized/Training/notumor/Tr-no_877.npz,train
Tr-pi_28.npz,pituitary,Training,processed/kaggle_normalized/Training/pituitary/Tr-pi_28.npz,train
Tr-no_1074.npz,notumor,Training,processed/kaggle_normalized/Training/notumor/Tr-no_1074.npz,train
Tr-me_1078.npz,meningioma,Training,processed/kaggle_normalized/Training/meningioma/Tr-me_1078.npz,train
Tr-me_672.npz,meningioma,Training,processed/kaggle_normalized/Training/meningioma/Tr-me_672.npz,train
Tr-no_572.npz,notumor,Training,processed/kaggle_normalized/Training/notumor/Tr-no_572.npz,train
Tr-gl_1291.npz,glioma,Training,processed/kaggle_normalized/Training/glioma/Tr-gl_1291.npz,train
Tr-no_73.npz,notumor,Training,processed/kaggle_normalized/Training/notumor/Tr-no_73.npz,train
Tr-gl_1384.npz,glioma,Training,processed/kaggle_normalized/Training/glioma/Tr-gl_1384.npz,train
Tr-gl_896.npz,glioma,Training,processed/kaggle_normalized/Training/glioma/Tr-gl_896.npz,train
Tr-aug-me_79.npz,meningioma,Training,processed/kaggle_normalized/Training/meningioma/Tr-aug-me_79.npz,train
Tr-pi_75.npz,pituitary,Training,processed/kaggle_normalized/Training/pituitary/Tr-pi_75.npz,train
Tr-no_731.npz,notumor,Training,processed/kaggle_normalized/Training/notumor/Tr-no_731.npz,train
Tr-pi_1057.npz,pituitary,Training,processed/kaggle_normalized/Training/pituitary/Tr-pi_1057.npz,train
Tr-aug-me_10.npz,meningioma,Training,processed/kaggle_normalized/Training/meningioma/Tr-aug-me_10.npz,train
Tr-pi_524.npz,pituitary,Training,processed/kaggle_normalized/Training/pituitary/Tr-pi_524.npz,train
Tr-no_829.npz,notumor,Training,processed/kaggle_normalized/Training/notumor/Tr-no_829.npz,train
Tr-no_569.npz,notumor,Training,processed/kaggle_normalized/Training/notumor/Tr-no_569.npz,train
Tr-me_703.npz,meningioma,Training,processed/kaggle_normalized/Training/meningioma/Tr-me_703.npz,train
Tr-no_567.npz,notumor,Training,processed/kaggle_normalized/Training/notumor/Tr-no_567.npz,train
Tr-pi_331.npz,pituitary,Training,processed/kaggle_normalized/Training/pituitary/Tr-pi_331.npz,train
Tr-no_457.npz,notumor,Training,processed/kaggle_normalized/Training/notumor/Tr-no_457.npz,train
Tr-pi_598.npz,pituitary,Training,processed/kaggle_normalized/Training/pituitary/Tr-pi_598.npz,train
Tr-me_425.npz,meningioma,Training,processed/kaggle_normalized/Training/meningioma/Tr-me_425.npz,train
Tr-no_1244.npz,notumor,Training,processed/kaggle_normalized/Training/notumor/Tr-no_1244.npz,train
Tr-pi_1030.npz,pituitary,Training,processed/kaggle_normalized/Training/pituitary/Tr-pi_1030.npz,train
Tr-gl_306.npz,glioma,Training,processed/kaggle_normalized/Training/glioma/Tr-gl_306.npz,train
Tr-me_1134.npz,meningioma,Training,processed/kaggle_normalized/Training/meningioma/Tr-me_1134.npz,train
Tr-gl_141.npz,glioma,Training,processed/kaggle_normalized/Training/glioma/Tr-gl_141.npz,train
Tr-me_467.npz,meningioma,Training,processed/kaggle_normalized/Training/meningioma/Tr-me_467.npz,train
Tr-pi_61.npz,pituitary,Training,processed/kaggle_normalized/Training/pituitary/Tr-pi_61.npz,train
Tr-pi_767.npz,pituitary,Training,processed/kaggle_normalized/Training/pituitary/Tr-pi_767.npz,train
Tr-me_499.npz,meningioma,Training,processed/kaggle_normalized/Training/meningioma/Tr-me_499.npz,train
Tr-me_573.npz,meningioma,Training,processed/kaggle_normalized/Training/meningioma/Tr-me_573.npz,train
Tr-gl_135.npz,glioma,Training,processed/kaggle_normalized/Training/glioma/Tr-gl_135.npz,train
Tr-gl_1306.npz,glioma,Training,processed/kaggle_normalized/Training/glioma/Tr-gl_1306.npz,train
Tr-gl_491.npz,glioma,Training,processed/kaggle_normalized/Training/glioma/Tr-gl_491.npz,train
Tr-me_106.npz,meningioma,Training,processed/kaggle_normalized/Training/meningioma/Tr-me_106.npz,train
Tr-no_1144.npz,notumor,Training,processed/kaggle_normalized/Training/notumor/Tr-no_1144.npz,train
Tr-me_618.npz,meningioma,Training,processed/kaggle_normalized/Training/meningioma/Tr-me_618.npz,train
Tr-gl_57.npz,glioma,Training,processed/kaggle_normalized/Training/glioma/Tr-gl_57.npz,train
Tr-me_1157.npz,meningioma,Training,processed/kaggle_normalized/Training/meningioma/Tr-me_1157.npz,train
Tr-gl_264.npz,glioma,Training,processed/kaggle_normalized/Training/glioma/Tr-gl_264.npz,train
Tr-no_645.npz,notumor,Training,processed/kaggle_normalized/Training/notumor/Tr-no_645.npz,train
Tr-no_1104.npz,notumor,Training,processed/kaggle_normalized/Training/notumor/Tr-no_1104.npz,train
Tr-no_413.npz,notumor,Training,processed/kaggle_normalized/Training/notumor/Tr-no_413.npz,train
Tr-pi_559.npz,pituitary,Training,processed/kaggle_normalized/Training/pituitary/Tr-pi_559.npz,train
Tr-no_1101.npz,notumor,Training,processed/kaggle_normalized/Training/notumor/Tr-no_1101.npz,train
Tr-gl_628.npz,glioma,Training,processed/kaggle_normalized/Training/glioma/Tr-gl_628.npz,train
Tr-pi_1261.npz,pituitary,Training,processed/kaggle_normalized/Training/pituitary/Tr-pi_1261.npz,train
Tr-me_1096.npz,meningioma,Training,processed/kaggle_normalized/Training/meningioma/Tr-me_1096.npz,train
Tr-pi_1118.npz,pituitary,Training,processed/kaggle_normalized/Training/pituitary/Tr-pi_1118.npz,train
Tr-gl_354.npz,glioma,Training,processed/kaggle_normalized/Training/glioma/Tr-gl_354.npz,train
Tr-pi_256.npz,pituitary,Training,processed/kaggle_normalized/Training/pituitary/Tr-pi_256.npz,train
Tr-gl_1104.npz,glioma,Training,processed/kaggle_normalized/Training/glioma/Tr-gl_1104.npz,train
Tr-pi_1347.npz,pituitary,Training,processed/kaggle_normalized/Training/pituitary/Tr-pi_1347.npz,train
Tr-pi_210.npz,pituitary,Training,processed/kaggle_normalized/Training/pituitary/Tr-pi_210.npz,train
Tr-pi_856.npz,pituitary,Training,processed/kaggle_normalized/Training/pituitary/Tr-pi_856.npz,train
Tr-gl_1232.npz,glioma,Training,processed/kaggle_normalized/Training/glioma/Tr-gl_1232.npz,train
Tr-me_1064.npz,meningioma,Training,processed/kaggle_normalized/Training/meningioma/Tr-me_1064.npz,train
Tr-gl_1223.npz,glioma,Training,processed/kaggle_normalized/Training/glioma/Tr-gl_1223.npz,train
Tr-gl_1340.npz,glioma,Training,processed/kaggle_normalized/Training/glioma/Tr-gl_1340.npz,train
Tr-gl_1371.npz,glioma,Training,processed/kaggle_normalized/Training/glioma/Tr-gl_1371.npz,train
Tr-no_773.npz,notumor,Training,processed/kaggle_normalized/Training/notumor/Tr-no_773.npz,train
Tr-me_586.npz,meningioma,Training,processed/kaggle_normalized/Training/meningioma/Tr-me_586.npz,train
Tr-me_132.npz,meningioma,Training,processed/kaggle_normalized/Training/meningioma/Tr-me_132.npz,train
Tr-me_705.npz,meningioma,Training,processed/kaggle_normalized/Training/meningioma/Tr-me_705.npz,train
Tr-me_1091.npz,meningioma,Training,processed/kaggle_normalized/Training/meningioma/Tr-me_1091.npz,train
Tr-no_1370.npz,notumor,Training,processed/kaggle_normalized/Training/notumor/Tr-no_1370.npz,train
Tr-gl_1026.npz,glioma,Training,processed/kaggle_normalized/Training/glioma/Tr-gl_1026.npz,train
Tr-me_1226.npz,meningioma,Training,processed/kaggle_normalized/Training/meningioma/Tr-me_1226.npz,train
Tr-gl_977.npz,glioma,Training,processed/kaggle_normalized/Training/glioma/Tr-gl_977.npz,train
Tr-pi_750.npz,pituitary,Training,processed/kaggle_normalized/Training/pituitary/Tr-pi_750.npz,train
Tr-no_892.npz,notumor,Training,processed/kaggle_normalized/Training/notumor/Tr-no_892.npz,train
Tr-no_208.npz,notumor,Training,processed/kaggle_normalized/Training/notumor/Tr-no_208.npz,train
Tr-gl_1.npz,glioma,Training,processed/kaggle_normalized/Training/glioma/Tr-gl_1.npz,train
Tr-pi_772.npz,pituitary,Training,processed/kaggle_normalized/Training/pituitary/Tr-pi_772.npz,train
Tr-pi_447.npz,pituitary,Training,processed/kaggle_normalized/Training/pituitary/Tr-pi_447.npz,train
Tr-me_484.npz,meningioma,Training,processed/kaggle_normalized/Training/meningioma/Tr-me_484.npz,train
Tr-pi_209.npz,pituitary,Training,processed/kaggle_normalized/Training/pituitary/Tr-pi_209.npz,train
Tr-gl_591.npz,glioma,Training,processed/kaggle_normalized/Training/glioma/Tr-gl_591.npz,train
Tr-no_1151.npz,notumor,Training,processed/kaggle_normalized/Training/notumor/Tr-no_1151.npz,train
Tr-me_305.npz,meningioma,Training,processed/kaggle_normalized/Training/meningioma/Tr-me_305.npz,train
Tr-gl_525.npz,glioma,Training,processed/kaggle_normalized/Training/glioma/Tr-gl_525.npz,train
Tr-pi_1026.npz,pituitary,Training,processed/kaggle_normalized/Training/pituitary/Tr-pi_1026.npz,train
Tr-pi_20.npz,pituitary,Training,processed/kaggle_normalized/Training/pituitary/Tr-pi_20.npz,train
Tr-me_104.npz,meningioma,Training,processed/kaggle_normalized/Training/meningioma/Tr-me_104.npz,train
Tr-gl_194.npz,glioma,Training,processed/kaggle_normalized/Training/glioma/Tr-gl_194.npz,train
Tr-no_920.npz,notumor,Training,processed/kaggle_normalized/Training/notumor/Tr-no_920.npz,train
Tr-pi_1047.npz,pituitary,Training,processed/kaggle_normalized/Training/pituitary/Tr-pi_1047.npz,train
Tr-pi_984.npz,pituitary,Training,processed/kaggle_normalized/Training/pituitary/Tr-pi_984.npz,train
Tr-no_1380.npz,notumor,Training,processed/kaggle_normalized/Training/notumor/Tr-no_1380.npz,train
Tr-no_1068.npz,notumor,Training,processed/kaggle_normalized/Training/notumor/Tr-no_1068.npz,train
Tr-gl_1324.npz,glioma,Training,processed/kaggle_normalized/Training/glioma/Tr-gl_1324.npz,train
Tr-me_234.npz,meningioma,Training,processed/kaggle_normalized/Training/meningioma/Tr-me_234.npz,train
Tr-no_1329.npz,notumor,Training,processed/kaggle_normalized/Training/notumor/Tr-no_1329.npz,train
Tr-me_313.npz,meningioma,Training,processed/kaggle_normalized/Training/meningioma/Tr-me_313.npz,train
Tr-no_224.npz,notumor,Training,processed/kaggle_normalized/Training/notumor/Tr-no_224.npz,train
Tr-pi_468.npz,pituitary,Training,processed/kaggle_normalized/Training/pituitary/Tr-pi_468.npz,train
Tr-gl_1178.npz,glioma,Training,processed/kaggle_normalized/Training/glioma/Tr-gl_1178.npz,train
Tr-no_785.npz,notumor,Training,processed/kaggle_normalized/Training/notumor/Tr-no_785.npz,train
Tr-gl_348.npz,glioma,Training,processed/kaggle_normalized/Training/glioma/Tr-gl_348.npz,train
Tr-gl_985.npz,glioma,Training,processed/kaggle_normalized/Training/glioma/Tr-gl_985.npz,train
Tr-gl_1321.npz,glioma,Training,processed/kaggle_normalized/Training/glioma/Tr-gl_1321.npz,train
Tr-no_897.npz,notumor,Training,processed/kaggle_normalized/Training/notumor/Tr-no_897.npz,train
Tr-pi_1018.npz,pituitary,Training,processed/kaggle_normalized/Training/pituitary/Tr-pi_1018.npz,train
Tr-no_472.npz,notumor,Training,processed/kaggle_normalized/Training/notumor/Tr-no_472.npz,train
Tr-no_387.npz,notumor,Training,processed/kaggle_normalized/Training/notumor/Tr-no_387.npz,train
Tr-pi_164.npz,pituitary,Training,processed/kaggle_normalized/Training/pituitary/Tr-pi_164.npz,train
Tr-pi_599.npz,pituitary,Training,processed/kaggle_normalized/Training/pituitary/Tr-pi_599.npz,train
Tr-pi_290.npz,pituitary,Training,processed/kaggle_normalized/Training/pituitary/Tr-pi_290.npz,train
Tr-gl_393.npz,glioma,Training,processed/kaggle_normalized/Training/glioma/Tr-gl_393.npz,train
Tr-no_1181.npz,notumor,Training,processed/kaggle_normalized/Training/notumor/Tr-no_1181.npz,train
Tr-gl_299.npz,glioma,Training,processed/kaggle_normalized/Training/glioma/Tr-gl_299.npz,train
Tr-me_1119.npz,meningioma,Training,processed/kaggle_normalized/Training/meningioma/Tr-me_1119.npz,train
Tr-aug-me_17.npz,meningioma,Training,processed/kaggle_normalized/Training/meningioma/Tr-aug-me_17.npz,train
Tr-no_538.npz,notumor,Training,processed/kaggle_normalized/Training/notumor/Tr-no_538.npz,train
Tr-me_945.npz,meningioma,Training,processed/kaggle_normalized/Training/meningioma/Tr-me_945.npz,train
Tr-pi_172.npz,pituitary,Training,processed/kaggle_normalized/Training/pituitary/Tr-pi_172.npz,train
Tr-no_287.npz,notumor,Training,processed/kaggle_normalized/Training/notumor/Tr-no_287.npz,train
Tr-gl_622.npz,glioma,Training,processed/kaggle_normalized/Training/glioma/Tr-gl_622.npz,train
Tr-gl_814.npz,glioma,Training,processed/kaggle_normalized/Training/glioma/Tr-gl_814.npz,train
Tr-gl_1273.npz,glioma,Training,processed/kaggle_normalized/Training/glioma/Tr-gl_1273.npz,train
Tr-no_666.npz,notumor,Training,processed/kaggle_normalized/Training/notumor/Tr-no_666.npz,train
Tr-me_785.npz,meningioma,Training,processed/kaggle_normalized/Training/meningioma/Tr-me_785.npz,train
Tr-pi_279.npz,pituitary,Training,processed/kaggle_normalized/Training/pituitary/Tr-pi_279.npz,train
Tr-no_360.npz,notumor,Training,processed/kaggle_normalized/Training/notumor/Tr-no_360.npz,train
Tr-me_791.npz,meningioma,Training,processed/kaggle_normalized/Training/meningioma/Tr-me_791.npz,train
Tr-me_73.npz,meningioma,Training,processed/kaggle_normalized/Training/meningioma/Tr-me_73.npz,train
Tr-no_15.npz,notumor,Training,processed/kaggle_normalized/Training/notumor/Tr-no_15.npz,train
Tr-pi_1287.npz,pituitary,Training,processed/kaggle_normalized/Training/pituitary/Tr-pi_1287.npz,train
Tr-pi_1200.npz,pituitary,Training,processed/kaggle_normalized/Training/pituitary/Tr-pi_1200.npz,train
Tr-me_1058.npz,meningioma,Training,processed/kaggle_normalized/Training/meningioma/Tr-me_1058.npz,train
Tr-gl_948.npz,glioma,Training,processed/kaggle_normalized/Training/glioma/Tr-gl_948.npz,train
Tr-me_1005.npz,meningioma,Training,processed/kaggle_normalized/Training/meningioma/Tr-me_1005.npz,train
Tr-pi_529.npz,pituitary,Training,processed/kaggle_normalized/Training/pituitary/Tr-pi_529.npz,train
Tr-pi_726.npz,pituitary,Training,processed/kaggle_normalized/Training/pituitary/Tr-pi_726.npz,train
Tr-pi_1131.npz,pituitary,Training,processed/kaggle_normalized/Training/pituitary/Tr-pi_1131.npz,train
Tr-no_838.npz,notumor,Training,processed/kaggle_normalized/Training/notumor/Tr-no_838.npz,train
Tr-me_1059.npz,meningioma,Training,processed/kaggle_normalized/Training/meningioma/Tr-me_1059.npz,train
Tr-pi_935.npz,pituitary,Training,processed/kaggle_normalized/Training/pituitary/Tr-pi_935.npz,train
Tr-pi_461.npz,pituitary,Training,processed/kaggle_normalized/Training/pituitary/Tr-pi_461.npz,train
Tr-gl_41.npz,glioma,Training,processed/kaggle_normalized/Training/glioma/Tr-gl_41.npz,train
Tr-me_1129.npz,meningioma,Training,processed/kaggle_normalized/Training/meningioma/Tr-me_1129.npz,train
Tr-me_993.npz,meningioma,Training,processed/kaggle_normalized/Training/meningioma/Tr-me_993.npz,train
Tr-no_1246.npz,notumor,Training,processed/kaggle_normalized/Training/notumor/Tr-no_1246.npz,train
Tr-gl_1035.npz,glioma,Training,processed/kaggle_normalized/Training/glioma/Tr-gl_1035.npz,train
Tr-gl_403.npz,glioma,Training,processed/kaggle_normalized/Training/glioma/Tr-gl_403.npz,train
Tr-no_345.npz,notumor,Training,processed/kaggle_normalized/Training/notumor/Tr-no_345.npz,train
Tr-gl_294.npz,glioma,Training,processed/kaggle_normalized/Training/glioma/Tr-gl_294.npz,train
Tr-me_1153.npz,meningioma,Training,processed/kaggle_normalized/Training/meningioma/Tr-me_1153.npz,train
Tr-pi_732.npz,pituitary,Training,processed/kaggle_normalized/Training/pituitary/Tr-pi_732.npz,train
Tr-pi_928.npz,pituitary,Training,processed/kaggle_normalized/Training/pituitary/Tr-pi_928.npz,train
Tr-gl_1355.npz,glioma,Training,processed/kaggle_normalized/Training/glioma/Tr-gl_1355.npz,train
Tr-pi_1128.npz,pituitary,Training,processed/kaggle_normalized/Training/pituitary/Tr-pi_1128.npz,train
Tr-me_543.npz,meningioma,Training,processed/kaggle_normalized/Training/meningioma/Tr-me_543.npz,train
Tr-gl_1322.npz,glioma,Training,processed/kaggle_normalized/Training/glioma/Tr-gl_1322.npz,train
Tr-no_692.npz,notumor,Training,processed/kaggle_normalized/Training/notumor/Tr-no_692.npz,train
Tr-no_381.npz,notumor,Training,processed/kaggle_normalized/Training/notumor/Tr-no_381.npz,train
Tr-no_1075.npz,notumor,Training,processed/kaggle_normalized/Training/notumor/Tr-no_1075.npz,train
Tr-no_27.npz,notumor,Training,processed/kaggle_normalized/Training/notumor/Tr-no_27.npz,train
Tr-pi_438.npz,pituitary,Training,processed/kaggle_normalized/Training/pituitary/Tr-pi_438.npz,train
Tr-gl_1330.npz,glioma,Training,processed/kaggle_normalized/Training/glioma/Tr-gl_1330.npz,train
Tr-me_927.npz,meningioma,Training,processed/kaggle_normalized/Training/meningioma/Tr-me_927.npz,train
Tr-no_628.npz,notumor,Training,processed/kaggle_normalized/Training/notumor/Tr-no_628.npz,train
Tr-no_1178.npz,notumor,Training,processed/kaggle_normalized/Training/notumor/Tr-no_1178.npz,train
Tr-me_582.npz,meningioma,Training,processed/kaggle_normalized/Training/meningioma/Tr-me_582.npz,train
Tr-me_29.npz,meningioma,Training,processed/kaggle_normalized/Training/meningioma/Tr-me_29.npz,train
Tr-gl_443.npz,glioma,Training,processed/kaggle_normalized/Training/glioma/Tr-gl_443.npz,train
Tr-me_1052.npz,meningioma,Training,processed/kaggle_normalized/Training/meningioma/Tr-me_1052.npz,train
Tr-gl_1314.npz,glioma,Training,processed/kaggle_normalized/Training/glioma/Tr-gl_1314.npz,train
Tr-gl_74.npz,glioma,Training,processed/kaggle_normalized/Training/glioma/Tr-gl_74.npz,train
Tr-pi_692.npz,pituitary,Training,processed/kaggle_normalized/Training/pituitary/Tr-pi_692.npz,train
Tr-gl_1275.npz,glioma,Training,processed/kaggle_normalized/Training/glioma/Tr-gl_1275.npz,train
Tr-gl_1172.npz,glioma,Training,processed/kaggle_normalized/Training/glioma/Tr-gl_1172.npz,train
Tr-pi_1365.npz,pituitary,Training,processed/kaggle_normalized/Training/pituitary/Tr-pi_1365.npz,train
Tr-pi_635.npz,pituitary,Training,processed/kaggle_normalized/Training/pituitary/Tr-pi_635.npz,train
Tr-me_1253.npz,meningioma,Training,processed/kaggle_normalized/Training/meningioma/Tr-me_1253.npz,train
Tr-gl_1132.npz,glioma,Training,processed/kaggle_normalized/Training/glioma/Tr-gl_1132.npz,train
Tr-pi_659.npz,pituitary,Training,processed/kaggle_normalized/Training/pituitary/Tr-pi_659.npz,train
Tr-gl_627.npz,glioma,Training,processed/kaggle_normalized/Training/glioma/Tr-gl_627.npz,train
Tr-me_248.npz,meningioma,Training,processed/kaggle_normalized/Training/meningioma/Tr-me_248.npz,train
Tr-pi_1137.npz,pituitary,Training,processed/kaggle_normalized/Training/pituitary/Tr-pi_1137.npz,train
Tr-gl_268.npz,glioma,Training,processed/kaggle_normalized/Training/glioma/Tr-gl_268.npz,train
Tr-me_597.npz,meningioma,Training,processed/kaggle_normalized/Training/meningioma/Tr-me_597.npz,train
Tr-pi_637.npz,pituitary,Training,processed/kaggle_normalized/Training/pituitary/Tr-pi_637.npz,train
Tr-pi_1250.npz,pituitary,Training,processed/kaggle_normalized/Training/pituitary/Tr-pi_1250.npz,train
Tr-pi_1275.npz,pituitary,Training,processed/kaggle_normalized/Training/pituitary/Tr-pi_1275.npz,train
Tr-me_124.npz,meningioma,Training,processed/kaggle_normalized/Training/meningioma/Tr-me_124.npz,train
Tr-pi_1319.npz,pituitary,Training,processed/kaggle_normalized/Training/pituitary/Tr-pi_1319.npz,train
Tr-no_926.npz,notumor,Training,processed/kaggle_normalized/Training/notumor/Tr-no_926.npz,train
Tr-me_714.npz,meningioma,Training,processed/kaggle_normalized/Training/meningioma/Tr-me_714.npz,train
Tr-no_746.npz,notumor,Training,processed/kaggle_normalized/Training/notumor/Tr-no_746.npz,train
Tr-pi_900.npz,pituitary,Training,processed/kaggle_normalized/Training/pituitary/Tr-pi_900.npz,train
Tr-no_906.npz,notumor,Training,processed/kaggle_normalized/Training/notumor/Tr-no_906.npz,train
Tr-pi_110.npz,pituitary,Training,processed/kaggle_normalized/Training/pituitary/Tr-pi_110.npz,train
Tr-me_61.npz,meningioma,Training,processed/kaggle_normalized/Training/meningioma/Tr-me_61.npz,train
Tr-no_32.npz,notumor,Training,processed/kaggle_normalized/Training/notumor/Tr-no_32.npz,train
Tr-pi_926.npz,pituitary,Training,processed/kaggle_normalized/Training/pituitary/Tr-pi_926.npz,train
Tr-me_904.npz,meningioma,Training,processed/kaggle_normalized/Training/meningioma/Tr-me_904.npz,train
Tr-gl_17.npz,glioma,Training,processed/kaggle_normalized/Training/glioma/Tr-gl_17.npz,train
Tr-aug-me_2.npz,meningioma,Training,processed/kaggle_normalized/Training/meningioma/Tr-aug-me_2.npz,train
Tr-me_220.npz,meningioma,Training,processed/kaggle_normalized/Training/meningioma/Tr-me_220.npz,train
Tr-gl_168.npz,glioma,Training,processed/kaggle_normalized/Training/glioma/Tr-gl_168.npz,train
Tr-gl_1250.npz,glioma,Training,processed/kaggle_normalized/Training/glioma/Tr-gl_1250.npz,train
Tr-gl_718.npz,glioma,Training,processed/kaggle_normalized/Training/glioma/Tr-gl_718.npz,train
Tr-no_1340.npz,notumor,Training,processed/kaggle_normalized/Training/notumor/Tr-no_1340.npz,train
Tr-gl_547.npz,glioma,Training,processed/kaggle_normalized/Training/glioma/Tr-gl_547.npz,train
Tr-gl_115.npz,glioma,Training,processed/kaggle_normalized/Training/glioma/Tr-gl_115.npz,train
Tr-no_161.npz,notumor,Training,processed/kaggle_normalized/Training/notumor/Tr-no_161.npz,train
Tr-me_54.npz,meningioma,Training,processed/kaggle_normalized/Training/meningioma/Tr-me_54.npz,train
Tr-me_948.npz,meningioma,Training,processed/kaggle_normalized/Training/meningioma/Tr-me_948.npz,train
Tr-gl_274.npz,glioma,Training,processed/kaggle_normalized/Training/glioma/Tr-gl_274.npz,train
Tr-gl_526.npz,glioma,Training,processed/kaggle_normalized/Training/glioma/Tr-gl_526.npz,train
Tr-no_631.npz,notumor,Training,processed/kaggle_normalized/Training/notumor/Tr-no_631.npz,train
Tr-gl_1310.npz,glioma,Training,processed/kaggle_normalized/Training/glioma/Tr-gl_1310.npz,train
Tr-pi_714.npz,pituitary,Training,processed/kaggle_normalized/Training/pituitary/Tr-pi_714.npz,train
Tr-pi_398.npz,pituitary,Training,processed/kaggle_normalized/Training/pituitary/Tr-pi_398.npz,train
Tr-gl_519.npz,glioma,Training,processed/kaggle_normalized/Training/glioma/Tr-gl_519.npz,train
Tr-gl_1182.npz,glioma,Training,processed/kaggle_normalized/Training/glioma/Tr-gl_1182.npz,train
Tr-pi_1375.npz,pituitary,Training,processed/kaggle_normalized/Training/pituitary/Tr-pi_1375.npz,train
Tr-no_686.npz,notumor,Training,processed/kaggle_normalized/Training/notumor/Tr-no_686.npz,train
Tr-pi_1175.npz,pituitary,Training,processed/kaggle_normalized/Training/pituitary/Tr-pi_1175.npz,train
Tr-no_272.npz,notumor,Training,processed/kaggle_normalized/Training/notumor/Tr-no_272.npz,train
Tr-gl_1341.npz,glioma,Training,processed/kaggle_normalized/Training/glioma/Tr-gl_1341.npz,train
Tr-gl_1086.npz,glioma,Training,processed/kaggle_normalized/Training/glioma/Tr-gl_1086.npz,train
Tr-no_1226.npz,notumor,Training,processed/kaggle_normalized/Training/notumor/Tr-no_1226.npz,train
Tr-no_425.npz,notumor,Training,processed/kaggle_normalized/Training/notumor/Tr-no_425.npz,train
Tr-gl_1192.npz,glioma,Training,processed/kaggle_normalized/Training/glioma/Tr-gl_1192.npz,train
Tr-pi_1290.npz,pituitary,Training,processed/kaggle_normalized/Training/pituitary/Tr-pi_1290.npz,train
Tr-gl_51.npz,glioma,Training,processed/kaggle_normalized/Training/glioma/Tr-gl_51.npz,train
Tr-gl_946.npz,glioma,Training,processed/kaggle_normalized/Training/glioma/Tr-gl_946.npz,train
Tr-gl_1150.npz,glioma,Training,processed/kaggle_normalized/Training/glioma/Tr-gl_1150.npz,train
Tr-no_1037.npz,notumor,Training,processed/kaggle_normalized/Training/notumor/Tr-no_1037.npz,train
Tr-no_549.npz,notumor,Training,processed/kaggle_normalized/Training/notumor/Tr-no_549.npz,train
Tr-me_789.npz,meningioma,Training,processed/kaggle_normalized/Training/meningioma/Tr-me_789.npz,train
Tr-aug-me_76.npz,meningioma,Training,processed/kaggle_normalized/Training/meningioma/Tr-aug-me_76.npz,train
Tr-no_153.npz,notumor,Training,processed/kaggle_normalized/Training/notumor/Tr-no_153.npz,train
Tr-pi_936.npz,pituitary,Training,processed/kaggle_normalized/Training/pituitary/Tr-pi_936.npz,train
Tr-no_356.npz,notumor,Training,processed/kaggle_normalized/Training/notumor/Tr-no_356.npz,train
Tr-gl_1071.npz,glioma,Training,processed/kaggle_normalized/Training/glioma/Tr-gl_1071.npz,train
Tr-pi_1342.npz,pituitary,Training,processed/kaggle_normalized/Training/pituitary/Tr-pi_1342.npz,train
Tr-no_1014.npz,notumor,Training,processed/kaggle_normalized/Training/notumor/Tr-no_1014.npz,train
Tr-gl_229.npz,glioma,Training,processed/kaggle_normalized/Training/glioma/Tr-gl_229.npz,train
Tr-no_606.npz,notumor,Training,processed/kaggle_normalized/Training/notumor/Tr-no_606.npz,train
Tr-gl_121.npz,glioma,Training,processed/kaggle_normalized/Training/glioma/Tr-gl_121.npz,train
Tr-me_160.npz,meningioma,Training,processed/kaggle_normalized/Training/meningioma/Tr-me_160.npz,train
Tr-gl_212.npz,glioma,Training,processed/kaggle_normalized/Training/glioma/Tr-gl_212.npz,train
Tr-pi_346.npz,pituitary,Training,processed/kaggle_normalized/Training/pituitary/Tr-pi_346.npz,train
Tr-me_606.npz,meningioma,Training,processed/kaggle_normalized/Training/meningioma/Tr-me_606.npz,train
Tr-me_823.npz,meningioma,Training,processed/kaggle_normalized/Training/meningioma/Tr-me_823.npz,train
Tr-no_678.npz,notumor,Training,processed/kaggle_normalized/Training/notumor/Tr-no_678.npz,train
Tr-no_1212.npz,notumor,Training,processed/kaggle_normalized/Training/notumor/Tr-no_1212.npz,train
Tr-gl_567.npz,glioma,Training,processed/kaggle_normalized/Training/glioma/Tr-gl_567.npz,train
Tr-no_749.npz,notumor,Training,processed/kaggle_normalized/Training/notumor/Tr-no_749.npz,train
Tr-no_754.npz,notumor,Training,processed/kaggle_normalized/Training/notumor/Tr-no_754.npz,train
Tr-no_937.npz,notumor,Training,processed/kaggle_normalized/Training/notumor/Tr-no_937.npz,train
Tr-aug-me_16.npz,meningioma,Training,processed/kaggle_normalized/Training/meningioma/Tr-aug-me_16.npz,train
Tr-me_509.npz,meningioma,Training,processed/kaggle_normalized/Training/meningioma/Tr-me_509.npz,train
Tr-me_443.npz,meningioma,Training,processed/kaggle_normalized/Training/meningioma/Tr-me_443.npz,train
Tr-me_266.npz,meningioma,Training,processed/kaggle_normalized/Training/meningioma/Tr-me_266.npz,train
Tr-me_737.npz,meningioma,Training,processed/kaggle_normalized/Training/meningioma/Tr-me_737.npz,train
Tr-no_601.npz,notumor,Training,processed/kaggle_normalized/Training/notumor/Tr-no_601.npz,train
Tr-me_899.npz,meningioma,Training,processed/kaggle_normalized/Training/meningioma/Tr-me_899.npz,train
Tr-pi_553.npz,pituitary,Training,processed/kaggle_normalized/Training/pituitary/Tr-pi_553.npz,train
Tr-pi_98.npz,pituitary,Training,processed/kaggle_normalized/Training/pituitary/Tr-pi_98.npz,train
Tr-aug-me_1.npz,meningioma,Training,processed/kaggle_normalized/Training/meningioma/Tr-aug-me_1.npz,train
Tr-gl_1325.npz,glioma,Training,processed/kaggle_normalized/Training/glioma/Tr-gl_1325.npz,train
Tr-no_5.npz,notumor,Training,processed/kaggle_normalized/Training/notumor/Tr-no_5.npz,train
Tr-gl_43.npz,glioma,Training,processed/kaggle_normalized/Training/glioma/Tr-gl_43.npz,train
Tr-no_546.npz,notumor,Training,processed/kaggle_normalized/Training/notumor/Tr-no_546.npz,train
Tr-gl_254.npz,glioma,Training,processed/kaggle_normalized/Training/glioma/Tr-gl_254.npz,train
Tr-me_611.npz,meningioma,Training,processed/kaggle_normalized/Training/meningioma/Tr-me_611.npz,train
Tr-no_512.npz,notumor,Training,processed/kaggle_normalized/Training/notumor/Tr-no_512.npz,train
Tr-me_188.npz,meningioma,Training,processed/kaggle_normalized/Training/meningioma/Tr-me_188.npz,train
Tr-no_650.npz,notumor,Training,processed/kaggle_normalized/Training/notumor/Tr-no_650.npz,train
Tr-pi_1163.npz,pituitary,Training,processed/kaggle_normalized/Training/pituitary/Tr-pi_1163.npz,train
Tr-pi_175.npz,pituitary,Training,processed/kaggle_normalized/Training/pituitary/Tr-pi_175.npz,train
Tr-no_33.npz,notumor,Training,processed/kaggle_normalized/Training/notumor/Tr-no_33.npz,train
Tr-pi_763.npz,pituitary,Training,processed/kaggle_normalized/Training/pituitary/Tr-pi_763.npz,train
Tr-no_1320.npz,notumor,Training,processed/kaggle_normalized/Training/notumor/Tr-no_1320.npz,train
Tr-me_496.npz,meningioma,Training,processed/kaggle_normalized/Training/meningioma/Tr-me_496.npz,train
Tr-gl_112.npz,glioma,Training,processed/kaggle_normalized/Training/glioma/Tr-gl_112.npz,train
Tr-gl_1266.npz,glioma,Training,processed/kaggle_normalized/Training/glioma/Tr-gl_1266.npz,train
Tr-pi_990.npz,pituitary,Training,processed/kaggle_normalized/Training/pituitary/Tr-pi_990.npz,train
Tr-gl_1278.npz,glioma,Training,processed/kaggle_normalized/Training/glioma/Tr-gl_1278.npz,train
Tr-gl_1212.npz,glioma,Training,processed/kaggle_normalized/Training/glioma/Tr-gl_1212.npz,train
Tr-me_862.npz,meningioma,Training,processed/kaggle_normalized/Training/meningioma/Tr-me_862.npz,train
Tr-no_361.npz,notumor,Training,processed/kaggle_normalized/Training/notumor/Tr-no_361.npz,train
Tr-gl_489.npz,glioma,Training,processed/kaggle_normalized/Training/glioma/Tr-gl_489.npz,train
Tr-no_317.npz,notumor,Training,processed/kaggle_normalized/Training/notumor/Tr-no_317.npz,train
Tr-no_338.npz,notumor,Training,processed/kaggle_normalized/Training/notumor/Tr-no_338.npz,train
Tr-me_1237.npz,meningioma,Training,processed/kaggle_normalized/Training/meningioma/Tr-me_1237.npz,train
Tr-me_332.npz,meningioma,Training,processed/kaggle_normalized/Training/meningioma/Tr-me_332.npz,train
Tr-no_18.npz,notumor,Training,processed/kaggle_normalized/Training/notumor/Tr-no_18.npz,train
Tr-no_1294.npz,notumor,Training,processed/kaggle_normalized/Training/notumor/Tr-no_1294.npz,train
Tr-gl_59.npz,glioma,Training,processed/kaggle_normalized/Training/glioma/Tr-gl_59.npz,train
Tr-no_50.npz,notumor,Training,processed/kaggle_normalized/Training/notumor/Tr-no_50.npz,train
Tr-me_210.npz,meningioma,Training,processed/kaggle_normalized/Training/meningioma/Tr-me_210.npz,train
Tr-pi_436.npz,pituitary,Training,processed/kaggle_normalized/Training/pituitary/Tr-pi_436.npz,train
Tr-me_691.npz,meningioma,Training,processed/kaggle_normalized/Training/meningioma/Tr-me_691.npz,train
Tr-gl_1211.npz,glioma,Training,processed/kaggle_normalized/Training/glioma/Tr-gl_1211.npz,train
Tr-me_1139.npz,meningioma,Training,processed/kaggle_normalized/Training/meningioma/Tr-me_1139.npz,train
Tr-no_822.npz,notumor,Training,processed/kaggle_normalized/Training/notumor/Tr-no_822.npz,train
Tr-pi_389.npz,pituitary,Training,processed/kaggle_normalized/Training/pituitary/Tr-pi_389.npz,train
Tr-pi_327.npz,pituitary,Training,processed/kaggle_normalized/Training/pituitary/Tr-pi_327.npz,train
Tr-pi_1160.npz,pituitary,Training,processed/kaggle_normalized/Training/pituitary/Tr-pi_1160.npz,train
Tr-gl_328.npz,glioma,Training,processed/kaggle_normalized/Training/glioma/Tr-gl_328.npz,train
Tr-gl_169.npz,glioma,Training,processed/kaggle_normalized/Training/glioma/Tr-gl_169.npz,train
Tr-no_1175.npz,notumor,Training,processed/kaggle_normalized/Training/notumor/Tr-no_1175.npz,train
Tr-no_523.npz,notumor,Training,processed/kaggle_normalized/Training/notumor/Tr-no_523.npz,train
Tr-gl_639.npz,glioma,Training,processed/kaggle_normalized/Training/glioma/Tr-gl_639.npz,train
Tr-me_1182.npz,meningioma,Training,processed/kaggle_normalized/Training/meningioma/Tr-me_1182.npz,train
Tr-me_1104.npz,meningioma,Training,processed/kaggle_normalized/Training/meningioma/Tr-me_1104.npz,train
Tr-pi_647.npz,pituitary,Training,processed/kaggle_normalized/Training/pituitary/Tr-pi_647.npz,train
Tr-me_636.npz,meningioma,Training,processed/kaggle_normalized/Training/meningioma/Tr-me_636.npz,train
Tr-gl_1272.npz,glioma,Training,processed/kaggle_normalized/Training/glioma/Tr-gl_1272.npz,train
Tr-gl_660.npz,glioma,Training,processed/kaggle_normalized/Training/glioma/Tr-gl_660.npz,train
Tr-pi_996.npz,pituitary,Training,processed/kaggle_normalized/Training/pituitary/Tr-pi_996.npz,train
Tr-gl_1101.npz,glioma,Training,processed/kaggle_normalized/Training/glioma/Tr-gl_1101.npz,train
Tr-me_849.npz,meningioma,Training,processed/kaggle_normalized/Training/meningioma/Tr-me_849.npz,train
Tr-gl_1323.npz,glioma,Training,processed/kaggle_normalized/Training/glioma/Tr-gl_1323.npz,train
Tr-no_401.npz,notumor,Training,processed/kaggle_normalized/Training/notumor/Tr-no_401.npz,train
Tr-aug-me_24.npz,meningioma,Training,processed/kaggle_normalized/Training/meningioma/Tr-aug-me_24.npz,train
Tr-me_32.npz,meningioma,Training,processed/kaggle_normalized/Training/meningioma/Tr-me_32.npz,train
Tr-no_868.npz,notumor,Training,processed/kaggle_normalized/Training/notumor/Tr-no_868.npz,train
Tr-pi_193.npz,pituitary,Training,processed/kaggle_normalized/Training/pituitary/Tr-pi_193.npz,train
Tr-aug-me_81.npz,meningioma,Training,processed/kaggle_normalized/Training/meningioma/Tr-aug-me_81.npz,train
Tr-me_119.npz,meningioma,Training,processed/kaggle_normalized/Training/meningioma/Tr-me_119.npz,train
Tr-no_557.npz,notumor,Training,processed/kaggle_normalized/Training/notumor/Tr-no_557.npz,train
Tr-me_537.npz,meningioma,Training,processed/kaggle_normalized/Training/meningioma/Tr-me_537.npz,train
Tr-pi_814.npz,pituitary,Training,processed/kaggle_normalized/Training/pituitary/Tr-pi_814.npz,train
Tr-pi_158.npz,pituitary,Training,processed/kaggle_normalized/Training/pituitary/Tr-pi_158.npz,train
Tr-no_1157.npz,notumor,Training,processed/kaggle_normalized/Training/notumor/Tr-no_1157.npz,train
Tr-gl_919.npz,glioma,Training,processed/kaggle_normalized/Training/glioma/Tr-gl_919.npz,train
Tr-no_129.npz,notumor,Training,processed/kaggle_normalized/Training/notumor/Tr-no_129.npz,train
Tr-no_924.npz,notumor,Training,processed/kaggle_normalized/Training/notumor/Tr-no_924.npz,train
Tr-me_687.npz,meningioma,Training,processed/kaggle_normalized/Training/meningioma/Tr-me_687.npz,train
Tr-me_294.npz,meningioma,Training,processed/kaggle_normalized/Training/meningioma/Tr-me_294.npz,train
Tr-gl_578.npz,glioma,Training,processed/kaggle_normalized/Training/glioma/Tr-gl_578.npz,train
Tr-pi_314.npz,pituitary,Training,processed/kaggle_normalized/Training/pituitary/Tr-pi_314.npz,train
Tr-me_656.npz,meningioma,Training,processed/kaggle_normalized/Training/meningioma/Tr-me_656.npz,train
Tr-no_1326.npz,notumor,Training,processed/kaggle_normalized/Training/notumor/Tr-no_1326.npz,train
Tr-no_1073.npz,notumor,Training,processed/kaggle_normalized/Training/notumor/Tr-no_1073.npz,train
Tr-pi_422.npz,pituitary,Training,processed/kaggle_normalized/Training/pituitary/Tr-pi_422.npz,train
Tr-pi_716.npz,pituitary,Training,processed/kaggle_normalized/Training/pituitary/Tr-pi_716.npz,train
Tr-me_673.npz,meningioma,Training,processed/kaggle_normalized/Training/meningioma/Tr-me_673.npz,train
Tr-pi_657.npz,pituitary,Training,processed/kaggle_normalized/Training/pituitary/Tr-pi_657.npz,train
Tr-pi_134.npz,pituitary,Training,processed/kaggle_normalized/Training/pituitary/Tr-pi_134.npz,train
Tr-pi_1400.npz,pituitary,Training,processed/kaggle_normalized/Training/pituitary/Tr-pi_1400.npz,train
Tr-no_741.npz,notumor,Training,processed/kaggle_normalized/Training/notumor/Tr-no_741.npz,train
Tr-no_840.npz,notumor,Training,processed/kaggle_normalized/Training/notumor/Tr-no_840.npz,train
Tr-me_390.npz,meningioma,Training,processed/kaggle_normalized/Training/meningioma/Tr-me_390.npz,train
Tr-no_880.npz,notumor,Training,processed/kaggle_normalized/Training/notumor/Tr-no_880.npz,train
Tr-no_930.npz,notumor,Training,processed/kaggle_normalized/Training/notumor/Tr-no_930.npz,train
Tr-aug-me_61.npz,meningioma,Training,processed/kaggle_normalized/Training/meningioma/Tr-aug-me_61.npz,train
Tr-gl_696.npz,glioma,Training,processed/kaggle_normalized/Training/glioma/Tr-gl_696.npz,train
Tr-pi_724.npz,pituitary,Training,processed/kaggle_normalized/Training/pituitary/Tr-pi_724.npz,train
Tr-no_879.npz,notumor,Training,processed/kaggle_normalized/Training/notumor/Tr-no_879.npz,train
Tr-no_199.npz,notumor,Training,processed/kaggle_normalized/Training/notumor/Tr-no_199.npz,train
Tr-gl_1152.npz,glioma,Training,processed/kaggle_normalized/Training/glioma/Tr-gl_1152.npz,train
Tr-no_286.npz,notumor,Training,processed/kaggle_normalized/Training/notumor/Tr-no_286.npz,train
Tr-me_274.npz,meningioma,Training,processed/kaggle_normalized/Training/meningioma/Tr-me_274.npz,train
Tr-no_1305.npz,notumor,Training,processed/kaggle_normalized/Training/notumor/Tr-no_1305.npz,train
Tr-gl_123.npz,glioma,Training,processed/kaggle_normalized/Training/glioma/Tr-gl_123.npz,train
Tr-me_505.npz,meningioma,Training,processed/kaggle_normalized/Training/meningioma/Tr-me_505.npz,train
Tr-no_1018.npz,notumor,Training,processed/kaggle_normalized/Training/notumor/Tr-no_1018.npz,train
Tr-pi_177.npz,pituitary,Training,processed/kaggle_normalized/Training/pituitary/Tr-pi_177.npz,train
Tr-no_298.npz,notumor,Training,processed/kaggle_normalized/Training/notumor/Tr-no_298.npz,train
Tr-no_570.npz,notumor,Training,processed/kaggle_normalized/Training/notumor/Tr-no_570.npz,train
Tr-no_8.npz,notumor,Training,processed/kaggle_normalized/Training/notumor/Tr-no_8.npz,train
Tr-me_1220.npz,meningioma,Training,processed/kaggle_normalized/Training/meningioma/Tr-me_1220.npz,train
Tr-no_1061.npz,notumor,Training,processed/kaggle_normalized/Training/notumor/Tr-no_1061.npz,train
Tr-pi_47.npz,pituitary,Training,processed/kaggle_normalized/Training/pituitary/Tr-pi_47.npz,train
Tr-no_220.npz,notumor,Training,processed/kaggle_normalized/Training/notumor/Tr-no_220.npz,train
Tr-pi_1190.npz,pituitary,Training,processed/kaggle_normalized/Training/pituitary/Tr-pi_1190.npz,train
Tr-me_196.npz,meningioma,Training,processed/kaggle_normalized/Training/meningioma/Tr-me_196.npz,train
Tr-me_99.npz,meningioma,Training,processed/kaggle_normalized/Training/meningioma/Tr-me_99.npz,train
Tr-gl_289.npz,glioma,Training,processed/kaggle_normalized/Training/glioma/Tr-gl_289.npz,train
Tr-pi_664.npz,pituitary,Training,processed/kaggle_normalized/Training/pituitary/Tr-pi_664.npz,train
Tr-no_640.npz,notumor,Training,processed/kaggle_normalized/Training/notumor/Tr-no_640.npz,train
Tr-me_1028.npz,meningioma,Training,processed/kaggle_normalized/Training/meningioma/Tr-me_1028.npz,train
Tr-pi_949.npz,pituitary,Training,processed/kaggle_normalized/Training/pituitary/Tr-pi_949.npz,train
Tr-pi_1240.npz,pituitary,Training,processed/kaggle_normalized/Training/pituitary/Tr-pi_1240.npz,train
Tr-pi_1389.npz,pituitary,Training,processed/kaggle_normalized/Training/pituitary/Tr-pi_1389.npz,train
Tr-gl_698.npz,glioma,Training,processed/kaggle_normalized/Training/glioma/Tr-gl_698.npz,train
Tr-no_1070.npz,notumor,Training,processed/kaggle_normalized/Training/notumor/Tr-no_1070.npz,train
Tr-pi_535.npz,pituitary,Training,processed/kaggle_normalized/Training/pituitary/Tr-pi_535.npz,train
Tr-no_285.npz,notumor,Training,processed/kaggle_normalized/Training/notumor/Tr-no_285.npz,train
Tr-gl_620.npz,glioma,Training,processed/kaggle_normalized/Training/glioma/Tr-gl_620.npz,train
Tr-gl_1147.npz,glioma,Training,processed/kaggle_normalized/Training/glioma/Tr-gl_1147.npz,train
Tr-me_139.npz,meningioma,Training,processed/kaggle_normalized/Training/meningioma/Tr-me_139.npz,train
Tr-pi_1233.npz,pituitary,Training,processed/kaggle_normalized/Training/pituitary/Tr-pi_1233.npz,train
Tr-gl_573.npz,glioma,Training,processed/kaggle_normalized/Training/glioma/Tr-gl_573.npz,train
Tr-pi_289.npz,pituitary,Training,processed/kaggle_normalized/Training/pituitary/Tr-pi_289.npz,train
Tr-me_1036.npz,meningioma,Training,processed/kaggle_normalized/Training/meningioma/Tr-me_1036.npz,train
Tr-no_1369.npz,notumor,Training,processed/kaggle_normalized/Training/notumor/Tr-no_1369.npz,train
Tr-aug-me_89.npz,meningioma,Training,processed/kaggle_normalized/Training/meningioma/Tr-aug-me_89.npz,train
Tr-no_423.npz,notumor,Training,processed/kaggle_normalized/Training/notumor/Tr-no_423.npz,train
Tr-no_614.npz,notumor,Training,processed/kaggle_normalized/Training/notumor/Tr-no_614.npz,train
Tr-me_338.npz,meningioma,Training,processed/kaggle_normalized/Training/meningioma/Tr-me_338.npz,train
Tr-no_740.npz,notumor,Training,processed/kaggle_normalized/Training/notumor/Tr-no_740.npz,train
Tr-pi_1256.npz,pituitary,Training,processed/kaggle_normalized/Training/pituitary/Tr-pi_1256.npz,train
Tr-pi_1132.npz,pituitary,Training,processed/kaggle_normalized/Training/pituitary/Tr-pi_1132.npz,train
Tr-me_398.npz,meningioma,Training,processed/kaggle_normalized/Training/meningioma/Tr-me_398.npz,train
Tr-gl_1259.npz,glioma,Training,processed/kaggle_normalized/Training/glioma/Tr-gl_1259.npz,train
Tr-gl_1164.npz,glioma,Training,processed/kaggle_normalized/Training/glioma/Tr-gl_1164.npz,train
Tr-no_941.npz,notumor,Training,processed/kaggle_normalized/Training/notumor/Tr-no_941.npz,train
Tr-pi_1311.npz,pituitary,Training,processed/kaggle_normalized/Training/pituitary/Tr-pi_1311.npz,train
Tr-no_1015.npz,notumor,Training,processed/kaggle_normalized/Training/notumor/Tr-no_1015.npz,train
Tr-gl_384.npz,glioma,Training,processed/kaggle_normalized/Training/glioma/Tr-gl_384.npz,train
Tr-me_702.npz,meningioma,Training,processed/kaggle_normalized/Training/meningioma/Tr-me_702.npz,train
Tr-me_1084.npz,meningioma,Training,processed/kaggle_normalized/Training/meningioma/Tr-me_1084.npz,train
Tr-pi_465.npz,pituitary,Training,processed/kaggle_normalized/Training/pituitary/Tr-pi_465.npz,train
Tr-gl_962.npz,glioma,Training,processed/kaggle_normalized/Training/glioma/Tr-gl_962.npz,train
Tr-gl_283.npz,glioma,Training,processed/kaggle_normalized/Training/glioma/Tr-gl_283.npz,train
Tr-gl_337.npz,glioma,Training,processed/kaggle_normalized/Training/glioma/Tr-gl_337.npz,train
Tr-gl_19.npz,glioma,Training,processed/kaggle_normalized/Training/glioma/Tr-gl_19.npz,train
Tr-gl_379.npz,glioma,Training,processed/kaggle_normalized/Training/glioma/Tr-gl_379.npz,train
Tr-gl_493.npz,glioma,Training,processed/kaggle_normalized/Training/glioma/Tr-gl_493.npz,train
Tr-no_1160.npz,notumor,Training,processed/kaggle_normalized/Training/notumor/Tr-no_1160.npz,train
Tr-me_492.npz,meningioma,Training,processed/kaggle_normalized/Training/meningioma/Tr-me_492.npz,train
Tr-no_299.npz,notumor,Training,processed/kaggle_normalized/Training/notumor/Tr-no_299.npz,train
Tr-aug-me_29.npz,meningioma,Training,processed/kaggle_normalized/Training/meningioma/Tr-aug-me_29.npz,train
Tr-gl_1389.npz,glioma,Training,processed/kaggle_normalized/Training/glioma/Tr-gl_1389.npz,train
Tr-no_1357.npz,notumor,Training,processed/kaggle_normalized/Training/notumor/Tr-no_1357.npz,train
Tr-me_199.npz,meningioma,Training,processed/kaggle_normalized/Training/meningioma/Tr-me_199.npz,train
Tr-pi_126.npz,pituitary,Training,processed/kaggle_normalized/Training/pituitary/Tr-pi_126.npz,train
Tr-me_964.npz,meningioma,Training,processed/kaggle_normalized/Training/meningioma/Tr-me_964.npz,train
Tr-gl_769.npz,glioma,Training,processed/kaggle_normalized/Training/glioma/Tr-gl_769.npz,train
Tr-me_526.npz,meningioma,Training,processed/kaggle_normalized/Training/meningioma/Tr-me_526.npz,train
Tr-gl_447.npz,glioma,Training,processed/kaggle_normalized/Training/glioma/Tr-gl_447.npz,train
Tr-no_857.npz,notumor,Training,processed/kaggle_normalized/Training/notumor/Tr-no_857.npz,train
Tr-pi_369.npz,pituitary,Training,processed/kaggle_normalized/Training/pituitary/Tr-pi_369.npz,train
Tr-no_519.npz,notumor,Training,processed/kaggle_normalized/Training/notumor/Tr-no_519.npz,train
Tr-no_706.npz,notumor,Training,processed/kaggle_normalized/Training/notumor/Tr-no_706.npz,train
Tr-no_1137.npz,notumor,Training,processed/kaggle_normalized/Training/notumor/Tr-no_1137.npz,train
Tr-pi_788.npz,pituitary,Training,processed/kaggle_normalized/Training/pituitary/Tr-pi_788.npz,train
Tr-no_443.npz,notumor,Training,processed/kaggle_normalized/Training/notumor/Tr-no_443.npz,train
Tr-me_815.npz,meningioma,Training,processed/kaggle_normalized/Training/meningioma/Tr-me_815.npz,train
Tr-pi_1227.npz,pituitary,Training,processed/kaggle_normalized/Training/pituitary/Tr-pi_1227.npz,train
Tr-me_312.npz,meningioma,Training,processed/kaggle_normalized/Training/meningioma/Tr-me_312.npz,train
Tr-pi_138.npz,pituitary,Training,processed/kaggle_normalized/Training/pituitary/Tr-pi_138.npz,train
Tr-gl_1020.npz,glioma,Training,processed/kaggle_normalized/Training/glioma/Tr-gl_1020.npz,train
Tr-gl_834.npz,glioma,Training,processed/kaggle_normalized/Training/glioma/Tr-gl_834.npz,train
Tr-me_697.npz,meningioma,Training,processed/kaggle_normalized/Training/meningioma/Tr-me_697.npz,train
Tr-no_422.npz,notumor,Training,processed/kaggle_normalized/Training/notumor/Tr-no_422.npz,train
Tr-no_350.npz,notumor,Training,processed/kaggle_normalized/Training/notumor/Tr-no_350.npz,train
Tr-pi_630.npz,pituitary,Training,processed/kaggle_normalized/Training/pituitary/Tr-pi_630.npz,train
Tr-me_183.npz,meningioma,Training,processed/kaggle_normalized/Training/meningioma/Tr-me_183.npz,train
Tr-pi_1140.npz,pituitary,Training,processed/kaggle_normalized/Training/pituitary/Tr-pi_1140.npz,train
Tr-no_1035.npz,notumor,Training,processed/kaggle_normalized/Training/notumor/Tr-no_1035.npz,train
Tr-no_887.npz,notumor,Training,processed/kaggle_normalized/Training/notumor/Tr-no_887.npz,train
Tr-me_648.npz,meningioma,Training,processed/kaggle_normalized/Training/meningioma/Tr-me_648.npz,train
Tr-no_125.npz,notumor,Training,processed/kaggle_normalized/Training/notumor/Tr-no_125.npz,train
Tr-me_16.npz,meningioma,Training,processed/kaggle_normalized/Training/meningioma/Tr-me_16.npz,train
Tr-me_135.npz,meningioma,Training,processed/kaggle_normalized/Training/meningioma/Tr-me_135.npz,train
Tr-pi_541.npz,pituitary,Training,processed/kaggle_normalized/Training/pituitary/Tr-pi_541.npz,train
Tr-pi_293.npz,pituitary,Training,processed/kaggle_normalized/Training/pituitary/Tr-pi_293.npz,train
Tr-me_1065.npz,meningioma,Training,processed/kaggle_normalized/Training/meningioma/Tr-me_1065.npz,train
Tr-me_1118.npz,meningioma,Training,processed/kaggle_normalized/Training/meningioma/Tr-me_1118.npz,train
Tr-pi_1334.npz,pituitary,Training,processed/kaggle_normalized/Training/pituitary/Tr-pi_1334.npz,train
Tr-gl_543.npz,glioma,Training,processed/kaggle_normalized/Training/glioma/Tr-gl_543.npz,train
Tr-me_631.npz,meningioma,Training,processed/kaggle_normalized/Training/meningioma/Tr-me_631.npz,train
Tr-me_540.npz,meningioma,Training,processed/kaggle_normalized/Training/meningioma/Tr-me_540.npz,train
Tr-no_1171.npz,notumor,Training,processed/kaggle_normalized/Training/notumor/Tr-no_1171.npz,train
Tr-pi_1022.npz,pituitary,Training,processed/kaggle_normalized/Training/pituitary/Tr-pi_1022.npz,train
Tr-pi_738.npz,pituitary,Training,processed/kaggle_normalized/Training/pituitary/Tr-pi_738.npz,train
Tr-pi_886.npz,pituitary,Training,processed/kaggle_normalized/Training/pituitary/Tr-pi_886.npz,train
Tr-me_230.npz,meningioma,Training,processed/kaggle_normalized/Training/meningioma/Tr-me_230.npz,train
Tr-no_219.npz,notumor,Training,processed/kaggle_normalized/Training/notumor/Tr-no_219.npz,train
Tr-gl_1328.npz,glioma,Training,processed/kaggle_normalized/Training/glioma/Tr-gl_1328.npz,train
Tr-gl_1097.npz,glioma,Training,processed/kaggle_normalized/Training/glioma/Tr-gl_1097.npz,train
Tr-gl_269.npz,glioma,Training,processed/kaggle_normalized/Training/glioma/Tr-gl_269.npz,train
Tr-me_830.npz,meningioma,Training,processed/kaggle_normalized/Training/meningioma/Tr-me_830.npz,train
Tr-no_410.npz,notumor,Training,processed/kaggle_normalized/Training/notumor/Tr-no_410.npz,train
Tr-no_194.npz,notumor,Training,processed/kaggle_normalized/Training/notumor/Tr-no_194.npz,train
Tr-gl_523.npz,glioma,Training,processed/kaggle_normalized/Training/glioma/Tr-gl_523.npz,train
Tr-gl_1000.npz,glioma,Training,processed/kaggle_normalized/Training/glioma/Tr-gl_1000.npz,train
Tr-me_1019.npz,meningioma,Training,processed/kaggle_normalized/Training/meningioma/Tr-me_1019.npz,train
Tr-no_918.npz,notumor,Training,processed/kaggle_normalized/Training/notumor/Tr-no_918.npz,train
Tr-me_758.npz,meningioma,Training,processed/kaggle_normalized/Training/meningioma/Tr-me_758.npz,train
Tr-no_1129.npz,notumor,Training,processed/kaggle_normalized/Training/notumor/Tr-no_1129.npz,train
Tr-me_1102.npz,meningioma,Training,processed/kaggle_normalized/Training/meningioma/Tr-me_1102.npz,train
Tr-gl_858.npz,glioma,Training,processed/kaggle_normalized/Training/glioma/Tr-gl_858.npz,train
Tr-me_1066.npz,meningioma,Training,processed/kaggle_normalized/Training/meningioma/Tr-me_1066.npz,train
Tr-pi_573.npz,pituitary,Training,processed/kaggle_normalized/Training/pituitary/Tr-pi_573.npz,train
Tr-gl_801.npz,glioma,Training,processed/kaggle_normalized/Training/glioma/Tr-gl_801.npz,train
Tr-pi_736.npz,pituitary,Training,processed/kaggle_normalized/Training/pituitary/Tr-pi_736.npz,train
Tr-me_330.npz,meningioma,Training,processed/kaggle_normalized/Training/meningioma/Tr-me_330.npz,train
Tr-pi_550.npz,pituitary,Training,processed/kaggle_normalized/Training/pituitary/Tr-pi_550.npz,train
Tr-me_383.npz,meningioma,Training,processed/kaggle_normalized/Training/meningioma/Tr-me_383.npz,train
Tr-no_1117.npz,notumor,Training,processed/kaggle_normalized/Training/notumor/Tr-no_1117.npz,train
Tr-no_938.npz,notumor,Training,processed/kaggle_normalized/Training/notumor/Tr-no_938.npz,train
Tr-no_634.npz,notumor,Training,processed/kaggle_normalized/Training/notumor/Tr-no_634.npz,train
Tr-no_331.npz,notumor,Training,processed/kaggle_normalized/Training/notumor/Tr-no_331.npz,train
Tr-pi_1097.npz,pituitary,Training,processed/kaggle_normalized/Training/pituitary/Tr-pi_1097.npz,train
Tr-me_877.npz,meningioma,Training,processed/kaggle_normalized/Training/meningioma/Tr-me_877.npz,train
Tr-pi_971.npz,pituitary,Training,processed/kaggle_normalized/Training/pituitary/Tr-pi_971.npz,train
Tr-no_60.npz,notumor,Training,processed/kaggle_normalized/Training/notumor/Tr-no_60.npz,train
Tr-no_408.npz,notumor,Training,processed/kaggle_normalized/Training/notumor/Tr-no_408.npz,train
Tr-me_1030.npz,meningioma,Training,processed/kaggle_normalized/Training/meningioma/Tr-me_1030.npz,train
Tr-no_324.npz,notumor,Training,processed/kaggle_normalized/Training/notumor/Tr-no_324.npz,train
Tr-pi_261.npz,pituitary,Training,processed/kaggle_normalized/Training/pituitary/Tr-pi_261.npz,train
Tr-me_166.npz,meningioma,Training,processed/kaggle_normalized/Training/meningioma/Tr-me_166.npz,train
Tr-me_829.npz,meningioma,Training,processed/kaggle_normalized/Training/meningioma/Tr-me_829.npz,train
Tr-no_442.npz,notumor,Training,processed/kaggle_normalized/Training/notumor/Tr-no_442.npz,train
Tr-no_630.npz,notumor,Training,processed/kaggle_normalized/Training/notumor/Tr-no_630.npz,train
Tr-gl_584.npz,glioma,Training,processed/kaggle_normalized/Training/glioma/Tr-gl_584.npz,train
Tr-pi_400.npz,pituitary,Training,processed/kaggle_normalized/Training/pituitary/Tr-pi_400.npz,train
Tr-me_740.npz,meningioma,Training,processed/kaggle_normalized/Training/meningioma/Tr-me_740.npz,train
Tr-pi_470.npz,pituitary,Training,processed/kaggle_normalized/Training/pituitary/Tr-pi_470.npz,train
Tr-me_129.npz,meningioma,Training,processed/kaggle_normalized/Training/meningioma/Tr-me_129.npz,train
Tr-no_102.npz,notumor,Training,processed/kaggle_normalized/Training/notumor/Tr-no_102.npz,train
Tr-gl_466.npz,glioma,Training,processed/kaggle_normalized/Training/glioma/Tr-gl_466.npz,train
Tr-me_616.npz,meningioma,Training,processed/kaggle_normalized/Training/meningioma/Tr-me_616.npz,train
Tr-pi_780.npz,pituitary,Training,processed/kaggle_normalized/Training/pituitary/Tr-pi_780.npz,train
Tr-gl_382.npz,glioma,Training,processed/kaggle_normalized/Training/glioma/Tr-gl_382.npz,train
Tr-me_1006.npz,meningioma,Training,processed/kaggle_normalized/Training/meningioma/Tr-me_1006.npz,train
Tr-me_1.npz,meningioma,Training,processed/kaggle_normalized/Training/meningioma/Tr-me_1.npz,train
Tr-pi_244.npz,pituitary,Training,processed/kaggle_normalized/Training/pituitary/Tr-pi_244.npz,train
Tr-me_1198.npz,meningioma,Training,processed/kaggle_normalized/Training/meningioma/Tr-me_1198.npz,train
Tr-pi_873.npz,pituitary,Training,processed/kaggle_normalized/Training/pituitary/Tr-pi_873.npz,train
Tr-no_819.npz,notumor,Training,processed/kaggle_normalized/Training/notumor/Tr-no_819.npz,train
Tr-no_804.npz,notumor,Training,processed/kaggle_normalized/Training/notumor/Tr-no_804.npz,train
Tr-no_671.npz,notumor,Training,processed/kaggle_normalized/Training/notumor/Tr-no_671.npz,train
Tr-no_1112.npz,notumor,Training,processed/kaggle_normalized/Training/notumor/Tr-no_1112.npz,train
Tr-me_651.npz,meningioma,Training,processed/kaggle_normalized/Training/meningioma/Tr-me_651.npz,train
Tr-no_983.npz,notumor,Training,processed/kaggle_normalized/Training/notumor/Tr-no_983.npz,train
Tr-no_1321.npz,notumor,Training,processed/kaggle_normalized/Training/notumor/Tr-no_1321.npz,train
Tr-gl_1337.npz,glioma,Training,processed/kaggle_normalized/Training/glioma/Tr-gl_1337.npz,train
Tr-gl_951.npz,glioma,Training,processed/kaggle_normalized/Training/glioma/Tr-gl_951.npz,train
Tr-pi_560.npz,pituitary,Training,processed/kaggle_normalized/Training/pituitary/Tr-pi_560.npz,train
Tr-pi_17.npz,pituitary,Training,processed/kaggle_normalized/Training/pituitary/Tr-pi_17.npz,train
Tr-no_403.npz,notumor,Training,processed/kaggle_normalized/Training/notumor/Tr-no_403.npz,train
Tr-me_403.npz,meningioma,Training,processed/kaggle_normalized/Training/meningioma/Tr-me_403.npz,train
Tr-no_896.npz,notumor,Training,processed/kaggle_normalized/Training/notumor/Tr-no_896.npz,train
Tr-gl_210.npz,glioma,Training,processed/kaggle_normalized/Training/glioma/Tr-gl_210.npz,train
Tr-pi_1385.npz,pituitary,Training,processed/kaggle_normalized/Training/pituitary/Tr-pi_1385.npz,train
Tr-pi_1129.npz,pituitary,Training,processed/kaggle_normalized/Training/pituitary/Tr-pi_1129.npz,train
Tr-me_79.npz,meningioma,Training,processed/kaggle_normalized/Training/meningioma/Tr-me_79.npz,train
Tr-pi_1199.npz,pituitary,Training,processed/kaggle_normalized/Training/pituitary/Tr-pi_1199.npz,train
Tr-gl_1218.npz,glioma,Training,processed/kaggle_normalized/Training/glioma/Tr-gl_1218.npz,train
Tr-pi_362.npz,pituitary,Training,processed/kaggle_normalized/Training/pituitary/Tr-pi_362.npz,train
Tr-no_737.npz,notumor,Training,processed/kaggle_normalized/Training/notumor/Tr-no_737.npz,train
Tr-no_1177.npz,notumor,Training,processed/kaggle_normalized/Training/notumor/Tr-no_1177.npz,train
Tr-gl_120.npz,glioma,Training,processed/kaggle_normalized/Training/glioma/Tr-gl_120.npz,train
Tr-me_130.npz,meningioma,Training,processed/kaggle_normalized/Training/meningioma/Tr-me_130.npz,train
Tr-pi_740.npz,pituitary,Training,processed/kaggle_normalized/Training/pituitary/Tr-pi_740.npz,train
Tr-pi_591.npz,pituitary,Training,processed/kaggle_normalized/Training/pituitary/Tr-pi_591.npz,train
Tr-gl_290.npz,glioma,Training,processed/kaggle_normalized/Training/glioma/Tr-gl_290.npz,train
Tr-no_788.npz,notumor,Training,processed/kaggle_normalized/Training/notumor/Tr-no_788.npz,train
Tr-me_563.npz,meningioma,Training,processed/kaggle_normalized/Training/meningioma/Tr-me_563.npz,train
Tr-gl_1003.npz,glioma,Training,processed/kaggle_normalized/Training/glioma/Tr-gl_1003.npz,train
Tr-no_303.npz,notumor,Training,processed/kaggle_normalized/Training/notumor/Tr-no_303.npz,train
Tr-pi_246.npz,pituitary,Training,processed/kaggle_normalized/Training/pituitary/Tr-pi_246.npz,train
Tr-me_1207.npz,meningioma,Training,processed/kaggle_normalized/Training/meningioma/Tr-me_1207.npz,train
Tr-me_519.npz,meningioma,Training,processed/kaggle_normalized/Training/meningioma/Tr-me_519.npz,train
Tr-no_475.npz,notumor,Training,processed/kaggle_normalized/Training/notumor/Tr-no_475.npz,train
Tr-no_525.npz,notumor,Training,processed/kaggle_normalized/Training/notumor/Tr-no_525.npz,train
Tr-me_940.npz,meningioma,Training,processed/kaggle_normalized/Training/meningioma/Tr-me_940.npz,train
Tr-pi_712.npz,pituitary,Training,processed/kaggle_normalized/Training/pituitary/Tr-pi_712.npz,train
Tr-aug-me_49.npz,meningioma,Training,processed/kaggle_normalized/Training/meningioma/Tr-aug-me_49.npz,train
Tr-gl_1136.npz,glioma,Training,processed/kaggle_normalized/Training/glioma/Tr-gl_1136.npz,train
Tr-gl_633.npz,glioma,Training,processed/kaggle_normalized/Training/glioma/Tr-gl_633.npz,train
Tr-pi_1355.npz,pituitary,Training,processed/kaggle_normalized/Training/pituitary/Tr-pi_1355.npz,train
Tr-pi_1230.npz,pituitary,Training,processed/kaggle_normalized/Training/pituitary/Tr-pi_1230.npz,train
Tr-no_899.npz,notumor,Training,processed/kaggle_normalized/Training/notumor/Tr-no_899.npz,train
Tr-pi_517.npz,pituitary,Training,processed/kaggle_normalized/Training/pituitary/Tr-pi_517.npz,train
Tr-pi_889.npz,pituitary,Training,processed/kaggle_normalized/Training/pituitary/Tr-pi_889.npz,train
Tr-pi_611.npz,pituitary,Training,processed/kaggle_normalized/Training/pituitary/Tr-pi_611.npz,train
Tr-gl_1186.npz,glioma,Training,processed/kaggle_normalized/Training/glioma/Tr-gl_1186.npz,train
Tr-no_708.npz,notumor,Training,processed/kaggle_normalized/Training/notumor/Tr-no_708.npz,train
Tr-gl_667.npz,glioma,Training,processed/kaggle_normalized/Training/glioma/Tr-gl_667.npz,train
Tr-gl_469.npz,glioma,Training,processed/kaggle_normalized/Training/glioma/Tr-gl_469.npz,train
Tr-no_1374.npz,notumor,Training,processed/kaggle_normalized/Training/notumor/Tr-no_1374.npz,train
Tr-gl_1093.npz,glioma,Training,processed/kaggle_normalized/Training/glioma/Tr-gl_1093.npz,train
Tr-pi_265.npz,pituitary,Training,processed/kaggle_normalized/Training/pituitary/Tr-pi_265.npz,train
Tr-me_374.npz,meningioma,Training,processed/kaggle_normalized/Training/meningioma/Tr-me_374.npz,train
Tr-no_312.npz,notumor,Training,processed/kaggle_normalized/Training/notumor/Tr-no_312.npz,train
Tr-gl_106.npz,glioma,Training,processed/kaggle_normalized/Training/glioma/Tr-gl_106.npz,train
Tr-gl_631.npz,glioma,Training,processed/kaggle_normalized/Training/glioma/Tr-gl_631.npz,train
Tr-gl_475.npz,glioma,Training,processed/kaggle_normalized/Training/glioma/Tr-gl_475.npz,train
Tr-me_760.npz,meningioma,Training,processed/kaggle_normalized/Training/meningioma/Tr-me_760.npz,train
Tr-gl_538.npz,glioma,Training,processed/kaggle_normalized/Training/glioma/Tr-gl_538.npz,train
Tr-me_1050.npz,meningioma,Training,processed/kaggle_normalized/Training/meningioma/Tr-me_1050.npz,train
Tr-pi_1348.npz,pituitary,Training,processed/kaggle_normalized/Training/pituitary/Tr-pi_1348.npz,train
Tr-pi_1029.npz,pituitary,Training,processed/kaggle_normalized/Training/pituitary/Tr-pi_1029.npz,train
Tr-pi_753.npz,pituitary,Training,processed/kaggle_normalized/Training/pituitary/Tr-pi_753.npz,train
Tr-pi_838.npz,pituitary,Training,processed/kaggle_normalized/Training/pituitary/Tr-pi_838.npz,train
Tr-me_917.npz,meningioma,Training,processed/kaggle_normalized/Training/meningioma/Tr-me_917.npz,train
Tr-me_1075.npz,meningioma,Training,processed/kaggle_normalized/Training/meningioma/Tr-me_1075.npz,train
Tr-pi_1042.npz,pituitary,Training,processed/kaggle_normalized/Training/pituitary/Tr-pi_1042.npz,train
Tr-no_584.npz,notumor,Training,processed/kaggle_normalized/Training/notumor/Tr-no_584.npz,train
Tr-pi_790.npz,pituitary,Training,processed/kaggle_normalized/Training/pituitary/Tr-pi_790.npz,train
Tr-gl_276.npz,glioma,Training,processed/kaggle_normalized/Training/glioma/Tr-gl_276.npz,train
Tr-pi_680.npz,pituitary,Training,processed/kaggle_normalized/Training/pituitary/Tr-pi_680.npz,train
Tr-gl_1057.npz,glioma,Training,processed/kaggle_normalized/Training/glioma/Tr-gl_1057.npz,train
Tr-pi_1194.npz,pituitary,Training,processed/kaggle_normalized/Training/pituitary/Tr-pi_1194.npz,train
Tr-gl_366.npz,glioma,Training,processed/kaggle_normalized/Training/glioma/Tr-gl_366.npz,train
Tr-gl_1015.npz,glioma,Training,processed/kaggle_normalized/Training/glioma/Tr-gl_1015.npz,train
Tr-pi_394.npz,pituitary,Training,processed/kaggle_normalized/Training/pituitary/Tr-pi_394.npz,train
Tr-me_946.npz,meningioma,Training,processed/kaggle_normalized/Training/meningioma/Tr-me_946.npz,train
Tr-aug-me_78.npz,meningioma,Training,processed/kaggle_normalized/Training/meningioma/Tr-aug-me_78.npz,train
Tr-pi_221.npz,pituitary,Training,processed/kaggle_normalized/Training/pituitary/Tr-pi_221.npz,train
Tr-me_36.npz,meningioma,Training,processed/kaggle_normalized/Training/meningioma/Tr-me_36.npz,train
Tr-pi_1318.npz,pituitary,Training,processed/kaggle_normalized/Training/pituitary/Tr-pi_1318.npz,train
Tr-gl_1036.npz,glioma,Training,processed/kaggle_normalized/Training/glioma/Tr-gl_1036.npz,train
Tr-me_892.npz,meningioma,Training,processed/kaggle_normalized/Training/meningioma/Tr-me_892.npz,train
Tr-me_231.npz,meningioma,Training,processed/kaggle_normalized/Training/meningioma/Tr-me_231.npz,train
Tr-no_459.npz,notumor,Training,processed/kaggle_normalized/Training/notumor/Tr-no_459.npz,train
Tr-no_689.npz,notumor,Training,processed/kaggle_normalized/Training/notumor/Tr-no_689.npz,train
Tr-pi_940.npz,pituitary,Training,processed/kaggle_normalized/Training/pituitary/Tr-pi_940.npz,train
Tr-gl_82.npz,glioma,Training,processed/kaggle_normalized/Training/glioma/Tr-gl_82.npz,train
Tr-pi_864.npz,pituitary,Training,processed/kaggle_normalized/Training/pituitary/Tr-pi_864.npz,train
Tr-no_1259.npz,notumor,Training,processed/kaggle_normalized/Training/notumor/Tr-no_1259.npz,train
Tr-pi_287.npz,pituitary,Training,processed/kaggle_normalized/Training/pituitary/Tr-pi_287.npz,train
Tr-gl_957.npz,glioma,Training,processed/kaggle_normalized/Training/glioma/Tr-gl_957.npz,train
Tr-pi_1248.npz,pituitary,Training,processed/kaggle_normalized/Training/pituitary/Tr-pi_1248.npz,train
Tr-gl_552.npz,glioma,Training,processed/kaggle_normalized/Training/glioma/Tr-gl_552.npz,train
Tr-gl_95.npz,glioma,Training,processed/kaggle_normalized/Training/glioma/Tr-gl_95.npz,train
Tr-me_808.npz,meningioma,Training,processed/kaggle_normalized/Training/meningioma/Tr-me_808.npz,train
Tr-gl_898.npz,glioma,Training,processed/kaggle_normalized/Training/glioma/Tr-gl_898.npz,train
Tr-no_366.npz,notumor,Training,processed/kaggle_normalized/Training/notumor/Tr-no_366.npz,train
Tr-no_291.npz,notumor,Training,processed/kaggle_normalized/Training/notumor/Tr-no_291.npz,train
Tr-pi_27.npz,pituitary,Training,processed/kaggle_normalized/Training/pituitary/Tr-pi_27.npz,train
Tr-gl_1391.npz,glioma,Training,processed/kaggle_normalized/Training/glioma/Tr-gl_1391.npz,train
Tr-no_684.npz,notumor,Training,processed/kaggle_normalized/Training/notumor/Tr-no_684.npz,train
Tr-me_909.npz,meningioma,Training,processed/kaggle_normalized/Training/meningioma/Tr-me_909.npz,train
Tr-me_352.npz,meningioma,Training,processed/kaggle_normalized/Training/meningioma/Tr-me_352.npz,train
Tr-gl_907.npz,glioma,Training,processed/kaggle_normalized/Training/glioma/Tr-gl_907.npz,train
Tr-no_682.npz,notumor,Training,processed/kaggle_normalized/Training/notumor/Tr-no_682.npz,train
Tr-gl_426.npz,glioma,Training,processed/kaggle_normalized/Training/glioma/Tr-gl_426.npz,train
Tr-no_118.npz,notumor,Training,processed/kaggle_normalized/Training/notumor/Tr-no_118.npz,train
Tr-pi_16.npz,pituitary,Training,processed/kaggle_normalized/Training/pituitary/Tr-pi_16.npz,train
Tr-no_203.npz,notumor,Training,processed/kaggle_normalized/Training/notumor/Tr-no_203.npz,train
Tr-pi_116.npz,pituitary,Training,processed/kaggle_normalized/Training/pituitary/Tr-pi_116.npz,train
Tr-gl_618.npz,glioma,Training,processed/kaggle_normalized/Training/glioma/Tr-gl_618.npz,train
Tr-me_72.npz,meningioma,Training,processed/kaggle_normalized/Training/meningioma/Tr-me_72.npz,train
Tr-no_1290.npz,notumor,Training,processed/kaggle_normalized/Training/notumor/Tr-no_1290.npz,train
Tr-no_113.npz,notumor,Training,processed/kaggle_normalized/Training/notumor/Tr-no_113.npz,train
Tr-gl_555.npz,glioma,Training,processed/kaggle_normalized/Training/glioma/Tr-gl_555.npz,train
Tr-me_883.npz,meningioma,Training,processed/kaggle_normalized/Training/meningioma/Tr-me_883.npz,train
Tr-no_252.npz,notumor,Training,processed/kaggle_normalized/Training/notumor/Tr-no_252.npz,train
Tr-no_792.npz,notumor,Training,processed/kaggle_normalized/Training/notumor/Tr-no_792.npz,train
Tr-me_523.npz,meningioma,Training,processed/kaggle_normalized/Training/meningioma/Tr-me_523.npz,train
Tr-no_861.npz,notumor,Training,processed/kaggle_normalized/Training/notumor/Tr-no_861.npz,train
Tr-no_1053.npz,notumor,Training,processed/kaggle_normalized/Training/notumor/Tr-no_1053.npz,train
Tr-gl_350.npz,glioma,Training,processed/kaggle_normalized/Training/glioma/Tr-gl_350.npz,train
Tr-gl_97.npz,glioma,Training,processed/kaggle_normalized/Training/glioma/Tr-gl_97.npz,train
Tr-me_275.npz,meningioma,Training,processed/kaggle_normalized/Training/meningioma/Tr-me_275.npz,train
Tr-pi_1107.npz,pituitary,Training,processed/kaggle_normalized/Training/pituitary/Tr-pi_1107.npz,train
Tr-me_708.npz,meningioma,Training,processed/kaggle_normalized/Training/meningioma/Tr-me_708.npz,train
Tr-no_985.npz,notumor,Training,processed/kaggle_normalized/Training/notumor/Tr-no_985.npz,train
Tr-pi_292.npz,pituitary,Training,processed/kaggle_normalized/Training/pituitary/Tr-pi_292.npz,train
Tr-gl_1388.npz,glioma,Training,processed/kaggle_normalized/Training/glioma/Tr-gl_1388.npz,train
Tr-no_1040.npz,notumor,Training,processed/kaggle_normalized/Training/notumor/Tr-no_1040.npz,train
Tr-pi_1382.npz,pituitary,Training,processed/kaggle_normalized/Training/pituitary/Tr-pi_1382.npz,train
Tr-no_404.npz,notumor,Training,processed/kaggle_normalized/Training/notumor/Tr-no_404.npz,train
Tr-me_497.npz,meningioma,Training,processed/kaggle_normalized/Training/meningioma/Tr-me_497.npz,train
Tr-gl_195.npz,glioma,Training,processed/kaggle_normalized/Training/glioma/Tr-gl_195.npz,train
Tr-aug-me_13.npz,meningioma,Training,processed/kaggle_normalized/Training/meningioma/Tr-aug-me_13.npz,train
Tr-pi_34.npz,pituitary,Training,processed/kaggle_normalized/Training/pituitary/Tr-pi_34.npz,train
Tr-pi_845.npz,pituitary,Training,processed/kaggle_normalized/Training/pituitary/Tr-pi_845.npz,train
Tr-no_91.npz,notumor,Training,processed/kaggle_normalized/Training/notumor/Tr-no_91.npz,train
Tr-gl_492.npz,glioma,Training,processed/kaggle_normalized/Training/glioma/Tr-gl_492.npz,train
Tr-me_242.npz,meningioma,Training,processed/kaggle_normalized/Training/meningioma/Tr-me_242.npz,train
Tr-no_489.npz,notumor,Training,processed/kaggle_normalized/Training/notumor/Tr-no_489.npz,train
Tr-no_1377.npz,notumor,Training,processed/kaggle_normalized/Training/notumor/Tr-no_1377.npz,train
Tr-pi_1109.npz,pituitary,Training,processed/kaggle_normalized/Training/pituitary/Tr-pi_1109.npz,train
Tr-me_179.npz,meningioma,Training,processed/kaggle_normalized/Training/meningioma/Tr-me_179.npz,train
Tr-gl_485.npz,glioma,Training,processed/kaggle_normalized/Training/glioma/Tr-gl_485.npz,train
Tr-pi_202.npz,pituitary,Training,processed/kaggle_normalized/Training/pituitary/Tr-pi_202.npz,train
Tr-me_475.npz,meningioma,Training,processed/kaggle_normalized/Training/meningioma/Tr-me_475.npz,train
Tr-gl_505.npz,glioma,Training,processed/kaggle_normalized/Training/glioma/Tr-gl_505.npz,train
Tr-no_1312.npz,notumor,Training,processed/kaggle_normalized/Training/notumor/Tr-no_1312.npz,train
Tr-no_783.npz,notumor,Training,processed/kaggle_normalized/Training/notumor/Tr-no_783.npz,train
Tr-pi_22.npz,pituitary,Training,processed/kaggle_normalized/Training/pituitary/Tr-pi_22.npz,train
Tr-me_1069.npz,meningioma,Training,processed/kaggle_normalized/Training/meningioma/Tr-me_1069.npz,train
Tr-no_197.npz,notumor,Training,processed/kaggle_normalized/Training/notumor/Tr-no_197.npz,train
Tr-no_1333.npz,notumor,Training,processed/kaggle_normalized/Training/notumor/Tr-no_1333.npz,train
Tr-pi_78.npz,pituitary,Training,processed/kaggle_normalized/Training/pituitary/Tr-pi_78.npz,train
Tr-gl_255.npz,glioma,Training,processed/kaggle_normalized/Training/glioma/Tr-gl_255.npz,train
Tr-gl_200.npz,glioma,Training,processed/kaggle_normalized/Training/glioma/Tr-gl_200.npz,train
Tr-me_1251.npz,meningioma,Training,processed/kaggle_normalized/Training/meningioma/Tr-me_1251.npz,train
Tr-pi_966.npz,pituitary,Training,processed/kaggle_normalized/Training/pituitary/Tr-pi_966.npz,train
Tr-no_56.npz,notumor,Training,processed/kaggle_normalized/Training/notumor/Tr-no_56.npz,train
Tr-no_1143.npz,notumor,Training,processed/kaggle_normalized/Training/notumor/Tr-no_1143.npz,train
Tr-pi_1211.npz,pituitary,Training,processed/kaggle_normalized/Training/pituitary/Tr-pi_1211.npz,train
Tr-me_25.npz,meningioma,Training,processed/kaggle_normalized/Training/meningioma/Tr-me_25.npz,train
Tr-no_1158.npz,notumor,Training,processed/kaggle_normalized/Training/notumor/Tr-no_1158.npz,train
Tr-pi_1004.npz,pituitary,Training,processed/kaggle_normalized/Training/pituitary/Tr-pi_1004.npz,train
Tr-gl_363.npz,glioma,Training,processed/kaggle_normalized/Training/glioma/Tr-gl_363.npz,train
Tr-no_696.npz,notumor,Training,processed/kaggle_normalized/Training/notumor/Tr-no_696.npz,train
Tr-me_100.npz,meningioma,Training,processed/kaggle_normalized/Training/meningioma/Tr-me_100.npz,train
Tr-me_941.npz,meningioma,Training,processed/kaggle_normalized/Training/meningioma/Tr-me_941.npz,train
Tr-me_932.npz,meningioma,Training,processed/kaggle_normalized/Training/meningioma/Tr-me_932.npz,train
Tr-me_1252.npz,meningioma,Training,processed/kaggle_normalized/Training/meningioma/Tr-me_1252.npz,train
Tr-gl_324.npz,glioma,Training,processed/kaggle_normalized/Training/glioma/Tr-gl_324.npz,train
Tr-no_764.npz,notumor,Training,processed/kaggle_normalized/Training/notumor/Tr-no_764.npz,train
Tr-no_957.npz,notumor,Training,processed/kaggle_normalized/Training/notumor/Tr-no_957.npz,train
Tr-pi_904.npz,pituitary,Training,processed/kaggle_normalized/Training/pituitary/Tr-pi_904.npz,train
Tr-gl_714.npz,glioma,Training,processed/kaggle_normalized/Training/glioma/Tr-gl_714.npz,train
Tr-no_652.npz,notumor,Training,processed/kaggle_normalized/Training/notumor/Tr-no_652.npz,train
Tr-me_928.npz,meningioma,Training,processed/kaggle_normalized/Training/meningioma/Tr-me_928.npz,train
Tr-pi_571.npz,pituitary,Training,processed/kaggle_normalized/Training/pituitary/Tr-pi_571.npz,train
Tr-pi_876.npz,pituitary,Training,processed/kaggle_normalized/Training/pituitary/Tr-pi_876.npz,train
Tr-aug-me_67.npz,meningioma,Training,processed/kaggle_normalized/Training/meningioma/Tr-aug-me_67.npz,train
Tr-me_145.npz,meningioma,Training,processed/kaggle_normalized/Training/meningioma/Tr-me_145.npz,train
Tr-pi_816.npz,pituitary,Training,processed/kaggle_normalized/Training/pituitary/Tr-pi_816.npz,train
Tr-pi_7.npz,pituitary,Training,processed/kaggle_normalized/Training/pituitary/Tr-pi_7.npz,train
Tr-me_538.npz,meningioma,Training,processed/kaggle_normalized/Training/meningioma/Tr-me_538.npz,train
Tr-me_324.npz,meningioma,Training,processed/kaggle_normalized/Training/meningioma/Tr-me_324.npz,train
Tr-pi_269.npz,pituitary,Training,processed/kaggle_normalized/Training/pituitary/Tr-pi_269.npz,train
Tr-me_746.npz,meningioma,Training,processed/kaggle_normalized/Training/meningioma/Tr-me_746.npz,train
Tr-me_619.npz,meningioma,Training,processed/kaggle_normalized/Training/meningioma/Tr-me_619.npz,train
Tr-gl_423.npz,glioma,Training,processed/kaggle_normalized/Training/glioma/Tr-gl_423.npz,train
Tr-no_870.npz,notumor,Training,processed/kaggle_normalized/Training/notumor/Tr-no_870.npz,train
Tr-gl_727.npz,glioma,Training,processed/kaggle_normalized/Training/glioma/Tr-gl_727.npz,train
Tr-pi_554.npz,pituitary,Training,processed/kaggle_normalized/Training/pituitary/Tr-pi_554.npz,train
Tr-pi_624.npz,pituitary,Training,processed/kaggle_normalized/Training/pituitary/Tr-pi_624.npz,train
Tr-no_126.npz,notumor,Training,processed/kaggle_normalized/Training/notumor/Tr-no_126.npz,train
Tr-gl_499.npz,glioma,Training,processed/kaggle_normalized/Training/glioma/Tr-gl_499.npz,train
Tr-no_884.npz,notumor,Training,processed/kaggle_normalized/Training/notumor/Tr-no_884.npz,train
Tr-gl_1210.npz,glioma,Training,processed/kaggle_normalized/Training/glioma/Tr-gl_1210.npz,train
Tr-me_638.npz,meningioma,Training,processed/kaggle_normalized/Training/meningioma/Tr-me_638.npz,train
Tr-gl_630.npz,glioma,Training,processed/kaggle_normalized/Training/glioma/Tr-gl_630.npz,train
Tr-me_1041.npz,meningioma,Training,processed/kaggle_normalized/Training/meningioma/Tr-me_1041.npz,train
Tr-gl_483.npz,glioma,Training,processed/kaggle_normalized/Training/glioma/Tr-gl_483.npz,train
Tr-gl_265.npz,glioma,Training,processed/kaggle_normalized/Training/glioma/Tr-gl_265.npz,train
Tr-gl_984.npz,glioma,Training,processed/kaggle_normalized/Training/glioma/Tr-gl_984.npz,train
Tr-pi_1095.npz,pituitary,Training,processed/kaggle_normalized/Training/pituitary/Tr-pi_1095.npz,train
Tr-me_609.npz,meningioma,Training,processed/kaggle_normalized/Training/meningioma/Tr-me_609.npz,train
Tr-no_238.npz,notumor,Training,processed/kaggle_normalized/Training/notumor/Tr-no_238.npz,train
Tr-gl_317.npz,glioma,Training,processed/kaggle_normalized/Training/glioma/Tr-gl_317.npz,train
Tr-gl_795.npz,glioma,Training,processed/kaggle_normalized/Training/glioma/Tr-gl_795.npz,train
Tr-gl_107.npz,glioma,Training,processed/kaggle_normalized/Training/glioma/Tr-gl_107.npz,train
Tr-me_667.npz,meningioma,Training,processed/kaggle_normalized/Training/meningioma/Tr-me_667.npz,train
Tr-me_642.npz,meningioma,Training,processed/kaggle_normalized/Training/meningioma/Tr-me_642.npz,train
Tr-no_1038.npz,notumor,Training,processed/kaggle_normalized/Training/notumor/Tr-no_1038.npz,train
Tr-pi_1115.npz,pituitary,Training,processed/kaggle_normalized/Training/pituitary/Tr-pi_1115.npz,train
Tr-me_853.npz,meningioma,Training,processed/kaggle_normalized/Training/meningioma/Tr-me_853.npz,train
Tr-gl_470.npz,glioma,Training,processed/kaggle_normalized/Training/glioma/Tr-gl_470.npz,train
Tr-pi_1035.npz,pituitary,Training,processed/kaggle_normalized/Training/pituitary/Tr-pi_1035.npz,train
Tr-me_1056.npz,meningioma,Training,processed/kaggle_normalized/Training/meningioma/Tr-me_1056.npz,train
Tr-me_1034.npz,meningioma,Training,processed/kaggle_normalized/Training/meningioma/Tr-me_1034.npz,train
Tr-gl_1342.npz,glioma,Training,processed/kaggle_normalized/Training/glioma/Tr-gl_1342.npz,train
Tr-gl_1149.npz,glioma,Training,processed/kaggle_normalized/Training/glioma/Tr-gl_1149.npz,train
Tr-gl_1113.npz,glioma,Training,processed/kaggle_normalized/Training/glioma/Tr-gl_1113.npz,train
Tr-pi_276.npz,pituitary,Training,processed/kaggle_normalized/Training/pituitary/Tr-pi_276.npz,train
Tr-me_1082.npz,meningioma,Training,processed/kaggle_normalized/Training/meningioma/Tr-me_1082.npz,train
Tr-me_732.npz,meningioma,Training,processed/kaggle_normalized/Training/meningioma/Tr-me_732.npz,train
Tr-gl_451.npz,glioma,Training,processed/kaggle_normalized/Training/glioma/Tr-gl_451.npz,train
Tr-pi_1371.npz,pituitary,Training,processed/kaggle_normalized/Training/pituitary/Tr-pi_1371.npz,train
Tr-me_171.npz,meningioma,Training,processed/kaggle_normalized/Training/meningioma/Tr-me_171.npz,train
Tr-me_301.npz,meningioma,Training,processed/kaggle_normalized/Training/meningioma/Tr-me_301.npz,train
Tr-pi_236.npz,pituitary,Training,processed/kaggle_normalized/Training/pituitary/Tr-pi_236.npz,train
Tr-me_1160.npz,meningioma,Training,processed/kaggle_normalized/Training/meningioma/Tr-me_1160.npz,train
Tr-pi_376.npz,pituitary,Training,processed/kaggle_normalized/Training/pituitary/Tr-pi_376.npz,train
Tr-gl_16.npz,glioma,Training,processed/kaggle_normalized/Training/glioma/Tr-gl_16.npz,train
Tr-me_7.npz,meningioma,Training,processed/kaggle_normalized/Training/meningioma/Tr-me_7.npz,train
Tr-no_480.npz,notumor,Training,processed/kaggle_normalized/Training/notumor/Tr-no_480.npz,train
Tr-gl_992.npz,glioma,Training,processed/kaggle_normalized/Training/glioma/Tr-gl_992.npz,train
Tr-me_1289.npz,meningioma,Training,processed/kaggle_normalized/Training/meningioma/Tr-me_1289.npz,train
Tr-gl_5.npz,glioma,Training,processed/kaggle_normalized/Training/glioma/Tr-gl_5.npz,train
Tr-pi_1393.npz,pituitary,Training,processed/kaggle_normalized/Training/pituitary/Tr-pi_1393.npz,train
Tr-no_1025.npz,notumor,Training,processed/kaggle_normalized/Training/notumor/Tr-no_1025.npz,train
Tr-gl_432.npz,glioma,Training,processed/kaggle_normalized/Training/glioma/Tr-gl_432.npz,train
Tr-no_907.npz,notumor,Training,processed/kaggle_normalized/Training/notumor/Tr-no_907.npz,train
Tr-me_136.npz,meningioma,Training,processed/kaggle_normalized/Training/meningioma/Tr-me_136.npz,train
Tr-pi_682.npz,pituitary,Training,processed/kaggle_normalized/Training/pituitary/Tr-pi_682.npz,train
Tr-pi_14.npz,pituitary,Training,processed/kaggle_normalized/Training/pituitary/Tr-pi_14.npz,train
Tr-gl_1382.npz,glioma,Training,processed/kaggle_normalized/Training/glioma/Tr-gl_1382.npz,train
Tr-pi_1202.npz,pituitary,Training,processed/kaggle_normalized/Training/pituitary/Tr-pi_1202.npz,train
Tr-no_409.npz,notumor,Training,processed/kaggle_normalized/Training/notumor/Tr-no_409.npz,train
Tr-me_510.npz,meningioma,Training,processed/kaggle_normalized/Training/meningioma/Tr-me_510.npz,train
Tr-no_820.npz,notumor,Training,processed/kaggle_normalized/Training/notumor/Tr-no_820.npz,train
Tr-me_63.npz,meningioma,Training,processed/kaggle_normalized/Training/meningioma/Tr-me_63.npz,train
Tr-gl_594.npz,glioma,Training,processed/kaggle_normalized/Training/glioma/Tr-gl_594.npz,train
Tr-no_22.npz,notumor,Training,processed/kaggle_normalized/Training/notumor/Tr-no_22.npz,train
Tr-gl_333.npz,glioma,Training,processed/kaggle_normalized/Training/glioma/Tr-gl_333.npz,train
Tr-gl_625.npz,glioma,Training,processed/kaggle_normalized/Training/glioma/Tr-gl_625.npz,train
Tr-pi_1157.npz,pituitary,Training,processed/kaggle_normalized/Training/pituitary/Tr-pi_1157.npz,train
Tr-me_552.npz,meningioma,Training,processed/kaggle_normalized/Training/meningioma/Tr-me_552.npz,train
Tr-gl_1110.npz,glioma,Training,processed/kaggle_normalized/Training/glioma/Tr-gl_1110.npz,train
Tr-gl_103.npz,glioma,Training,processed/kaggle_normalized/Training/glioma/Tr-gl_103.npz,train
Tr-me_587.npz,meningioma,Training,processed/kaggle_normalized/Training/meningioma/Tr-me_587.npz,train
Tr-no_1292.npz,notumor,Training,processed/kaggle_normalized/Training/notumor/Tr-no_1292.npz,train
Tr-gl_549.npz,glioma,Training,processed/kaggle_normalized/Training/glioma/Tr-gl_549.npz,train
Tr-gl_310.npz,glioma,Training,processed/kaggle_normalized/Training/glioma/Tr-gl_310.npz,train
Tr-no_813.npz,notumor,Training,processed/kaggle_normalized/Training/notumor/Tr-no_813.npz,train
Tr-me_482.npz,meningioma,Training,processed/kaggle_normalized/Training/meningioma/Tr-me_482.npz,train
Tr-pi_284.npz,pituitary,Training,processed/kaggle_normalized/Training/pituitary/Tr-pi_284.npz,train
Tr-pi_206.npz,pituitary,Training,processed/kaggle_normalized/Training/pituitary/Tr-pi_206.npz,train
Tr-gl_83.npz,glioma,Training,processed/kaggle_normalized/Training/glioma/Tr-gl_83.npz,train
Tr-gl_378.npz,glioma,Training,processed/kaggle_normalized/Training/glioma/Tr-gl_378.npz,train
Tr-me_528.npz,meningioma,Training,processed/kaggle_normalized/Training/meningioma/Tr-me_528.npz,train
Tr-no_767.npz,notumor,Training,processed/kaggle_normalized/Training/notumor/Tr-no_767.npz,train
Tr-pi_117.npz,pituitary,Training,processed/kaggle_normalized/Training/pituitary/Tr-pi_117.npz,train
Tr-no_1124.npz,notumor,Training,processed/kaggle_normalized/Training/notumor/Tr-no_1124.npz,train
Tr-gl_524.npz,glioma,Training,processed/kaggle_normalized/Training/glioma/Tr-gl_524.npz,train
Tr-gl_612.npz,glioma,Training,processed/kaggle_normalized/Training/glioma/Tr-gl_612.npz,train
Tr-gl_153.npz,glioma,Training,processed/kaggle_normalized/Training/glioma/Tr-gl_153.npz,train
Tr-gl_500.npz,glioma,Training,processed/kaggle_normalized/Training/glioma/Tr-gl_500.npz,train
Tr-me_240.npz,meningioma,Training,processed/kaggle_normalized/Training/meningioma/Tr-me_240.npz,train
Tr-no_1176.npz,notumor,Training,processed/kaggle_normalized/Training/notumor/Tr-no_1176.npz,train
Tr-gl_1315.npz,glioma,Training,processed/kaggle_normalized/Training/glioma/Tr-gl_1315.npz,train
Tr-pi_197.npz,pituitary,Training,processed/kaggle_normalized/Training/pituitary/Tr-pi_197.npz,train
Tr-no_1275.npz,notumor,Training,processed/kaggle_normalized/Training/notumor/Tr-no_1275.npz,train
Tr-me_856.npz,meningioma,Training,processed/kaggle_normalized/Training/meningioma/Tr-me_856.npz,train
Tr-pi_31.npz,pituitary,Training,processed/kaggle_normalized/Training/pituitary/Tr-pi_31.npz,train
Tr-no_1324.npz,notumor,Training,processed/kaggle_normalized/Training/notumor/Tr-no_1324.npz,train
Tr-no_1142.npz,notumor,Training,processed/kaggle_normalized/Training/notumor/Tr-no_1142.npz,train
Tr-no_690.npz,notumor,Training,processed/kaggle_normalized/Training/notumor/Tr-no_690.npz,train
Tr-no_123.npz,notumor,Training,processed/kaggle_normalized/Training/notumor/Tr-no_123.npz,train
Tr-no_888.npz,notumor,Training,processed/kaggle_normalized/Training/notumor/Tr-no_888.npz,train
Tr-me_916.npz,meningioma,Training,processed/kaggle_normalized/Training/meningioma/Tr-me_916.npz,train
Tr-me_805.npz,meningioma,Training,processed/kaggle_normalized/Training/meningioma/Tr-me_805.npz,train
Tr-me_112.npz,meningioma,Training,processed/kaggle_normalized/Training/meningioma/Tr-me_112.npz,train
Tr-gl_440.npz,glioma,Training,processed/kaggle_normalized/Training/glioma/Tr-gl_440.npz,train
Tr-no_1263.npz,notumor,Training,processed/kaggle_normalized/Training/notumor/Tr-no_1263.npz,train
Tr-me_551.npz,meningioma,Training,processed/kaggle_normalized/Training/meningioma/Tr-me_551.npz,train
Tr-pi_1306.npz,pituitary,Training,processed/kaggle_normalized/Training/pituitary/Tr-pi_1306.npz,train
Tr-gl_358.npz,glioma,Training,processed/kaggle_normalized/Training/glioma/Tr-gl_358.npz,train
Tr-no_246.npz,notumor,Training,processed/kaggle_normalized/Training/notumor/Tr-no_246.npz,train
Tr-pi_515.npz,pituitary,Training,processed/kaggle_normalized/Training/pituitary/Tr-pi_515.npz,train
Tr-me_1126.npz,meningioma,Training,processed/kaggle_normalized/Training/meningioma/Tr-me_1126.npz,train
Tr-me_693.npz,meningioma,Training,processed/kaggle_normalized/Training/meningioma/Tr-me_693.npz,train
Tr-gl_1285.npz,glioma,Training,processed/kaggle_normalized/Training/glioma/Tr-gl_1285.npz,train
Tr-pi_1330.npz,pituitary,Training,processed/kaggle_normalized/Training/pituitary/Tr-pi_1330.npz,train
Tr-me_469.npz,meningioma,Training,processed/kaggle_normalized/Training/meningioma/Tr-me_469.npz,train
Tr-me_1090.npz,meningioma,Training,processed/kaggle_normalized/Training/meningioma/Tr-me_1090.npz,train
Tr-pi_45.npz,pituitary,Training,processed/kaggle_normalized/Training/pituitary/Tr-pi_45.npz,train
Tr-pi_532.npz,pituitary,Training,processed/kaggle_normalized/Training/pituitary/Tr-pi_532.npz,train
Tr-no_794.npz,notumor,Training,processed/kaggle_normalized/Training/notumor/Tr-no_794.npz,train
Tr-gl_928.npz,glioma,Training,processed/kaggle_normalized/Training/glioma/Tr-gl_928.npz,train
Tr-pi_618.npz,pituitary,Training,processed/kaggle_normalized/Training/pituitary/Tr-pi_618.npz,train
Tr-pi_259.npz,pituitary,Training,processed/kaggle_normalized/Training/pituitary/Tr-pi_259.npz,train
Tr-no_951.npz,notumor,Training,processed/kaggle_normalized/Training/notumor/Tr-no_951.npz,train
Tr-pi_10.npz,pituitary,Training,processed/kaggle_normalized/Training/pituitary/Tr-pi_10.npz,train
Tr-no_734.npz,notumor,Training,processed/kaggle_normalized/Training/notumor/Tr-no_734.npz,train
Tr-pi_1383.npz,pituitary,Training,processed/kaggle_normalized/Training/pituitary/Tr-pi_1383.npz,train
Tr-pi_403.npz,pituitary,Training,processed/kaggle_normalized/Training/pituitary/Tr-pi_403.npz,train
Tr-me_1170.npz,meningioma,Training,processed/kaggle_normalized/Training/meningioma/Tr-me_1170.npz,train
Tr-pi_441.npz,pituitary,Training,processed/kaggle_normalized/Training/pituitary/Tr-pi_441.npz,train
Tr-no_558.npz,notumor,Training,processed/kaggle_normalized/Training/notumor/Tr-no_558.npz,train
Tr-me_1283.npz,meningioma,Training,processed/kaggle_normalized/Training/meningioma/Tr-me_1283.npz,train
Tr-gl_588.npz,glioma,Training,processed/kaggle_normalized/Training/glioma/Tr-gl_588.npz,train
Tr-gl_963.npz,glioma,Training,processed/kaggle_normalized/Training/glioma/Tr-gl_963.npz,train
Tr-pi_1074.npz,pituitary,Training,processed/kaggle_normalized/Training/pituitary/Tr-pi_1074.npz,train
Tr-me_1043.npz,meningioma,Training,processed/kaggle_normalized/Training/meningioma/Tr-me_1043.npz,train
Tr-no_681.npz,notumor,Training,processed/kaggle_normalized/Training/notumor/Tr-no_681.npz,train
Tr-pi_667.npz,pituitary,Training,processed/kaggle_normalized/Training/pituitary/Tr-pi_667.npz,train
Tr-gl_12.npz,glioma,Training,processed/kaggle_normalized/Training/glioma/Tr-gl_12.npz,train
Tr-aug-me_47.npz,meningioma,Training,processed/kaggle_normalized/Training/meningioma/Tr-aug-me_47.npz,train
Tr-no_826.npz,notumor,Training,processed/kaggle_normalized/Training/notumor/Tr-no_826.npz,train
Tr-gl_300.npz,glioma,Training,processed/kaggle_normalized/Training/glioma/Tr-gl_300.npz,train
Tr-pi_6.npz,pituitary,Training,processed/kaggle_normalized/Training/pituitary/Tr-pi_6.npz,train
Tr-gl_481.npz,glioma,Training,processed/kaggle_normalized/Training/glioma/Tr-gl_481.npz,train
Tr-pi_693.npz,pituitary,Training,processed/kaggle_normalized/Training/pituitary/Tr-pi_693.npz,train
Tr-pi_731.npz,pituitary,Training,processed/kaggle_normalized/Training/pituitary/Tr-pi_731.npz,train
Tr-gl_94.npz,glioma,Training,processed/kaggle_normalized/Training/glioma/Tr-gl_94.npz,train
Tr-gl_1092.npz,glioma,Training,processed/kaggle_normalized/Training/glioma/Tr-gl_1092.npz,train
Tr-pi_803.npz,pituitary,Training,processed/kaggle_normalized/Training/pituitary/Tr-pi_803.npz,train
Tr-gl_1099.npz,glioma,Training,processed/kaggle_normalized/Training/glioma/Tr-gl_1099.npz,train
Tr-me_870.npz,meningioma,Training,processed/kaggle_normalized/Training/meningioma/Tr-me_870.npz,train
Tr-gl_666.npz,glioma,Training,processed/kaggle_normalized/Training/glioma/Tr-gl_666.npz,train
Tr-gl_1249.npz,glioma,Training,processed/kaggle_normalized/Training/glioma/Tr-gl_1249.npz,train
Tr-pi_574.npz,pituitary,Training,processed/kaggle_normalized/Training/pituitary/Tr-pi_574.npz,train
Tr-no_1071.npz,notumor,Training,processed/kaggle_normalized/Training/notumor/Tr-no_1071.npz,train
Tr-aug-me_85.npz,meningioma,Training,processed/kaggle_normalized/Training/meningioma/Tr-aug-me_85.npz,train
Tr-no_748.npz,notumor,Training,processed/kaggle_normalized/Training/notumor/Tr-no_748.npz,train
Tr-gl_253.npz,glioma,Training,processed/kaggle_normalized/Training/glioma/Tr-gl_253.npz,train
Tr-pi_1003.npz,pituitary,Training,processed/kaggle_normalized/Training/pituitary/Tr-pi_1003.npz,train
Tr-gl_455.npz,glioma,Training,processed/kaggle_normalized/Training/glioma/Tr-gl_455.npz,train
Tr-no_940.npz,notumor,Training,processed/kaggle_normalized/Training/notumor/Tr-no_940.npz,train
Tr-pi_1235.npz,pituitary,Training,processed/kaggle_normalized/Training/pituitary/Tr-pi_1235.npz,train
Tr-me_1026.npz,meningioma,Training,processed/kaggle_normalized/Training/meningioma/Tr-me_1026.npz,train
Tr-gl_624.npz,glioma,Training,processed/kaggle_normalized/Training/glioma/Tr-gl_624.npz,train
Tr-no_362.npz,notumor,Training,processed/kaggle_normalized/Training/notumor/Tr-no_362.npz,train
Tr-no_133.npz,notumor,Training,processed/kaggle_normalized/Training/notumor/Tr-no_133.npz,train
Tr-me_716.npz,meningioma,Training,processed/kaggle_normalized/Training/meningioma/Tr-me_716.npz,train
Tr-pi_1.npz,pituitary,Training,processed/kaggle_normalized/Training/pituitary/Tr-pi_1.npz,train
Tr-gl_1383.npz,glioma,Training,processed/kaggle_normalized/Training/glioma/Tr-gl_1383.npz,train
Tr-me_1003.npz,meningioma,Training,processed/kaggle_normalized/Training/meningioma/Tr-me_1003.npz,train
Tr-pi_888.npz,pituitary,Training,processed/kaggle_normalized/Training/pituitary/Tr-pi_888.npz,train
Tr-pi_146.npz,pituitary,Training,processed/kaggle_normalized/Training/pituitary/Tr-pi_146.npz,train
Tr-gl_576.npz,glioma,Training,processed/kaggle_normalized/Training/glioma/Tr-gl_576.npz,train
Tr-gl_895.npz,glioma,Training,processed/kaggle_normalized/Training/glioma/Tr-gl_895.npz,train
Tr-no_801.npz,notumor,Training,processed/kaggle_normalized/Training/notumor/Tr-no_801.npz,train
Tr-gl_790.npz,glioma,Training,processed/kaggle_normalized/Training/glioma/Tr-gl_790.npz,train
Tr-gl_655.npz,glioma,Training,processed/kaggle_normalized/Training/glioma/Tr-gl_655.npz,train
Tr-no_418.npz,notumor,Training,processed/kaggle_normalized/Training/notumor/Tr-no_418.npz,train
Tr-gl_62.npz,glioma,Training,processed/kaggle_normalized/Training/glioma/Tr-gl_62.npz,train
Tr-pi_709.npz,pituitary,Training,processed/kaggle_normalized/Training/pituitary/Tr-pi_709.npz,train
Tr-pi_427.npz,pituitary,Training,processed/kaggle_normalized/Training/pituitary/Tr-pi_427.npz,train
Tr-pi_150.npz,pituitary,Training,processed/kaggle_normalized/Training/pituitary/Tr-pi_150.npz,train
Tr-me_269.npz,meningioma,Training,processed/kaggle_normalized/Training/meningioma/Tr-me_269.npz,train
Tr-no_243.npz,notumor,Training,processed/kaggle_normalized/Training/notumor/Tr-no_243.npz,train
Tr-me_546.npz,meningioma,Training,processed/kaggle_normalized/Training/meningioma/Tr-me_546.npz,train
Tr-me_530.npz,meningioma,Training,processed/kaggle_normalized/Training/meningioma/Tr-me_530.npz,train
Tr-no_992.npz,notumor,Training,processed/kaggle_normalized/Training/notumor/Tr-no_992.npz,train
Tr-gl_604.npz,glioma,Training,processed/kaggle_normalized/Training/glioma/Tr-gl_604.npz,train
Tr-no_444.npz,notumor,Training,processed/kaggle_normalized/Training/notumor/Tr-no_444.npz,train
Tr-gl_396.npz,glioma,Training,processed/kaggle_normalized/Training/glioma/Tr-gl_396.npz,train
Tr-pi_273.npz,pituitary,Training,processed/kaggle_normalized/Training/pituitary/Tr-pi_273.npz,train
Tr-pi_681.npz,pituitary,Training,processed/kaggle_normalized/Training/pituitary/Tr-pi_681.npz,train
Tr-no_704.npz,notumor,Training,processed/kaggle_normalized/Training/notumor/Tr-no_704.npz,train
Tr-no_1021.npz,notumor,Training,processed/kaggle_normalized/Training/notumor/Tr-no_1021.npz,train
Tr-me_1172.npz,meningioma,Training,processed/kaggle_normalized/Training/meningioma/Tr-me_1172.npz,train
Tr-pi_481.npz,pituitary,Training,processed/kaggle_normalized/Training/pituitary/Tr-pi_481.npz,train
Tr-no_1331.npz,notumor,Training,processed/kaggle_normalized/Training/notumor/Tr-no_1331.npz,train
Tr-pi_74.npz,pituitary,Training,processed/kaggle_normalized/Training/pituitary/Tr-pi_74.npz,train
Tr-me_800.npz,meningioma,Training,processed/kaggle_normalized/Training/meningioma/Tr-me_800.npz,train
Tr-no_1150.npz,notumor,Training,processed/kaggle_normalized/Training/notumor/Tr-no_1150.npz,train
Tr-me_254.npz,meningioma,Training,processed/kaggle_normalized/Training/meningioma/Tr-me_254.npz,train
Tr-no_1347.npz,notumor,Training,processed/kaggle_normalized/Training/notumor/Tr-no_1347.npz,train
Tr-gl_913.npz,glioma,Training,processed/kaggle_normalized/Training/glioma/Tr-gl_913.npz,train
Tr-me_718.npz,meningioma,Training,processed/kaggle_normalized/Training/meningioma/Tr-me_718.npz,train
Tr-gl_807.npz,glioma,Training,processed/kaggle_normalized/Training/glioma/Tr-gl_807.npz,train
Tr-pi_451.npz,pituitary,Training,processed/kaggle_normalized/Training/pituitary/Tr-pi_451.npz,train
Tr-pi_90.npz,pituitary,Training,processed/kaggle_normalized/Training/pituitary/Tr-pi_90.npz,train
Tr-me_141.npz,meningioma,Training,processed/kaggle_normalized/Training/meningioma/Tr-me_141.npz,train
Tr-no_428.npz,notumor,Training,processed/kaggle_normalized/Training/notumor/Tr-no_428.npz,train
Tr-pi_1316.npz,pituitary,Training,processed/kaggle_normalized/Training/pituitary/Tr-pi_1316.npz,train
Tr-no_830.npz,notumor,Training,processed/kaggle_normalized/Training/notumor/Tr-no_830.npz,train
Tr-no_711.npz,notumor,Training,processed/kaggle_normalized/Training/notumor/Tr-no_711.npz,train
Tr-no_847.npz,notumor,Training,processed/kaggle_normalized/Training/notumor/Tr-no_847.npz,train
Tr-pi_1237.npz,pituitary,Training,processed/kaggle_normalized/Training/pituitary/Tr-pi_1237.npz,train
Tr-pi_519.npz,pituitary,Training,processed/kaggle_normalized/Training/pituitary/Tr-pi_519.npz,train
Tr-pi_272.npz,pituitary,Training,processed/kaggle_normalized/Training/pituitary/Tr-pi_272.npz,train
Tr-aug-me_71.npz,meningioma,Training,processed/kaggle_normalized/Training/meningioma/Tr-aug-me_71.npz,train
Tr-no_1161.npz,notumor,Training,processed/kaggle_normalized/Training/notumor/Tr-no_1161.npz,train
Tr-gl_1271.npz,glioma,Training,processed/kaggle_normalized/Training/glioma/Tr-gl_1271.npz,train
Tr-pi_1304.npz,pituitary,Training,processed/kaggle_normalized/Training/pituitary/Tr-pi_1304.npz,train
Tr-me_933.npz,meningioma,Training,processed/kaggle_normalized/Training/meningioma/Tr-me_933.npz,train
Tr-pi_65.npz,pituitary,Training,processed/kaggle_normalized/Training/pituitary/Tr-pi_65.npz,train
Tr-gl_746.npz,glioma,Training,processed/kaggle_normalized/Training/glioma/Tr-gl_746.npz,train
Tr-no_1173.npz,notumor,Training,processed/kaggle_normalized/Training/notumor/Tr-no_1173.npz,train
Tr-me_212.npz,meningioma,Training,processed/kaggle_normalized/Training/meningioma/Tr-me_212.npz,train
Tr-gl_1213.npz,glioma,Training,processed/kaggle_normalized/Training/glioma/Tr-gl_1213.npz,train
Tr-no_1210.npz,notumor,Training,processed/kaggle_normalized/Training/notumor/Tr-no_1210.npz,train
Tr-me_733.npz,meningioma,Training,processed/kaggle_normalized/Training/meningioma/Tr-me_733.npz,train
Tr-gl_823.npz,glioma,Training,processed/kaggle_normalized/Training/glioma/Tr-gl_823.npz,train
Tr-pi_57.npz,pituitary,Training,processed/kaggle_normalized/Training/pituitary/Tr-pi_57.npz,train
Tr-pi_985.npz,pituitary,Training,processed/kaggle_normalized/Training/pituitary/Tr-pi_985.npz,train
Tr-no_663.npz,notumor,Training,processed/kaggle_normalized/Training/notumor/Tr-no_663.npz,train
Tr-no_244.npz,notumor,Training,processed/kaggle_normalized/Training/notumor/Tr-no_244.npz,train
Tr-pi_978.npz,pituitary,Training,processed/kaggle_normalized/Training/pituitary/Tr-pi_978.npz,train
Tr-gl_213.npz,glioma,Training,processed/kaggle_normalized/Training/glioma/Tr-gl_213.npz,train
Tr-no_374.npz,notumor,Training,processed/kaggle_normalized/Training/notumor/Tr-no_374.npz,train
Tr-gl_502.npz,glioma,Training,processed/kaggle_normalized/Training/glioma/Tr-gl_502.npz,train
Tr-pi_1305.npz,pituitary,Training,processed/kaggle_normalized/Training/pituitary/Tr-pi_1305.npz,train
Tr-gl_995.npz,glioma,Training,processed/kaggle_normalized/Training/glioma/Tr-gl_995.npz,train
Tr-gl_1074.npz,glioma,Training,processed/kaggle_normalized/Training/glioma/Tr-gl_1074.npz,train
Tr-pi_1281.npz,pituitary,Training,processed/kaggle_normalized/Training/pituitary/Tr-pi_1281.npz,train
Tr-no_904.npz,notumor,Training,processed/kaggle_normalized/Training/notumor/Tr-no_904.npz,train
Tr-no_84.npz,notumor,Training,processed/kaggle_normalized/Training/notumor/Tr-no_84.npz,train
Tr-pi_1249.npz,pituitary,Training,processed/kaggle_normalized/Training/pituitary/Tr-pi_1249.npz,train
Tr-me_1254.npz,meningioma,Training,processed/kaggle_normalized/Training/meningioma/Tr-me_1254.npz,train
Tr-no_1047.npz,notumor,Training,processed/kaggle_normalized/Training/notumor/Tr-no_1047.npz,train
Tr-no_68.npz,notumor,Training,processed/kaggle_normalized/Training/notumor/Tr-no_68.npz,train
Tr-gl_982.npz,glioma,Training,processed/kaggle_normalized/Training/glioma/Tr-gl_982.npz,train
Tr-gl_323.npz,glioma,Training,processed/kaggle_normalized/Training/glioma/Tr-gl_323.npz,train
Tr-pi_1178.npz,pituitary,Training,processed/kaggle_normalized/Training/pituitary/Tr-pi_1178.npz,train
Tr-gl_884.npz,glioma,Training,processed/kaggle_normalized/Training/glioma/Tr-gl_884.npz,train
Tr-gl_1139.npz,glioma,Training,processed/kaggle_normalized/Training/glioma/Tr-gl_1139.npz,train
Tr-me_311.npz,meningioma,Training,processed/kaggle_normalized/Training/meningioma/Tr-me_311.npz,train
Tr-no_1093.npz,notumor,Training,processed/kaggle_normalized/Training/notumor/Tr-no_1093.npz,train
Tr-no_467.npz,notumor,Training,processed/kaggle_normalized/Training/notumor/Tr-no_467.npz,train
Tr-me_1293.npz,meningioma,Training,processed/kaggle_normalized/Training/meningioma/Tr-me_1293.npz,train
Tr-gl_516.npz,glioma,Training,processed/kaggle_normalized/Training/glioma/Tr-gl_516.npz,train
Tr-no_874.npz,notumor,Training,processed/kaggle_normalized/Training/notumor/Tr-no_874.npz,train
Tr-no_420.npz,notumor,Training,processed/kaggle_normalized/Training/notumor/Tr-no_420.npz,train
Tr-no_438.npz,notumor,Training,processed/kaggle_normalized/Training/notumor/Tr-no_438.npz,train
Tr-no_1300.npz,notumor,Training,processed/kaggle_normalized/Training/notumor/Tr-no_1300.npz,train
Tr-me_891.npz,meningioma,Training,processed/kaggle_normalized/Training/meningioma/Tr-me_891.npz,train
Tr-me_956.npz,meningioma,Training,processed/kaggle_normalized/Training/meningioma/Tr-me_956.npz,train
Tr-pi_562.npz,pituitary,Training,processed/kaggle_normalized/Training/pituitary/Tr-pi_562.npz,train
Tr-no_1307.npz,notumor,Training,processed/kaggle_normalized/Training/notumor/Tr-no_1307.npz,train
Tr-pi_1213.npz,pituitary,Training,processed/kaggle_normalized/Training/pituitary/Tr-pi_1213.npz,train
Tr-pi_734.npz,pituitary,Training,processed/kaggle_normalized/Training/pituitary/Tr-pi_734.npz,train
Tr-no_750.npz,notumor,Training,processed/kaggle_normalized/Training/notumor/Tr-no_750.npz,train
Tr-no_735.npz,notumor,Training,processed/kaggle_normalized/Training/notumor/Tr-no_735.npz,train
Tr-no_1229.npz,notumor,Training,processed/kaggle_normalized/Training/notumor/Tr-no_1229.npz,train
Tr-no_909.npz,notumor,Training,processed/kaggle_normalized/Training/notumor/Tr-no_909.npz,train
Tr-no_87.npz,notumor,Training,processed/kaggle_normalized/Training/notumor/Tr-no_87.npz,train
Tr-gl_1022.npz,glioma,Training,processed/kaggle_normalized/Training/glioma/Tr-gl_1022.npz,train
Tr-pi_1327.npz,pituitary,Training,processed/kaggle_normalized/Training/pituitary/Tr-pi_1327.npz,train
Tr-no_235.npz,notumor,Training,processed/kaggle_normalized/Training/notumor/Tr-no_235.npz,train
Tr-pi_612.npz,pituitary,Training,processed/kaggle_normalized/Training/pituitary/Tr-pi_612.npz,train
Tr-me_362.npz,meningioma,Training,processed/kaggle_normalized/Training/meningioma/Tr-me_362.npz,train
Tr-aug-me_54.npz,meningioma,Training,processed/kaggle_normalized/Training/meningioma/Tr-aug-me_54.npz,train
Tr-me_704.npz,meningioma,Training,processed/kaggle_normalized/Training/meningioma/Tr-me_704.npz,train
Tr-no_1155.npz,notumor,Training,processed/kaggle_normalized/Training/notumor/Tr-no_1155.npz,train
Tr-no_883.npz,notumor,Training,processed/kaggle_normalized/Training/notumor/Tr-no_883.npz,train
Tr-me_172.npz,meningioma,Training,processed/kaggle_normalized/Training/meningioma/Tr-me_172.npz,train
Tr-no_63.npz,notumor,Training,processed/kaggle_normalized/Training/notumor/Tr-no_63.npz,train
Tr-no_553.npz,notumor,Training,processed/kaggle_normalized/Training/notumor/Tr-no_553.npz,train
Tr-me_1244.npz,meningioma,Training,processed/kaggle_normalized/Training/meningioma/Tr-me_1244.npz,train
Tr-gl_1069.npz,glioma,Training,processed/kaggle_normalized/Training/glioma/Tr-gl_1069.npz,train
Tr-pi_1377.npz,pituitary,Training,processed/kaggle_normalized/Training/pituitary/Tr-pi_1377.npz,train
Tr-pi_375.npz,pituitary,Training,processed/kaggle_normalized/Training/pituitary/Tr-pi_375.npz,train
Tr-gl_1045.npz,glioma,Training,processed/kaggle_normalized/Training/glioma/Tr-gl_1045.npz,train
Tr-no_100.npz,notumor,Training,processed/kaggle_normalized/Training/notumor/Tr-no_100.npz,train
Tr-no_910.npz,notumor,Training,processed/kaggle_normalized/Training/notumor/Tr-no_910.npz,train
Tr-me_364.npz,meningioma,Training,processed/kaggle_normalized/Training/meningioma/Tr-me_364.npz,train
Tr-aug-me_5.npz,meningioma,Training,processed/kaggle_normalized/Training/meningioma/Tr-aug-me_5.npz,train
Tr-no_928.npz,notumor,Training,processed/kaggle_normalized/Training/notumor/Tr-no_928.npz,train
Tr-gl_215.npz,glioma,Training,processed/kaggle_normalized/Training/glioma/Tr-gl_215.npz,train
Tr-gl_1303.npz,glioma,Training,processed/kaggle_normalized/Training/glioma/Tr-gl_1303.npz,train
Tr-no_723.npz,notumor,Training,processed/kaggle_normalized/Training/notumor/Tr-no_723.npz,train
Tr-pi_53.npz,pituitary,Training,processed/kaggle_normalized/Training/pituitary/Tr-pi_53.npz,train
Tr-no_1048.npz,notumor,Training,processed/kaggle_normalized/Training/notumor/Tr-no_1048.npz,train
Tr-no_261.npz,notumor,Training,processed/kaggle_normalized/Training/notumor/Tr-no_261.npz,train
Tr-gl_1312.npz,glioma,Training,processed/kaggle_normalized/Training/glioma/Tr-gl_1312.npz,train
Tr-me_690.npz,meningioma,Training,processed/kaggle_normalized/Training/meningioma/Tr-me_690.npz,train
Tr-me_566.npz,meningioma,Training,processed/kaggle_normalized/Training/meningioma/Tr-me_566.npz,train
Tr-pi_1210.npz,pituitary,Training,processed/kaggle_normalized/Training/pituitary/Tr-pi_1210.npz,train
Tr-pi_310.npz,pituitary,Training,processed/kaggle_normalized/Training/pituitary/Tr-pi_310.npz,train
Tr-no_1194.npz,notumor,Training,processed/kaggle_normalized/Training/notumor/Tr-no_1194.npz,train
Tr-pi_383.npz,pituitary,Training,processed/kaggle_normalized/Training/pituitary/Tr-pi_383.npz,train
Tr-me_558.npz,meningioma,Training,processed/kaggle_normalized/Training/meningioma/Tr-me_558.npz,train
Tr-no_1383.npz,notumor,Training,processed/kaggle_normalized/Training/notumor/Tr-no_1383.npz,train
Tr-no_12.npz,notumor,Training,processed/kaggle_normalized/Training/notumor/Tr-no_12.npz,train
Tr-me_1223.npz,meningioma,Training,processed/kaggle_normalized/Training/meningioma/Tr-me_1223.npz,train
Tr-gl_1297.npz,glioma,Training,processed/kaggle_normalized/Training/glioma/Tr-gl_1297.npz,train
Tr-no_1280.npz,notumor,Training,processed/kaggle_normalized/Training/notumor/Tr-no_1280.npz,train
Tr-gl_104.npz,glioma,Training,processed/kaggle_normalized/Training/glioma/Tr-gl_104.npz,train
Tr-gl_1081.npz,glioma,Training,processed/kaggle_normalized/Training/glioma/Tr-gl_1081.npz,train
Tr-no_461.npz,notumor,Training,processed/kaggle_normalized/Training/notumor/Tr-no_461.npz,train
Tr-pi_1379.npz,pituitary,Training,processed/kaggle_normalized/Training/pituitary/Tr-pi_1379.npz,train
Tr-no_112.npz,notumor,Training,processed/kaggle_normalized/Training/notumor/Tr-no_112.npz,train
Tr-me_514.npz,meningioma,Training,processed/kaggle_normalized/Training/meningioma/Tr-me_514.npz,train
Tr-gl_329.npz,glioma,Training,processed/kaggle_normalized/Training/glioma/Tr-gl_329.npz,train
Tr-pi_1170.npz,pituitary,Training,processed/kaggle_normalized/Training/pituitary/Tr-pi_1170.npz,train
Tr-no_474.npz,notumor,Training,processed/kaggle_normalized/Training/notumor/Tr-no_474.npz,train
Tr-no_462.npz,notumor,Training,processed/kaggle_normalized/Training/notumor/Tr-no_462.npz,train
Tr-gl_994.npz,glioma,Training,processed/kaggle_normalized/Training/glioma/Tr-gl_994.npz,train
Tr-gl_1394.npz,glioma,Training,processed/kaggle_normalized/Training/glioma/Tr-gl_1394.npz,train
Tr-no_1036.npz,notumor,Training,processed/kaggle_normalized/Training/notumor/Tr-no_1036.npz,train
Tr-gl_205.npz,glioma,Training,processed/kaggle_normalized/Training/glioma/Tr-gl_205.npz,train
Tr-me_286.npz,meningioma,Training,processed/kaggle_normalized/Training/meningioma/Tr-me_286.npz,train
Tr-me_861.npz,meningioma,Training,processed/kaggle_normalized/Training/meningioma/Tr-me_861.npz,train
Tr-gl_974.npz,glioma,Training,processed/kaggle_normalized/Training/glioma/Tr-gl_974.npz,train
Tr-pi_874.npz,pituitary,Training,processed/kaggle_normalized/Training/pituitary/Tr-pi_874.npz,train
Tr-no_582.npz,notumor,Training,processed/kaggle_normalized/Training/notumor/Tr-no_582.npz,train
Tr-gl_881.npz,glioma,Training,processed/kaggle_normalized/Training/glioma/Tr-gl_881.npz,train
Tr-pi_145.npz,pituitary,Training,processed/kaggle_normalized/Training/pituitary/Tr-pi_145.npz,train
Tr-me_1141.npz,meningioma,Training,processed/kaggle_normalized/Training/meningioma/Tr-me_1141.npz,train
Tr-pi_722.npz,pituitary,Training,processed/kaggle_normalized/Training/pituitary/Tr-pi_722.npz,train
Tr-gl_1252.npz,glioma,Training,processed/kaggle_normalized/Training/glioma/Tr-gl_1252.npz,train
Tr-pi_1394.npz,pituitary,Training,processed/kaggle_normalized/Training/pituitary/Tr-pi_1394.npz,train
Tr-gl_1299.npz,glioma,Training,processed/kaggle_normalized/Training/glioma/Tr-gl_1299.npz,train
Tr-me_153.npz,meningioma,Training,processed/kaggle_normalized/Training/meningioma/Tr-me_153.npz,train
Tr-no_205.npz,notumor,Training,processed/kaggle_normalized/Training/notumor/Tr-no_205.npz,train
Tr-gl_81.npz,glioma,Training,processed/kaggle_normalized/Training/glioma/Tr-gl_81.npz,train
Tr-pi_463.npz,pituitary,Training,processed/kaggle_normalized/Training/pituitary/Tr-pi_463.npz,train
Tr-me_898.npz,meningioma,Training,processed/kaggle_normalized/Training/meningioma/Tr-me_898.npz,train
Tr-pi_171.npz,pituitary,Training,processed/kaggle_normalized/Training/pituitary/Tr-pi_171.npz,train
Tr-no_1264.npz,notumor,Training,processed/kaggle_normalized/Training/notumor/Tr-no_1264.npz,train
Tr-me_738.npz,meningioma,Training,processed/kaggle_normalized/Training/meningioma/Tr-me_738.npz,train
Tr-no_379.npz,notumor,Training,processed/kaggle_normalized/Training/notumor/Tr-no_379.npz,train
Tr-me_630.npz,meningioma,Training,processed/kaggle_normalized/Training/meningioma/Tr-me_630.npz,train
Tr-pi_855.npz,pituitary,Training,processed/kaggle_normalized/Training/pituitary/Tr-pi_855.npz,train
Tr-me_24.npz,meningioma,Training,processed/kaggle_normalized/Training/meningioma/Tr-me_24.npz,train
Tr-gl_559.npz,glioma,Training,processed/kaggle_normalized/Training/glioma/Tr-gl_559.npz,train
Tr-pi_744.npz,pituitary,Training,processed/kaggle_normalized/Training/pituitary/Tr-pi_744.npz,train
Tr-gl_829.npz,glioma,Training,processed/kaggle_normalized/Training/glioma/Tr-gl_829.npz,train
Tr-pi_1125.npz,pituitary,Training,processed/kaggle_normalized/Training/pituitary/Tr-pi_1125.npz,train
Tr-gl_1197.npz,glioma,Training,processed/kaggle_normalized/Training/glioma/Tr-gl_1197.npz,train
Tr-gl_940.npz,glioma,Training,processed/kaggle_normalized/Training/glioma/Tr-gl_940.npz,train
Tr-pi_1067.npz,pituitary,Training,processed/kaggle_normalized/Training/pituitary/Tr-pi_1067.npz,train
Tr-gl_1209.npz,glioma,Training,processed/kaggle_normalized/Training/glioma/Tr-gl_1209.npz,train
Tr-pi_760.npz,pituitary,Training,processed/kaggle_normalized/Training/pituitary/Tr-pi_760.npz,train
Tr-pi_322.npz,pituitary,Training,processed/kaggle_normalized/Training/pituitary/Tr-pi_322.npz,train
Tr-gl_204.npz,glioma,Training,processed/kaggle_normalized/Training/glioma/Tr-gl_204.npz,train
Tr-no_844.npz,notumor,Training,processed/kaggle_normalized/Training/notumor/Tr-no_844.npz,train
Tr-no_862.npz,notumor,Training,processed/kaggle_normalized/Training/notumor/Tr-no_862.npz,train
Tr-no_922.npz,notumor,Training,processed/kaggle_normalized/Training/notumor/Tr-no_922.npz,train
Tr-me_1016.npz,meningioma,Training,processed/kaggle_normalized/Training/meningioma/Tr-me_1016.npz,train
Tr-me_984.npz,meningioma,Training,processed/kaggle_normalized/Training/meningioma/Tr-me_984.npz,train
Tr-no_760.npz,notumor,Training,processed/kaggle_normalized/Training/notumor/Tr-no_760.npz,train
Tr-no_878.npz,notumor,Training,processed/kaggle_normalized/Training/notumor/Tr-no_878.npz,train
Tr-pi_168.npz,pituitary,Training,processed/kaggle_normalized/Training/pituitary/Tr-pi_168.npz,train
Tr-gl_364.npz,glioma,Training,processed/kaggle_normalized/Training/glioma/Tr-gl_364.npz,train
Tr-gl_1292.npz,glioma,Training,processed/kaggle_normalized/Training/glioma/Tr-gl_1292.npz,train
Tr-pi_1038.npz,pituitary,Training,processed/kaggle_normalized/Training/pituitary/Tr-pi_1038.npz,train
Tr-gl_388.npz,glioma,Training,processed/kaggle_normalized/Training/glioma/Tr-gl_388.npz,train
Tr-me_1032.npz,meningioma,Training,processed/kaggle_normalized/Training/meningioma/Tr-me_1032.npz,train
Tr-gl_1320.npz,glioma,Training,processed/kaggle_normalized/Training/glioma/Tr-gl_1320.npz,train
Tr-gl_1098.npz,glioma,Training,processed/kaggle_normalized/Training/glioma/Tr-gl_1098.npz,train
Tr-gl_80.npz,glioma,Training,processed/kaggle_normalized/Training/glioma/Tr-gl_80.npz,train
Tr-pi_1219.npz,pituitary,Training,processed/kaggle_normalized/Training/pituitary/Tr-pi_1219.npz,train
Tr-no_1343.npz,notumor,Training,processed/kaggle_normalized/Training/notumor/Tr-no_1343.npz,train
Tr-no_264.npz,notumor,Training,processed/kaggle_normalized/Training/notumor/Tr-no_264.npz,train
Tr-me_1181.npz,meningioma,Training,processed/kaggle_normalized/Training/meningioma/Tr-me_1181.npz,train
Tr-me_165.npz,meningioma,Training,processed/kaggle_normalized/Training/meningioma/Tr-me_165.npz,train
Tr-gl_687.npz,glioma,Training,processed/kaggle_normalized/Training/glioma/Tr-gl_687.npz,train
Tr-gl_1370.npz,glioma,Training,processed/kaggle_normalized/Training/glioma/Tr-gl_1370.npz,train
Tr-me_174.npz,meningioma,Training,processed/kaggle_normalized/Training/meningioma/Tr-me_174.npz,train
Tr-gl_637.npz,glioma,Training,processed/kaggle_normalized/Training/glioma/Tr-gl_637.npz,train
Tr-no_326.npz,notumor,Training,processed/kaggle_normalized/Training/notumor/Tr-no_326.npz,train
Tr-pi_523.npz,pituitary,Training,processed/kaggle_normalized/Training/pituitary/Tr-pi_523.npz,train
Tr-gl_1076.npz,glioma,Training,processed/kaggle_normalized/Training/glioma/Tr-gl_1076.npz,train
Tr-me_1124.npz,meningioma,Training,processed/kaggle_normalized/Training/meningioma/Tr-me_1124.npz,train
Tr-no_1050.npz,notumor,Training,processed/kaggle_normalized/Training/notumor/Tr-no_1050.npz,train
Tr-pi_1234.npz,pituitary,Training,processed/kaggle_normalized/Training/pituitary/Tr-pi_1234.npz,train
Tr-me_1192.npz,meningioma,Training,processed/kaggle_normalized/Training/meningioma/Tr-me_1192.npz,train
Tr-no_107.npz,notumor,Training,processed/kaggle_normalized/Training/notumor/Tr-no_107.npz,train
Tr-no_624.npz,notumor,Training,processed/kaggle_normalized/Training/notumor/Tr-no_624.npz,train
Tr-me_126.npz,meningioma,Training,processed/kaggle_normalized/Training/meningioma/Tr-me_126.npz,train
Tr-gl_33.npz,glioma,Training,processed/kaggle_normalized/Training/glioma/Tr-gl_33.npz,train
Tr-no_196.npz,notumor,Training,processed/kaggle_normalized/Training/notumor/Tr-no_196.npz,train
Tr-me_1062.npz,meningioma,Training,processed/kaggle_normalized/Training/meningioma/Tr-me_1062.npz,train
Tr-me_1089.npz,meningioma,Training,processed/kaggle_normalized/Training/meningioma/Tr-me_1089.npz,train
Tr-no_273.npz,notumor,Training,processed/kaggle_normalized/Training/notumor/Tr-no_273.npz,train
Tr-no_882.npz,notumor,Training,processed/kaggle_normalized/Training/notumor/Tr-no_882.npz,train
Tr-gl_39.npz,glioma,Training,processed/kaggle_normalized/Training/glioma/Tr-gl_39.npz,train
Tr-gl_228.npz,glioma,Training,processed/kaggle_normalized/Training/glioma/Tr-gl_228.npz,train
Tr-gl_753.npz,glioma,Training,processed/kaggle_normalized/Training/glioma/Tr-gl_753.npz,train
Tr-me_773.npz,meningioma,Training,processed/kaggle_normalized/Training/meningioma/Tr-me_773.npz,train
Tr-me_557.npz,meningioma,Training,processed/kaggle_normalized/Training/meningioma/Tr-me_557.npz,train
Tr-gl_993.npz,glioma,Training,processed/kaggle_normalized/Training/glioma/Tr-gl_993.npz,train
Tr-no_912.npz,notumor,Training,processed/kaggle_normalized/Training/notumor/Tr-no_912.npz,train
Tr-gl_352.npz,glioma,Training,processed/kaggle_normalized/Training/glioma/Tr-gl_352.npz,train
Tr-pi_1058.npz,pituitary,Training,processed/kaggle_normalized/Training/pituitary/Tr-pi_1058.npz,train
Tr-no_454.npz,notumor,Training,processed/kaggle_normalized/Training/notumor/Tr-no_454.npz,train
Tr-me_88.npz,meningioma,Training,processed/kaggle_normalized/Training/meningioma/Tr-me_88.npz,train
Tr-me_423.npz,meningioma,Training,processed/kaggle_normalized/Training/meningioma/Tr-me_423.npz,train
Tr-pi_608.npz,pituitary,Training,processed/kaggle_normalized/Training/pituitary/Tr-pi_608.npz,train
Tr-no_433.npz,notumor,Training,processed/kaggle_normalized/Training/notumor/Tr-no_433.npz,train
Tr-no_479.npz,notumor,Training,processed/kaggle_normalized/Training/notumor/Tr-no_479.npz,train
Tr-me_429.npz,meningioma,Training,processed/kaggle_normalized/Training/meningioma/Tr-me_429.npz,train
Tr-no_85.npz,notumor,Training,processed/kaggle_normalized/Training/notumor/Tr-no_85.npz,train
Tr-gl_143.npz,glioma,Training,processed/kaggle_normalized/Training/glioma/Tr-gl_143.npz,train
Tr-no_266.npz,notumor,Training,processed/kaggle_normalized/Training/notumor/Tr-no_266.npz,train
Tr-no_450.npz,notumor,Training,processed/kaggle_normalized/Training/notumor/Tr-no_450.npz,train
Tr-me_45.npz,meningioma,Training,processed/kaggle_normalized/Training/meningioma/Tr-me_45.npz,train
Tr-no_25.npz,notumor,Training,processed/kaggle_normalized/Training/notumor/Tr-no_25.npz,train
Tr-pi_1114.npz,pituitary,Training,processed/kaggle_normalized/Training/pituitary/Tr-pi_1114.npz,train
Tr-pi_401.npz,pituitary,Training,processed/kaggle_normalized/Training/pituitary/Tr-pi_401.npz,train
Tr-gl_1126.npz,glioma,Training,processed/kaggle_normalized/Training/glioma/Tr-gl_1126.npz,train
Tr-pi_424.npz,pituitary,Training,processed/kaggle_normalized/Training/pituitary/Tr-pi_424.npz,train
Tr-me_133.npz,meningioma,Training,processed/kaggle_normalized/Training/meningioma/Tr-me_133.npz,train
Tr-me_783.npz,meningioma,Training,processed/kaggle_normalized/Training/meningioma/Tr-me_783.npz,train
Tr-pi_1396.npz,pituitary,Training,processed/kaggle_normalized/Training/pituitary/Tr-pi_1396.npz,train
Tr-me_1264.npz,meningioma,Training,processed/kaggle_normalized/Training/meningioma/Tr-me_1264.npz,train
Tr-no_1170.npz,notumor,Training,processed/kaggle_normalized/Training/notumor/Tr-no_1170.npz,train
Tr-pi_232.npz,pituitary,Training,processed/kaggle_normalized/Training/pituitary/Tr-pi_232.npz,train
Tr-me_1168.npz,meningioma,Training,processed/kaggle_normalized/Training/meningioma/Tr-me_1168.npz,train
Tr-gl_989.npz,glioma,Training,processed/kaggle_normalized/Training/glioma/Tr-gl_989.npz,train
Tr-gl_819.npz,glioma,Training,processed/kaggle_normalized/Training/glioma/Tr-gl_819.npz,train
Tr-pi_68.npz,pituitary,Training,processed/kaggle_normalized/Training/pituitary/Tr-pi_68.npz,train
Tr-me_580.npz,meningioma,Training,processed/kaggle_normalized/Training/meningioma/Tr-me_580.npz,train
Tr-gl_590.npz,glioma,Training,processed/kaggle_normalized/Training/glioma/Tr-gl_590.npz,train
Tr-gl_1367.npz,glioma,Training,processed/kaggle_normalized/Training/glioma/Tr-gl_1367.npz,train
Tr-no_1260.npz,notumor,Training,processed/kaggle_normalized/Training/notumor/Tr-no_1260.npz,train
Tr-gl_77.npz,glioma,Training,processed/kaggle_normalized/Training/glioma/Tr-gl_77.npz,train
Tr-gl_176.npz,glioma,Training,processed/kaggle_normalized/Training/glioma/Tr-gl_176.npz,train
Tr-pi_1363.npz,pituitary,Training,processed/kaggle_normalized/Training/pituitary/Tr-pi_1363.npz,train
Tr-no_790.npz,notumor,Training,processed/kaggle_normalized/Training/notumor/Tr-no_790.npz,train
Tr-no_1203.npz,notumor,Training,processed/kaggle_normalized/Training/notumor/Tr-no_1203.npz,train
Tr-me_767.npz,meningioma,Training,processed/kaggle_normalized/Training/meningioma/Tr-me_767.npz,train
Tr-me_226.npz,meningioma,Training,processed/kaggle_normalized/Training/meningioma/Tr-me_226.npz,train
Tr-pi_1224.npz,pituitary,Training,processed/kaggle_normalized/Training/pituitary/Tr-pi_1224.npz,train
Tr-gl_836.npz,glioma,Training,processed/kaggle_normalized/Training/glioma/Tr-gl_836.npz,train
Tr-pi_320.npz,pituitary,Training,processed/kaggle_normalized/Training/pituitary/Tr-pi_320.npz,train
Tr-gl_1311.npz,glioma,Training,processed/kaggle_normalized/Training/glioma/Tr-gl_1311.npz,train
Tr-gl_1251.npz,glioma,Training,processed/kaggle_normalized/Training/glioma/Tr-gl_1251.npz,train
Tr-gl_385.npz,glioma,Training,processed/kaggle_normalized/Training/glioma/Tr-gl_385.npz,train
Tr-gl_665.npz,glioma,Training,processed/kaggle_normalized/Training/glioma/Tr-gl_665.npz,train
Tr-no_380.npz,notumor,Training,processed/kaggle_normalized/Training/notumor/Tr-no_380.npz,train
Tr-gl_349.npz,glioma,Training,processed/kaggle_normalized/Training/glioma/Tr-gl_349.npz,train
Tr-me_218.npz,meningioma,Training,processed/kaggle_normalized/Training/meningioma/Tr-me_218.npz,train
Tr-no_1277.npz,notumor,Training,processed/kaggle_normalized/Training/notumor/Tr-no_1277.npz,train
Tr-gl_542.npz,glioma,Training,processed/kaggle_normalized/Training/glioma/Tr-gl_542.npz,train
Tr-no_398.npz,notumor,Training,processed/kaggle_normalized/Training/notumor/Tr-no_398.npz,train
Tr-me_692.npz,meningioma,Training,processed/kaggle_normalized/Training/meningioma/Tr-me_692.npz,train
Tr-pi_1024.npz,pituitary,Training,processed/kaggle_normalized/Training/pituitary/Tr-pi_1024.npz,train
Tr-no_402.npz,notumor,Training,processed/kaggle_normalized/Training/notumor/Tr-no_402.npz,train
Tr-gl_473.npz,glioma,Training,processed/kaggle_normalized/Training/glioma/Tr-gl_473.npz,train
Tr-gl_1129.npz,glioma,Training,processed/kaggle_normalized/Training/glioma/Tr-gl_1129.npz,train
Tr-no_34.npz,notumor,Training,processed/kaggle_normalized/Training/notumor/Tr-no_34.npz,train
Tr-pi_751.npz,pituitary,Training,processed/kaggle_normalized/Training/pituitary/Tr-pi_751.npz,train
Tr-pi_128.npz,pituitary,Training,processed/kaggle_normalized/Training/pituitary/Tr-pi_128.npz,train
Tr-gl_1187.npz,glioma,Training,processed/kaggle_normalized/Training/glioma/Tr-gl_1187.npz,train
Tr-no_218.npz,notumor,Training,processed/kaggle_normalized/Training/notumor/Tr-no_218.npz,train
Tr-pi_944.npz,pituitary,Training,processed/kaggle_normalized/Training/pituitary/Tr-pi_944.npz,train
Tr-pi_56.npz,pituitary,Training,processed/kaggle_normalized/Training/pituitary/Tr-pi_56.npz,train
Tr-gl_231.npz,glioma,Training,processed/kaggle_normalized/Training/glioma/Tr-gl_231.npz,train
Tr-pi_841.npz,pituitary,Training,processed/kaggle_normalized/Training/pituitary/Tr-pi_841.npz,train
Tr-me_204.npz,meningioma,Training,processed/kaggle_normalized/Training/meningioma/Tr-me_204.npz,train
Tr-gl_910.npz,glioma,Training,processed/kaggle_normalized/Training/glioma/Tr-gl_910.npz,train
Tr-gl_1377.npz,glioma,Training,processed/kaggle_normalized/Training/glioma/Tr-gl_1377.npz,train
Tr-pi_215.npz,pituitary,Training,processed/kaggle_normalized/Training/pituitary/Tr-pi_215.npz,train
Tr-pi_1217.npz,pituitary,Training,processed/kaggle_normalized/Training/pituitary/Tr-pi_1217.npz,train
Tr-no_488.npz,notumor,Training,processed/kaggle_normalized/Training/notumor/Tr-no_488.npz,train
Tr-gl_1151.npz,glioma,Training,processed/kaggle_normalized/Training/glioma/Tr-gl_1151.npz,train
Tr-pi_252.npz,pituitary,Training,processed/kaggle_normalized/Training/pituitary/Tr-pi_252.npz,train
Tr-no_528.npz,notumor,Training,processed/kaggle_normalized/Training/notumor/Tr-no_528.npz,train
Tr-me_722.npz,meningioma,Training,processed/kaggle_normalized/Training/meningioma/Tr-me_722.npz,train
Tr-no_710.npz,notumor,Training,processed/kaggle_normalized/Training/notumor/Tr-no_710.npz,train
Tr-me_806.npz,meningioma,Training,processed/kaggle_normalized/Training/meningioma/Tr-me_806.npz,train
Tr-gl_901.npz,glioma,Training,processed/kaggle_normalized/Training/glioma/Tr-gl_901.npz,train
Tr-no_860.npz,notumor,Training,processed/kaggle_normalized/Training/notumor/Tr-no_860.npz,train
Tr-no_1309.npz,notumor,Training,processed/kaggle_normalized/Training/notumor/Tr-no_1309.npz,train
Tr-gl_1398.npz,glioma,Training,processed/kaggle_normalized/Training/glioma/Tr-gl_1398.npz,train
Tr-no_1234.npz,notumor,Training,processed/kaggle_normalized/Training/notumor/Tr-no_1234.npz,train
Tr-me_974.npz,meningioma,Training,processed/kaggle_normalized/Training/meningioma/Tr-me_974.npz,train
Tr-pi_294.npz,pituitary,Training,processed/kaggle_normalized/Training/pituitary/Tr-pi_294.npz,train
Tr-me_445.npz,meningioma,Training,processed/kaggle_normalized/Training/meningioma/Tr-me_445.npz,train
Tr-pi_162.npz,pituitary,Training,processed/kaggle_normalized/Training/pituitary/Tr-pi_162.npz,train
Tr-me_14.npz,meningioma,Training,processed/kaggle_normalized/Training/meningioma/Tr-me_14.npz,train
Tr-no_672.npz,notumor,Training,processed/kaggle_normalized/Training/notumor/Tr-no_672.npz,train
Tr-pi_115.npz,pituitary,Training,processed/kaggle_normalized/Training/pituitary/Tr-pi_115.npz,train
Tr-me_1161.npz,meningioma,Training,processed/kaggle_normalized/Training/meningioma/Tr-me_1161.npz,train
Tr-no_1318.npz,notumor,Training,processed/kaggle_normalized/Training/notumor/Tr-no_1318.npz,train
Tr-gl_1203.npz,glioma,Training,processed/kaggle_normalized/Training/glioma/Tr-gl_1203.npz,train
Tr-no_757.npz,notumor,Training,processed/kaggle_normalized/Training/notumor/Tr-no_757.npz,train
Tr-gl_173.npz,glioma,Training,processed/kaggle_normalized/Training/glioma/Tr-gl_173.npz,train
Tr-pi_1339.npz,pituitary,Training,processed/kaggle_normalized/Training/pituitary/Tr-pi_1339.npz,train
Tr-me_1242.npz,meningioma,Training,processed/kaggle_normalized/Training/meningioma/Tr-me_1242.npz,train
Tr-gl_87.npz,glioma,Training,processed/kaggle_normalized/Training/glioma/Tr-gl_87.npz,train
Tr-pi_3.npz,pituitary,Training,processed/kaggle_normalized/Training/pituitary/Tr-pi_3.npz,train
Tr-pi_1360.npz,pituitary,Training,processed/kaggle_normalized/Training/pituitary/Tr-pi_1360.npz,train
Tr-no_334.npz,notumor,Training,processed/kaggle_normalized/Training/notumor/Tr-no_334.npz,train
Tr-pi_467.npz,pituitary,Training,processed/kaggle_normalized/Training/pituitary/Tr-pi_467.npz,train
Tr-me_1239.npz,meningioma,Training,processed/kaggle_normalized/Training/meningioma/Tr-me_1239.npz,train
Tr-no_1096.npz,notumor,Training,processed/kaggle_normalized/Training/notumor/Tr-no_1096.npz,train
Tr-me_162.npz,meningioma,Training,processed/kaggle_normalized/Training/meningioma/Tr-me_162.npz,train
Tr-gl_781.npz,glioma,Training,processed/kaggle_normalized/Training/glioma/Tr-gl_781.npz,train
Tr-no_193.npz,notumor,Training,processed/kaggle_normalized/Training/notumor/Tr-no_193.npz,train
Tr-pi_1112.npz,pituitary,Training,processed/kaggle_normalized/Training/pituitary/Tr-pi_1112.npz,train
Tr-pi_1205.npz,pituitary,Training,processed/kaggle_normalized/Training/pituitary/Tr-pi_1205.npz,train
Tr-me_763.npz,meningioma,Training,processed/kaggle_normalized/Training/meningioma/Tr-me_763.npz,train
Tr-aug-me_30.npz,meningioma,Training,processed/kaggle_normalized/Training/meningioma/Tr-aug-me_30.npz,train
Tr-me_341.npz,meningioma,Training,processed/kaggle_normalized/Training/meningioma/Tr-me_341.npz,train
Tr-gl_971.npz,glioma,Training,processed/kaggle_normalized/Training/glioma/Tr-gl_971.npz,train
Tr-me_1201.npz,meningioma,Training,processed/kaggle_normalized/Training/meningioma/Tr-me_1201.npz,train
Tr-pi_92.npz,pituitary,Training,processed/kaggle_normalized/Training/pituitary/Tr-pi_92.npz,train
Tr-no_605.npz,notumor,Training,processed/kaggle_normalized/Training/notumor/Tr-no_605.npz,train
Tr-me_40.npz,meningioma,Training,processed/kaggle_normalized/Training/meningioma/Tr-me_40.npz,train
Tr-me_706.npz,meningioma,Training,processed/kaggle_normalized/Training/meningioma/Tr-me_706.npz,train
Tr-no_733.npz,notumor,Training,processed/kaggle_normalized/Training/notumor/Tr-no_733.npz,train
Tr-me_992.npz,meningioma,Training,processed/kaggle_normalized/Training/meningioma/Tr-me_992.npz,train
Tr-me_670.npz,meningioma,Training,processed/kaggle_normalized/Training/meningioma/Tr-me_670.npz,train
Tr-me_988.npz,meningioma,Training,processed/kaggle_normalized/Training/meningioma/Tr-me_988.npz,train
Tr-me_885.npz,meningioma,Training,processed/kaggle_normalized/Training/meningioma/Tr-me_885.npz,train
Tr-gl_536.npz,glioma,Training,processed/kaggle_normalized/Training/glioma/Tr-gl_536.npz,train
Tr-pi_860.npz,pituitary,Training,processed/kaggle_normalized/Training/pituitary/Tr-pi_860.npz,train
Tr-me_346.npz,meningioma,Training,processed/kaggle_normalized/Training/meningioma/Tr-me_346.npz,train
Tr-gl_154.npz,glioma,Training,processed/kaggle_normalized/Training/glioma/Tr-gl_154.npz,train
Tr-me_191.npz,meningioma,Training,processed/kaggle_normalized/Training/meningioma/Tr-me_191.npz,train
Tr-me_134.npz,meningioma,Training,processed/kaggle_normalized/Training/meningioma/Tr-me_134.npz,train
Tr-pi_129.npz,pituitary,Training,processed/kaggle_normalized/Training/pituitary/Tr-pi_129.npz,train
Tr-no_1140.npz,notumor,Training,processed/kaggle_normalized/Training/notumor/Tr-no_1140.npz,train
Tr-me_878.npz,meningioma,Training,processed/kaggle_normalized/Training/meningioma/Tr-me_878.npz,train
Tr-me_952.npz,meningioma,Training,processed/kaggle_normalized/Training/meningioma/Tr-me_952.npz,train
Tr-me_549.npz,meningioma,Training,processed/kaggle_normalized/Training/meningioma/Tr-me_549.npz,train
Tr-no_370.npz,notumor,Training,processed/kaggle_normalized/Training/notumor/Tr-no_370.npz,train
Tr-me_1070.npz,meningioma,Training,processed/kaggle_normalized/Training/meningioma/Tr-me_1070.npz,train
Tr-me_884.npz,meningioma,Training,processed/kaggle_normalized/Training/meningioma/Tr-me_884.npz,train
Tr-me_105.npz,meningioma,Training,processed/kaggle_normalized/Training/meningioma/Tr-me_105.npz,train
Tr-no_561.npz,notumor,Training,processed/kaggle_normalized/Training/notumor/Tr-no_561.npz,train
Tr-pi_457.npz,pituitary,Training,processed/kaggle_normalized/Training/pituitary/Tr-pi_457.npz,train
Tr-pi_1139.npz,pituitary,Training,processed/kaggle_normalized/Training/pituitary/Tr-pi_1139.npz,train
Tr-me_412.npz,meningioma,Training,processed/kaggle_normalized/Training/meningioma/Tr-me_412.npz,train
Tr-no_45.npz,notumor,Training,processed/kaggle_normalized/Training/notumor/Tr-no_45.npz,train
Tr-me_416.npz,meningioma,Training,processed/kaggle_normalized/Training/meningioma/Tr-me_416.npz,train
Tr-pi_775.npz,pituitary,Training,processed/kaggle_normalized/Training/pituitary/Tr-pi_775.npz,train
Tr-gl_344.npz,glioma,Training,processed/kaggle_normalized/Training/glioma/Tr-gl_344.npz,train
Tr-gl_691.npz,glioma,Training,processed/kaggle_normalized/Training/glioma/Tr-gl_691.npz,train
Tr-me_1098.npz,meningioma,Training,processed/kaggle_normalized/Training/meningioma/Tr-me_1098.npz,train
Tr-gl_1054.npz,glioma,Training,processed/kaggle_normalized/Training/glioma/Tr-gl_1054.npz,train
Tr-gl_312.npz,glioma,Training,processed/kaggle_normalized/Training/glioma/Tr-gl_312.npz,train
Tr-no_1010.npz,notumor,Training,processed/kaggle_normalized/Training/notumor/Tr-no_1010.npz,train
Tr-pi_1073.npz,pituitary,Training,processed/kaggle_normalized/Training/pituitary/Tr-pi_1073.npz,train
Tr-me_1227.npz,meningioma,Training,processed/kaggle_normalized/Training/meningioma/Tr-me_1227.npz,train
Tr-aug-me_6.npz,meningioma,Training,processed/kaggle_normalized/Training/meningioma/Tr-aug-me_6.npz,train
Tr-pi_1198.npz,pituitary,Training,processed/kaggle_normalized/Training/pituitary/Tr-pi_1198.npz,train
Tr-no_759.npz,notumor,Training,processed/kaggle_normalized/Training/notumor/Tr-no_759.npz,train
Tr-pi_95.npz,pituitary,Training,processed/kaggle_normalized/Training/pituitary/Tr-pi_95.npz,train
Tr-gl_934.npz,glioma,Training,processed/kaggle_normalized/Training/glioma/Tr-gl_934.npz,train
Tr-me_347.npz,meningioma,Training,processed/kaggle_normalized/Training/meningioma/Tr-me_347.npz,train
Tr-pi_706.npz,pituitary,Training,processed/kaggle_normalized/Training/pituitary/Tr-pi_706.npz,train
Tr-me_1021.npz,meningioma,Training,processed/kaggle_normalized/Training/meningioma/Tr-me_1021.npz,train
Tr-gl_812.npz,glioma,Training,processed/kaggle_normalized/Training/glioma/Tr-gl_812.npz,train
Tr-no_185.npz,notumor,Training,processed/kaggle_normalized/Training/notumor/Tr-no_185.npz,train
Tr-me_859.npz,meningioma,Training,processed/kaggle_normalized/Training/meningioma/Tr-me_859.npz,train
Tr-gl_1372.npz,glioma,Training,processed/kaggle_normalized/Training/glioma/Tr-gl_1372.npz,train
Tr-me_1150.npz,meningioma,Training,processed/kaggle_normalized/Training/meningioma/Tr-me_1150.npz,train
Tr-no_1131.npz,notumor,Training,processed/kaggle_normalized/Training/notumor/Tr-no_1131.npz,train
Tr-pi_1007.npz,pituitary,Training,processed/kaggle_normalized/Training/pituitary/Tr-pi_1007.npz,train
Tr-me_1290.npz,meningioma,Training,processed/kaggle_normalized/Training/meningioma/Tr-me_1290.npz,train
Tr-me_227.npz,meningioma,Training,processed/kaggle_normalized/Training/meningioma/Tr-me_227.npz,train
Tr-pi_8.npz,pituitary,Training,processed/kaggle_normalized/Training/pituitary/Tr-pi_8.npz,train
Tr-me_1222.npz,meningioma,Training,processed/kaggle_normalized/Training/meningioma/Tr-me_1222.npz,train
Tr-me_929.npz,meningioma,Training,processed/kaggle_normalized/Training/meningioma/Tr-me_929.npz,train
Tr-no_378.npz,notumor,Training,processed/kaggle_normalized/Training/notumor/Tr-no_378.npz,train
Tr-no_460.npz,notumor,Training,processed/kaggle_normalized/Training/notumor/Tr-no_460.npz,train
Tr-pi_766.npz,pituitary,Training,processed/kaggle_normalized/Training/pituitary/Tr-pi_766.npz,train
Tr-me_1106.npz,meningioma,Training,processed/kaggle_normalized/Training/meningioma/Tr-me_1106.npz,train
Tr-gl_55.npz,glioma,Training,processed/kaggle_normalized/Training/glioma/Tr-gl_55.npz,train
Tr-gl_458.npz,glioma,Training,processed/kaggle_normalized/Training/glioma/Tr-gl_458.npz,train
Tr-me_67.npz,meningioma,Training,processed/kaggle_normalized/Training/meningioma/Tr-me_67.npz,train
Tr-no_563.npz,notumor,Training,processed/kaggle_normalized/Training/notumor/Tr-no_563.npz,train
Tr-gl_225.npz,glioma,Training,processed/kaggle_normalized/Training/glioma/Tr-gl_225.npz,train
Tr-pi_1255.npz,pituitary,Training,processed/kaggle_normalized/Training/pituitary/Tr-pi_1255.npz,train
Tr-no_1341.npz,notumor,Training,processed/kaggle_normalized/Training/notumor/Tr-no_1341.npz,train
Tr-gl_629.npz,glioma,Training,processed/kaggle_normalized/Training/glioma/Tr-gl_629.npz,train
Tr-me_677.npz,meningioma,Training,processed/kaggle_normalized/Training/meningioma/Tr-me_677.npz,train
Tr-me_96.npz,meningioma,Training,processed/kaggle_normalized/Training/meningioma/Tr-me_96.npz,train
Tr-no_157.npz,notumor,Training,processed/kaggle_normalized/Training/notumor/Tr-no_157.npz,train
Tr-no_534.npz,notumor,Training,processed/kaggle_normalized/Training/notumor/Tr-no_534.npz,train
Tr-gl_636.npz,glioma,Training,processed/kaggle_normalized/Training/glioma/Tr-gl_636.npz,train
Tr-pi_329.npz,pituitary,Training,processed/kaggle_normalized/Training/pituitary/Tr-pi_329.npz,train
Tr-no_797.npz,notumor,Training,processed/kaggle_normalized/Training/notumor/Tr-no_797.npz,train
Tr-pi_144.npz,pituitary,Training,processed/kaggle_normalized/Training/pituitary/Tr-pi_144.npz,train
Tr-pi_1345.npz,pituitary,Training,processed/kaggle_normalized/Training/pituitary/Tr-pi_1345.npz,train
Tr-pi_1336.npz,pituitary,Training,processed/kaggle_normalized/Training/pituitary/Tr-pi_1336.npz,train
Tr-no_1052.npz,notumor,Training,processed/kaggle_normalized/Training/notumor/Tr-no_1052.npz,train
Tr-pi_989.npz,pituitary,Training,processed/kaggle_normalized/Training/pituitary/Tr-pi_989.npz,train
Tr-gl_288.npz,glioma,Training,processed/kaggle_normalized/Training/glioma/Tr-gl_288.npz,train
Tr-no_275.npz,notumor,Training,processed/kaggle_normalized/Training/notumor/Tr-no_275.npz,train
Tr-gl_89.npz,glioma,Training,processed/kaggle_normalized/Training/glioma/Tr-gl_89.npz,train
Tr-me_578.npz,meningioma,Training,processed/kaggle_normalized/Training/meningioma/Tr-me_578.npz,train
Tr-pi_1142.npz,pituitary,Training,processed/kaggle_normalized/Training/pituitary/Tr-pi_1142.npz,train
Tr-gl_257.npz,glioma,Training,processed/kaggle_normalized/Training/glioma/Tr-gl_257.npz,train
Tr-gl_86.npz,glioma,Training,processed/kaggle_normalized/Training/glioma/Tr-gl_86.npz,train
Tr-pi_587.npz,pituitary,Training,processed/kaggle_normalized/Training/pituitary/Tr-pi_587.npz,train
Tr-me_512.npz,meningioma,Training,processed/kaggle_normalized/Training/meningioma/Tr-me_512.npz,train
Tr-me_779.npz,meningioma,Training,processed/kaggle_normalized/Training/meningioma/Tr-me_779.npz,train
Tr-pi_865.npz,pituitary,Training,processed/kaggle_normalized/Training/pituitary/Tr-pi_865.npz,train
Tr-no_1303.npz,notumor,Training,processed/kaggle_normalized/Training/notumor/Tr-no_1303.npz,train
Tr-pi_892.npz,pituitary,Training,processed/kaggle_normalized/Training/pituitary/Tr-pi_892.npz,train
Tr-me_503.npz,meningioma,Training,processed/kaggle_normalized/Training/meningioma/Tr-me_503.npz,train
Tr-me_841.npz,meningioma,Training,processed/kaggle_normalized/Training/meningioma/Tr-me_841.npz,train
Tr-pi_1165.npz,pituitary,Training,processed/kaggle_normalized/Training/pituitary/Tr-pi_1165.npz,train
Tr-pi_568.npz,pituitary,Training,processed/kaggle_normalized/Training/pituitary/Tr-pi_568.npz,train
Tr-pi_1159.npz,pituitary,Training,processed/kaggle_normalized/Training/pituitary/Tr-pi_1159.npz,train
Tr-pi_839.npz,pituitary,Training,processed/kaggle_normalized/Training/pituitary/Tr-pi_839.npz,train
Tr-pi_300.npz,pituitary,Training,processed/kaggle_normalized/Training/pituitary/Tr-pi_300.npz,train
Tr-gl_117.npz,glioma,Training,processed/kaggle_normalized/Training/glioma/Tr-gl_117.npz,train
Tr-gl_557.npz,glioma,Training,processed/kaggle_normalized/Training/glioma/Tr-gl_557.npz,train
Tr-me_56.npz,meningioma,Training,processed/kaggle_normalized/Training/meningioma/Tr-me_56.npz,train
Tr-gl_2.npz,glioma,Training,processed/kaggle_normalized/Training/glioma/Tr-gl_2.npz,train
Tr-me_1100.npz,meningioma,Training,processed/kaggle_normalized/Training/meningioma/Tr-me_1100.npz,train
Tr-no_837.npz,notumor,Training,processed/kaggle_normalized/Training/notumor/Tr-no_837.npz,train
Tr-pi_212.npz,pituitary,Training,processed/kaggle_normalized/Training/pituitary/Tr-pi_212.npz,train
Tr-me_556.npz,meningioma,Training,processed/kaggle_normalized/Training/meningioma/Tr-me_556.npz,train
Tr-pi_485.npz,pituitary,Training,processed/kaggle_normalized/Training/pituitary/Tr-pi_485.npz,train
Tr-gl_706.npz,glioma,Training,processed/kaggle_normalized/Training/glioma/Tr-gl_706.npz,train
Tr-no_611.npz,notumor,Training,processed/kaggle_normalized/Training/notumor/Tr-no_611.npz,train
Tr-gl_137.npz,glioma,Training,processed/kaggle_normalized/Training/glioma/Tr-gl_137.npz,train
Tr-me_47.npz,meningioma,Training,processed/kaggle_normalized/Training/meningioma/Tr-me_47.npz,train
Tr-gl_72.npz,glioma,Training,processed/kaggle_normalized/Training/glioma/Tr-gl_72.npz,train
Tr-gl_232.npz,glioma,Training,processed/kaggle_normalized/Training/glioma/Tr-gl_232.npz,train
Tr-no_765.npz,notumor,Training,processed/kaggle_normalized/Training/notumor/Tr-no_765.npz,train
Tr-pi_285.npz,pituitary,Training,processed/kaggle_normalized/Training/pituitary/Tr-pi_285.npz,train
Tr-gl_1145.npz,glioma,Training,processed/kaggle_normalized/Training/glioma/Tr-gl_1145.npz,train
Tr-pi_257.npz,pituitary,Training,processed/kaggle_normalized/Training/pituitary/Tr-pi_257.npz,train
Tr-gl_649.npz,glioma,Training,processed/kaggle_normalized/Training/glioma/Tr-gl_649.npz,train
Tr-no_824.npz,notumor,Training,processed/kaggle_normalized/Training/notumor/Tr-no_824.npz,train
Tr-me_500.npz,meningioma,Training,processed/kaggle_normalized/Training/meningioma/Tr-me_500.npz,train
Tr-me_801.npz,meningioma,Training,processed/kaggle_normalized/Training/meningioma/Tr-me_801.npz,train
Tr-me_192.npz,meningioma,Training,processed/kaggle_normalized/Training/meningioma/Tr-me_192.npz,train
Tr-pi_509.npz,pituitary,Training,processed/kaggle_normalized/Training/pituitary/Tr-pi_509.npz,train
Tr-pi_1203.npz,pituitary,Training,processed/kaggle_normalized/Training/pituitary/Tr-pi_1203.npz,train
Tr-me_152.npz,meningioma,Training,processed/kaggle_normalized/Training/meningioma/Tr-me_152.npz,train
Tr-pi_357.npz,pituitary,Training,processed/kaggle_normalized/Training/pituitary/Tr-pi_357.npz,train
Tr-no_1270.npz,notumor,Training,processed/kaggle_normalized/Training/notumor/Tr-no_1270.npz,train
Tr-pi_335.npz,pituitary,Training,processed/kaggle_normalized/Training/pituitary/Tr-pi_335.npz,train
Tr-no_1139.npz,notumor,Training,processed/kaggle_normalized/Training/notumor/Tr-no_1139.npz,train
Tr-gl_1248.npz,glioma,Training,processed/kaggle_normalized/Training/glioma/Tr-gl_1248.npz,train
Tr-no_1044.npz,notumor,Training,processed/kaggle_normalized/Training/notumor/Tr-no_1044.npz,train
Tr-gl_1224.npz,glioma,Training,processed/kaggle_normalized/Training/glioma/Tr-gl_1224.npz,train
Tr-pi_1277.npz,pituitary,Training,processed/kaggle_normalized/Training/pituitary/Tr-pi_1277.npz,train
Tr-gl_494.npz,glioma,Training,processed/kaggle_normalized/Training/glioma/Tr-gl_494.npz,train
Tr-pi_243.npz,pituitary,Training,processed/kaggle_normalized/Training/pituitary/Tr-pi_243.npz,train
Tr-pi_305.npz,pituitary,Training,processed/kaggle_normalized/Training/pituitary/Tr-pi_305.npz,train
Tr-gl_305.npz,glioma,Training,processed/kaggle_normalized/Training/glioma/Tr-gl_305.npz,train
Tr-pi_759.npz,pituitary,Training,processed/kaggle_normalized/Training/pituitary/Tr-pi_759.npz,train
Tr-me_1240.npz,meningioma,Training,processed/kaggle_normalized/Training/meningioma/Tr-me_1240.npz,train
Tr-me_913.npz,meningioma,Training,processed/kaggle_normalized/Training/meningioma/Tr-me_913.npz,train
Tr-me_276.npz,meningioma,Training,processed/kaggle_normalized/Training/meningioma/Tr-me_276.npz,train
Tr-gl_889.npz,glioma,Training,processed/kaggle_normalized/Training/glioma/Tr-gl_889.npz,train
Tr-me_154.npz,meningioma,Training,processed/kaggle_normalized/Training/meningioma/Tr-me_154.npz,train
Tr-pi_643.npz,pituitary,Training,processed/kaggle_normalized/Training/pituitary/Tr-pi_643.npz,train
Tr-pi_1020.npz,pituitary,Training,processed/kaggle_normalized/Training/pituitary/Tr-pi_1020.npz,train
Tr-no_993.npz,notumor,Training,processed/kaggle_normalized/Training/notumor/Tr-no_993.npz,train
Tr-gl_252.npz,glioma,Training,processed/kaggle_normalized/Training/glioma/Tr-gl_252.npz,train
Tr-no_382.npz,notumor,Training,processed/kaggle_normalized/Training/notumor/Tr-no_382.npz,train
Tr-pi_1284.npz,pituitary,Training,processed/kaggle_normalized/Training/pituitary/Tr-pi_1284.npz,train
Tr-pi_1177.npz,pituitary,Training,processed/kaggle_normalized/Training/pituitary/Tr-pi_1177.npz,train
Tr-me_1277.npz,meningioma,Training,processed/kaggle_normalized/Training/meningioma/Tr-me_1277.npz,train
Tr-pi_595.npz,pituitary,Training,processed/kaggle_normalized/Training/pituitary/Tr-pi_595.npz,train
Tr-me_747.npz,meningioma,Training,processed/kaggle_normalized/Training/meningioma/Tr-me_747.npz,train
Tr-me_912.npz,meningioma,Training,processed/kaggle_normalized/Training/meningioma/Tr-me_912.npz,train
Tr-aug-me_66.npz,meningioma,Training,processed/kaggle_normalized/Training/meningioma/Tr-aug-me_66.npz,train
Tr-gl_1032.npz,glioma,Training,processed/kaggle_normalized/Training/glioma/Tr-gl_1032.npz,train
Tr-no_1394.npz,notumor,Training,processed/kaggle_normalized/Training/notumor/Tr-no_1394.npz,train
Tr-gl_26.npz,glioma,Training,processed/kaggle_normalized/Training/glioma/Tr-gl_26.npz,train
Tr-gl_149.npz,glioma,Training,processed/kaggle_normalized/Training/glioma/Tr-gl_149.npz,train
Tr-pi_1262.npz,pituitary,Training,processed/kaggle_normalized/Training/pituitary/Tr-pi_1262.npz,train
Tr-no_400.npz,notumor,Training,processed/kaggle_normalized/Training/notumor/Tr-no_400.npz,train
Tr-me_1127.npz,meningioma,Training,processed/kaggle_normalized/Training/meningioma/Tr-me_1127.npz,train
Tr-no_1215.npz,notumor,Training,processed/kaggle_normalized/Training/notumor/Tr-no_1215.npz,train
Tr-pi_87.npz,pituitary,Training,processed/kaggle_normalized/Training/pituitary/Tr-pi_87.npz,train
Tr-no_304.npz,notumor,Training,processed/kaggle_normalized/Training/notumor/Tr-no_304.npz,train
Tr-no_505.npz,notumor,Training,processed/kaggle_normalized/Training/notumor/Tr-no_505.npz,train
Tr-gl_808.npz,glioma,Training,processed/kaggle_normalized/Training/glioma/Tr-gl_808.npz,train
Tr-gl_641.npz,glioma,Training,processed/kaggle_normalized/Training/glioma/Tr-gl_641.npz,train
Tr-no_524.npz,notumor,Training,processed/kaggle_normalized/Training/notumor/Tr-no_524.npz,train
Tr-me_918.npz,meningioma,Training,processed/kaggle_normalized/Training/meningioma/Tr-me_918.npz,train
Tr-gl_38.npz,glioma,Training,processed/kaggle_normalized/Training/glioma/Tr-gl_38.npz,train
Tr-me_1199.npz,meningioma,Training,processed/kaggle_normalized/Training/meningioma/Tr-me_1199.npz,train
Tr-no_316.npz,notumor,Training,processed/kaggle_normalized/Training/notumor/Tr-no_316.npz,train
Tr-no_816.npz,notumor,Training,processed/kaggle_normalized/Training/notumor/Tr-no_816.npz,train
Tr-no_397.npz,notumor,Training,processed/kaggle_normalized/Training/notumor/Tr-no_397.npz,train
Tr-me_845.npz,meningioma,Training,processed/kaggle_normalized/Training/meningioma/Tr-me_845.npz,train
Tr-pi_527.npz,pituitary,Training,processed/kaggle_normalized/Training/pituitary/Tr-pi_527.npz,train
Tr-pi_228.npz,pituitary,Training,processed/kaggle_normalized/Training/pituitary/Tr-pi_228.npz,train
Tr-me_277.npz,meningioma,Training,processed/kaggle_normalized/Training/meningioma/Tr-me_277.npz,train
Tr-pi_955.npz,pituitary,Training,processed/kaggle_normalized/Training/pituitary/Tr-pi_955.npz,train
Tr-no_452.npz,notumor,Training,processed/kaggle_normalized/Training/notumor/Tr-no_452.npz,train
Tr-no_86.npz,notumor,Training,processed/kaggle_normalized/Training/notumor/Tr-no_86.npz,train
Tr-gl_817.npz,glioma,Training,processed/kaggle_normalized/Training/glioma/Tr-gl_817.npz,train
Tr-no_468.npz,notumor,Training,processed/kaggle_normalized/Training/notumor/Tr-no_468.npz,train
Tr-aug-me_11.npz,meningioma,Training,processed/kaggle_normalized/Training/meningioma/Tr-aug-me_11.npz,train
Tr-pi_963.npz,pituitary,Training,processed/kaggle_normalized/Training/pituitary/Tr-pi_963.npz,train
Tr-pi_359.npz,pituitary,Training,processed/kaggle_normalized/Training/pituitary/Tr-pi_359.npz,train
Tr-gl_539.npz,glioma,Training,processed/kaggle_normalized/Training/glioma/Tr-gl_539.npz,train
Tr-no_405.npz,notumor,Training,processed/kaggle_normalized/Training/notumor/Tr-no_405.npz,train
Tr-me_15.npz,meningioma,Training,processed/kaggle_normalized/Training/meningioma/Tr-me_15.npz,train
Tr-no_221.npz,notumor,Training,processed/kaggle_normalized/Training/notumor/Tr-no_221.npz,train
Tr-me_707.npz,meningioma,Training,processed/kaggle_normalized/Training/meningioma/Tr-me_707.npz,train
Tr-me_728.npz,meningioma,Training,processed/kaggle_normalized/Training/meningioma/Tr-me_728.npz,train
Tr-no_1002.npz,notumor,Training,processed/kaggle_normalized/Training/notumor/Tr-no_1002.npz,train
Tr-gl_427.npz,glioma,Training,processed/kaggle_normalized/Training/glioma/Tr-gl_427.npz,train
Tr-no_662.npz,notumor,Training,processed/kaggle_normalized/Training/notumor/Tr-no_662.npz,train
Tr-me_736.npz,meningioma,Training,processed/kaggle_normalized/Training/meningioma/Tr-me_736.npz,train
Tr-no_1282.npz,notumor,Training,processed/kaggle_normalized/Training/notumor/Tr-no_1282.npz,train
Tr-me_889.npz,meningioma,Training,processed/kaggle_normalized/Training/meningioma/Tr-me_889.npz,train
Tr-pi_992.npz,pituitary,Training,processed/kaggle_normalized/Training/pituitary/Tr-pi_992.npz,train
Tr-gl_986.npz,glioma,Training,processed/kaggle_normalized/Training/glioma/Tr-gl_986.npz,train
Tr-pi_351.npz,pituitary,Training,processed/kaggle_normalized/Training/pituitary/Tr-pi_351.npz,train
Tr-pi_1147.npz,pituitary,Training,processed/kaggle_normalized/Training/pituitary/Tr-pi_1147.npz,train
Tr-no_853.npz,notumor,Training,processed/kaggle_normalized/Training/notumor/Tr-no_853.npz,train
Tr-no_996.npz,notumor,Training,processed/kaggle_normalized/Training/notumor/Tr-no_996.npz,train
Tr-gl_1336.npz,glioma,Training,processed/kaggle_normalized/Training/glioma/Tr-gl_1336.npz,train
Tr-gl_1326.npz,glioma,Training,processed/kaggle_normalized/Training/glioma/Tr-gl_1326.npz,train
Tr-gl_1255.npz,glioma,Training,processed/kaggle_normalized/Training/glioma/Tr-gl_1255.npz,train
Tr-me_1224.npz,meningioma,Training,processed/kaggle_normalized/Training/meningioma/Tr-me_1224.npz,train
Tr-me_973.npz,meningioma,Training,processed/kaggle_normalized/Training/meningioma/Tr-me_973.npz,train
Tr-no_871.npz,notumor,Training,processed/kaggle_normalized/Training/notumor/Tr-no_871.npz,train
Tr-me_318.npz,meningioma,Training,processed/kaggle_normalized/Training/meningioma/Tr-me_318.npz,train
Tr-pi_1282.npz,pituitary,Training,processed/kaggle_normalized/Training/pituitary/Tr-pi_1282.npz,train
Tr-me_832.npz,meningioma,Training,processed/kaggle_normalized/Training/meningioma/Tr-me_832.npz,train
Tr-no_178.npz,notumor,Training,processed/kaggle_normalized/Training/notumor/Tr-no_178.npz,train
Tr-no_562.npz,notumor,Training,processed/kaggle_normalized/Training/notumor/Tr-no_562.npz,train
Tr-no_1382.npz,notumor,Training,processed/kaggle_normalized/Training/notumor/Tr-no_1382.npz,train
Tr-pi_4.npz,pituitary,Training,processed/kaggle_normalized/Training/pituitary/Tr-pi_4.npz,train
Tr-pi_421.npz,pituitary,Training,processed/kaggle_normalized/Training/pituitary/Tr-pi_421.npz,train
Tr-me_232.npz,meningioma,Training,processed/kaggle_normalized/Training/meningioma/Tr-me_232.npz,train
Tr-gl_1024.npz,glioma,Training,processed/kaggle_normalized/Training/glioma/Tr-gl_1024.npz,train
Tr-me_1020.npz,meningioma,Training,processed/kaggle_normalized/Training/meningioma/Tr-me_1020.npz,train
Tr-no_1202.npz,notumor,Training,processed/kaggle_normalized/Training/notumor/Tr-no_1202.npz,train
Tr-me_842.npz,meningioma,Training,processed/kaggle_normalized/Training/meningioma/Tr-me_842.npz,train
Tr-pi_1111.npz,pituitary,Training,processed/kaggle_normalized/Training/pituitary/Tr-pi_1111.npz,train
Tr-pi_54.npz,pituitary,Training,processed/kaggle_normalized/Training/pituitary/Tr-pi_54.npz,train
Tr-me_864.npz,meningioma,Training,processed/kaggle_normalized/Training/meningioma/Tr-me_864.npz,train
Tr-pi_1397.npz,pituitary,Training,processed/kaggle_normalized/Training/pituitary/Tr-pi_1397.npz,train
Tr-gl_1229.npz,glioma,Training,processed/kaggle_normalized/Training/glioma/Tr-gl_1229.npz,train
Tr-me_748.npz,meningioma,Training,processed/kaggle_normalized/Training/meningioma/Tr-me_748.npz,train
Tr-gl_400.npz,glioma,Training,processed/kaggle_normalized/Training/glioma/Tr-gl_400.npz,train
Tr-gl_1400.npz,glioma,Training,processed/kaggle_normalized/Training/glioma/Tr-gl_1400.npz,train
Tr-me_1035.npz,meningioma,Training,processed/kaggle_normalized/Training/meningioma/Tr-me_1035.npz,train
Tr-me_89.npz,meningioma,Training,processed/kaggle_normalized/Training/meningioma/Tr-me_89.npz,train
Tr-gl_1117.npz,glioma,Training,processed/kaggle_normalized/Training/glioma/Tr-gl_1117.npz,train
Tr-me_235.npz,meningioma,Training,processed/kaggle_normalized/Training/meningioma/Tr-me_235.npz,train
Tr-no_943.npz,notumor,Training,processed/kaggle_normalized/Training/notumor/Tr-no_943.npz,train
Tr-me_664.npz,meningioma,Training,processed/kaggle_normalized/Training/meningioma/Tr-me_664.npz,train
Tr-gl_607.npz,glioma,Training,processed/kaggle_normalized/Training/glioma/Tr-gl_607.npz,train
Tr-me_1268.npz,meningioma,Training,processed/kaggle_normalized/Training/meningioma/Tr-me_1268.npz,train
Tr-no_288.npz,notumor,Training,processed/kaggle_normalized/Training/notumor/Tr-no_288.npz,train
Tr-no_1152.npz,notumor,Training,processed/kaggle_normalized/Training/notumor/Tr-no_1152.npz,train
Tr-no_817.npz,notumor,Training,processed/kaggle_normalized/Training/notumor/Tr-no_817.npz,train
Tr-gl_37.npz,glioma,Training,processed/kaggle_normalized/Training/glioma/Tr-gl_37.npz,train
Tr-me_811.npz,meningioma,Training,processed/kaggle_normalized/Training/meningioma/Tr-me_811.npz,train
Tr-gl_285.npz,glioma,Training,processed/kaggle_normalized/Training/glioma/Tr-gl_285.npz,train
Tr-no_278.npz,notumor,Training,processed/kaggle_normalized/Training/notumor/Tr-no_278.npz,train
Tr-gl_24.npz,glioma,Training,processed/kaggle_normalized/Training/glioma/Tr-gl_24.npz,train
Tr-pi_1002.npz,pituitary,Training,processed/kaggle_normalized/Training/pituitary/Tr-pi_1002.npz,train
Tr-gl_217.npz,glioma,Training,processed/kaggle_normalized/Training/glioma/Tr-gl_217.npz,train
Tr-no_946.npz,notumor,Training,processed/kaggle_normalized/Training/notumor/Tr-no_946.npz,train
Tr-no_342.npz,notumor,Training,processed/kaggle_normalized/Training/notumor/Tr-no_342.npz,train
Tr-no_1051.npz,notumor,Training,processed/kaggle_normalized/Training/notumor/Tr-no_1051.npz,train
Tr-no_41.npz,notumor,Training,processed/kaggle_normalized/Training/notumor/Tr-no_41.npz,train
Tr-pi_927.npz,pituitary,Training,processed/kaggle_normalized/Training/pituitary/Tr-pi_927.npz,train
Tr-pi_1113.npz,pituitary,Training,processed/kaggle_normalized/Training/pituitary/Tr-pi_1113.npz,train
Tr-no_703.npz,notumor,Training,processed/kaggle_normalized/Training/notumor/Tr-no_703.npz,train
Tr-me_118.npz,meningioma,Training,processed/kaggle_normalized/Training/meningioma/Tr-me_118.npz,train
Tr-gl_908.npz,glioma,Training,processed/kaggle_normalized/Training/glioma/Tr-gl_908.npz,train
Tr-pi_9.npz,pituitary,Training,processed/kaggle_normalized/Training/pituitary/Tr-pi_9.npz,train
Tr-me_850.npz,meningioma,Training,processed/kaggle_normalized/Training/meningioma/Tr-me_850.npz,train
Tr-me_177.npz,meningioma,Training,processed/kaggle_normalized/Training/meningioma/Tr-me_177.npz,train
Tr-no_935.npz,notumor,Training,processed/kaggle_normalized/Training/notumor/Tr-no_935.npz,train
Tr-gl_976.npz,glioma,Training,processed/kaggle_normalized/Training/glioma/Tr-gl_976.npz,train
Tr-no_712.npz,notumor,Training,processed/kaggle_normalized/Training/notumor/Tr-no_712.npz,train
Tr-no_591.npz,notumor,Training,processed/kaggle_normalized/Training/notumor/Tr-no_591.npz,train
Tr-no_626.npz,notumor,Training,processed/kaggle_normalized/Training/notumor/Tr-no_626.npz,train
Tr-gl_556.npz,glioma,Training,processed/kaggle_normalized/Training/glioma/Tr-gl_556.npz,train
Tr-gl_1088.npz,glioma,Training,processed/kaggle_normalized/Training/glioma/Tr-gl_1088.npz,train
Tr-no_328.npz,notumor,Training,processed/kaggle_normalized/Training/notumor/Tr-no_328.npz,train
Tr-no_515.npz,notumor,Training,processed/kaggle_normalized/Training/notumor/Tr-no_515.npz,train
Tr-gl_445.npz,glioma,Training,processed/kaggle_normalized/Training/glioma/Tr-gl_445.npz,train
Tr-no_180.npz,notumor,Training,processed/kaggle_normalized/Training/notumor/Tr-no_180.npz,train
Tr-pi_234.npz,pituitary,Training,processed/kaggle_normalized/Training/pituitary/Tr-pi_234.npz,train
Tr-no_375.npz,notumor,Training,processed/kaggle_normalized/Training/notumor/Tr-no_375.npz,train
Tr-gl_342.npz,glioma,Training,processed/kaggle_normalized/Training/glioma/Tr-gl_342.npz,train
Tr-pi_111.npz,pituitary,Training,processed/kaggle_normalized/Training/pituitary/Tr-pi_111.npz,train
Tr-me_644.npz,meningioma,Training,processed/kaggle_normalized/Training/meningioma/Tr-me_644.npz,train
Tr-me_797.npz,meningioma,Training,processed/kaggle_normalized/Training/meningioma/Tr-me_797.npz,train
Tr-no_991.npz,notumor,Training,processed/kaggle_normalized/Training/notumor/Tr-no_991.npz,train
Tr-no_752.npz,notumor,Training,processed/kaggle_normalized/Training/notumor/Tr-no_752.npz,train
Tr-me_1187.npz,meningioma,Training,processed/kaggle_normalized/Training/meningioma/Tr-me_1187.npz,train
Tr-me_438.npz,meningioma,Training,processed/kaggle_normalized/Training/meningioma/Tr-me_438.npz,train
Tr-pi_1201.npz,pituitary,Training,processed/kaggle_normalized/Training/pituitary/Tr-pi_1201.npz,train
Tr-gl_18.npz,glioma,Training,processed/kaggle_normalized/Training/glioma/Tr-gl_18.npz,train
Tr-no_1120.npz,notumor,Training,processed/kaggle_normalized/Training/notumor/Tr-no_1120.npz,train
Tr-gl_1160.npz,glioma,Training,processed/kaggle_normalized/Training/glioma/Tr-gl_1160.npz,train
Tr-no_1238.npz,notumor,Training,processed/kaggle_normalized/Training/notumor/Tr-no_1238.npz,train
Tr-pi_82.npz,pituitary,Training,processed/kaggle_normalized/Training/pituitary/Tr-pi_82.npz,train
Tr-me_458.npz,meningioma,Training,processed/kaggle_normalized/Training/meningioma/Tr-me_458.npz,train
Tr-me_518.npz,meningioma,Training,processed/kaggle_normalized/Training/meningioma/Tr-me_518.npz,train
Tr-me_569.npz,meningioma,Training,processed/kaggle_normalized/Training/meningioma/Tr-me_569.npz,train
Tr-no_858.npz,notumor,Training,processed/kaggle_normalized/Training/notumor/Tr-no_858.npz,train
Tr-no_522.npz,notumor,Training,processed/kaggle_normalized/Training/notumor/Tr-no_522.npz,train
Tr-pi_442.npz,pituitary,Training,processed/kaggle_normalized/Training/pituitary/Tr-pi_442.npz,train
Tr-pi_707.npz,pituitary,Training,processed/kaggle_normalized/Training/pituitary/Tr-pi_707.npz,train
Tr-me_1296.npz,meningioma,Training,processed/kaggle_normalized/Training/meningioma/Tr-me_1296.npz,train
Tr-gl_912.npz,glioma,Training,processed/kaggle_normalized/Training/glioma/Tr-gl_912.npz,train
Tr-no_184.npz,notumor,Training,processed/kaggle_normalized/Training/notumor/Tr-no_184.npz,train
Tr-me_1111.npz,meningioma,Training,processed/kaggle_normalized/Training/meningioma/Tr-me_1111.npz,train
Tr-gl_399.npz,glioma,Training,processed/kaggle_normalized/Training/glioma/Tr-gl_399.npz,train
Tr-pi_1041.npz,pituitary,Training,processed/kaggle_normalized/Training/pituitary/Tr-pi_1041.npz,train
Tr-pi_44.npz,pituitary,Training,processed/kaggle_normalized/Training/pituitary/Tr-pi_44.npz,train
Tr-gl_457.npz,glioma,Training,processed/kaggle_normalized/Training/glioma/Tr-gl_457.npz,train
Tr-me_449.npz,meningioma,Training,processed/kaggle_normalized/Training/meningioma/Tr-me_449.npz,train
Tr-pi_769.npz,pituitary,Training,processed/kaggle_normalized/Training/pituitary/Tr-pi_769.npz,train
Tr-no_322.npz,notumor,Training,processed/kaggle_normalized/Training/notumor/Tr-no_322.npz,train
Tr-no_697.npz,notumor,Training,processed/kaggle_normalized/Training/notumor/Tr-no_697.npz,train
Tr-aug-me_52.npz,meningioma,Training,processed/kaggle_normalized/Training/meningioma/Tr-aug-me_52.npz,train
Tr-gl_1199.npz,glioma,Training,processed/kaggle_normalized/Training/glioma/Tr-gl_1199.npz,train
Tr-gl_170.npz,glioma,Training,processed/kaggle_normalized/Training/glioma/Tr-gl_170.npz,train
Tr-me_1212.npz,meningioma,Training,processed/kaggle_normalized/Training/meningioma/Tr-me_1212.npz,train
Tr-gl_54.npz,glioma,Training,processed/kaggle_normalized/Training/glioma/Tr-gl_54.npz,train
Tr-gl_193.npz,glioma,Training,processed/kaggle_normalized/Training/glioma/Tr-gl_193.npz,train
Tr-me_1216.npz,meningioma,Training,processed/kaggle_normalized/Training/meningioma/Tr-me_1216.npz,train
Tr-no_555.npz,notumor,Training,processed/kaggle_normalized/Training/notumor/Tr-no_555.npz,train
Tr-pi_1386.npz,pituitary,Training,processed/kaggle_normalized/Training/pituitary/Tr-pi_1386.npz,train
Tr-no_323.npz,notumor,Training,processed/kaggle_normalized/Training/notumor/Tr-no_323.npz,train
Tr-pi_925.npz,pituitary,Training,processed/kaggle_normalized/Training/pituitary/Tr-pi_925.npz,train
Tr-no_732.npz,notumor,Training,processed/kaggle_normalized/Training/notumor/Tr-no_732.npz,train
Tr-gl_1202.npz,glioma,Training,processed/kaggle_normalized/Training/glioma/Tr-gl_1202.npz,train
Tr-pi_66.npz,pituitary,Training,processed/kaggle_normalized/Training/pituitary/Tr-pi_66.npz,train
Tr-me_407.npz,meningioma,Training,processed/kaggle_normalized/Training/meningioma/Tr-me_407.npz,train
Tr-gl_4.npz,glioma,Training,processed/kaggle_normalized/Training/glioma/Tr-gl_4.npz,train
Tr-no_828.npz,notumor,Training,processed/kaggle_normalized/Training/notumor/Tr-no_828.npz,train
Tr-gl_1329.npz,glioma,Training,processed/kaggle_normalized/Training/glioma/Tr-gl_1329.npz,train
Tr-pi_274.npz,pituitary,Training,processed/kaggle_normalized/Training/pituitary/Tr-pi_274.npz,train
Tr-gl_766.npz,glioma,Training,processed/kaggle_normalized/Training/glioma/Tr-gl_766.npz,train
Tr-no_1185.npz,notumor,Training,processed/kaggle_normalized/Training/notumor/Tr-no_1185.npz,train
Tr-no_1043.npz,notumor,Training,processed/kaggle_normalized/Training/notumor/Tr-no_1043.npz,train
Tr-no_132.npz,notumor,Training,processed/kaggle_normalized/Training/notumor/Tr-no_132.npz,train
Tr-no_638.npz,notumor,Training,processed/kaggle_normalized/Training/notumor/Tr-no_638.npz,train
Tr-me_802.npz,meningioma,Training,processed/kaggle_normalized/Training/meningioma/Tr-me_802.npz,train
Tr-me_1112.npz,meningioma,Training,processed/kaggle_normalized/Training/meningioma/Tr-me_1112.npz,train
Tr-pi_1335.npz,pituitary,Training,processed/kaggle_normalized/Training/pituitary/Tr-pi_1335.npz,train
Tr-aug-me_37.npz,meningioma,Training,processed/kaggle_normalized/Training/meningioma/Tr-aug-me_37.npz,train
Tr-gl_833.npz,glioma,Training,processed/kaggle_normalized/Training/glioma/Tr-gl_833.npz,train
Tr-gl_1116.npz,glioma,Training,processed/kaggle_normalized/Training/glioma/Tr-gl_1116.npz,train
Tr-no_1223.npz,notumor,Training,processed/kaggle_normalized/Training/notumor/Tr-no_1223.npz,train
Tr-gl_1079.npz,glioma,Training,processed/kaggle_normalized/Training/glioma/Tr-gl_1079.npz,train
Tr-gl_704.npz,glioma,Training,processed/kaggle_normalized/Training/glioma/Tr-gl_704.npz,train
Tr-gl_645.npz,glioma,Training,processed/kaggle_normalized/Training/glioma/Tr-gl_645.npz,train
Tr-me_819.npz,meningioma,Training,processed/kaggle_normalized/Training/meningioma/Tr-me_819.npz,train
Tr-pi_528.npz,pituitary,Training,processed/kaggle_normalized/Training/pituitary/Tr-pi_528.npz,train
Tr-gl_969.npz,glioma,Training,processed/kaggle_normalized/Training/glioma/Tr-gl_969.npz,train
Tr-me_1235.npz,meningioma,Training,processed/kaggle_normalized/Training/meningioma/Tr-me_1235.npz,train
Tr-gl_183.npz,glioma,Training,processed/kaggle_normalized/Training/glioma/Tr-gl_183.npz,train
Tr-me_778.npz,meningioma,Training,processed/kaggle_normalized/Training/meningioma/Tr-me_778.npz,train
Tr-pi_1069.npz,pituitary,Training,processed/kaggle_normalized/Training/pituitary/Tr-pi_1069.npz,train
Tr-pi_1192.npz,pituitary,Training,processed/kaggle_normalized/Training/pituitary/Tr-pi_1192.npz,train
Tr-no_1111.npz,notumor,Training,processed/kaggle_normalized/Training/notumor/Tr-no_1111.npz,train
Tr-pi_660.npz,pituitary,Training,processed/kaggle_normalized/Training/pituitary/Tr-pi_660.npz,train
Tr-gl_40.npz,glioma,Training,processed/kaggle_normalized/Training/glioma/Tr-gl_40.npz,train
Tr-gl_439.npz,glioma,Training,processed/kaggle_normalized/Training/glioma/Tr-gl_439.npz,train
Tr-me_914.npz,meningioma,Training,processed/kaggle_normalized/Training/meningioma/Tr-me_914.npz,train
Tr-gl_1060.npz,glioma,Training,processed/kaggle_normalized/Training/glioma/Tr-gl_1060.npz,train
Tr-me_1261.npz,meningioma,Training,processed/kaggle_normalized/Training/meningioma/Tr-me_1261.npz,train
Tr-gl_669.npz,glioma,Training,processed/kaggle_normalized/Training/glioma/Tr-gl_669.npz,train
Tr-me_765.npz,meningioma,Training,processed/kaggle_normalized/Training/meningioma/Tr-me_765.npz,train
Tr-me_107.npz,meningioma,Training,processed/kaggle_normalized/Training/meningioma/Tr-me_107.npz,train
Tr-gl_467.npz,glioma,Training,processed/kaggle_normalized/Training/glioma/Tr-gl_467.npz,train
Tr-pi_1204.npz,pituitary,Training,processed/kaggle_normalized/Training/pituitary/Tr-pi_1204.npz,train
Tr-gl_1352.npz,glioma,Training,processed/kaggle_normalized/Training/glioma/Tr-gl_1352.npz,train
Tr-no_406.npz,notumor,Training,processed/kaggle_normalized/Training/notumor/Tr-no_406.npz,train
Tr-me_457.npz,meningioma,Training,processed/kaggle_normalized/Training/meningioma/Tr-me_457.npz,train
Tr-me_258.npz,meningioma,Training,processed/kaggle_normalized/Training/meningioma/Tr-me_258.npz,train
Tr-gl_139.npz,glioma,Training,processed/kaggle_normalized/Training/glioma/Tr-gl_139.npz,train
Tr-gl_375.npz,glioma,Training,processed/kaggle_normalized/Training/glioma/Tr-gl_375.npz,train
Tr-pi_1374.npz,pituitary,Training,processed/kaggle_normalized/Training/pituitary/Tr-pi_1374.npz,train
Tr-pi_97.npz,pituitary,Training,processed/kaggle_normalized/Training/pituitary/Tr-pi_97.npz,train
Tr-gl_404.npz,glioma,Training,processed/kaggle_normalized/Training/glioma/Tr-gl_404.npz,train
Tr-gl_638.npz,glioma,Training,processed/kaggle_normalized/Training/glioma/Tr-gl_638.npz,train
Tr-gl_1124.npz,glioma,Training,processed/kaggle_normalized/Training/glioma/Tr-gl_1124.npz,train
Tr-gl_1174.npz,glioma,Training,processed/kaggle_normalized/Training/glioma/Tr-gl_1174.npz,train
Tr-gl_689.npz,glioma,Training,processed/kaggle_normalized/Training/glioma/Tr-gl_689.npz,train
Tr-pi_834.npz,pituitary,Training,processed/kaggle_normalized/Training/pituitary/Tr-pi_834.npz,train
Tr-no_250.npz,notumor,Training,processed/kaggle_normalized/Training/notumor/Tr-no_250.npz,train
Tr-no_314.npz,notumor,Training,processed/kaggle_normalized/Training/notumor/Tr-no_314.npz,train
Tr-pi_1333.npz,pituitary,Training,processed/kaggle_normalized/Training/pituitary/Tr-pi_1333.npz,train
Tr-no_771.npz,notumor,Training,processed/kaggle_normalized/Training/notumor/Tr-no_771.npz,train
Tr-pi_684.npz,pituitary,Training,processed/kaggle_normalized/Training/pituitary/Tr-pi_684.npz,train
Tr-gl_397.npz,glioma,Training,processed/kaggle_normalized/Training/glioma/Tr-gl_397.npz,train
Tr-gl_941.npz,glioma,Training,processed/kaggle_normalized/Training/glioma/Tr-gl_941.npz,train
Tr-pi_450.npz,pituitary,Training,processed/kaggle_normalized/Training/pituitary/Tr-pi_450.npz,train
Tr-no_647.npz,notumor,Training,processed/kaggle_normalized/Training/notumor/Tr-no_647.npz,train
Tr-me_386.npz,meningioma,Training,processed/kaggle_normalized/Training/meningioma/Tr-me_386.npz,train
Tr-pi_190.npz,pituitary,Training,processed/kaggle_normalized/Training/pituitary/Tr-pi_190.npz,train
Tr-me_489.npz,meningioma,Training,processed/kaggle_normalized/Training/meningioma/Tr-me_489.npz,train
Tr-no_152.npz,notumor,Training,processed/kaggle_normalized/Training/notumor/Tr-no_152.npz,train
Tr-pi_204.npz,pituitary,Training,processed/kaggle_normalized/Training/pituitary/Tr-pi_204.npz,train
Tr-no_873.npz,notumor,Training,processed/kaggle_normalized/Training/notumor/Tr-no_873.npz,train
Tr-me_293.npz,meningioma,Training,processed/kaggle_normalized/Training/meningioma/Tr-me_293.npz,train
Tr-me_744.npz,meningioma,Training,processed/kaggle_normalized/Training/meningioma/Tr-me_744.npz,train
Tr-me_1079.npz,meningioma,Training,processed/kaggle_normalized/Training/meningioma/Tr-me_1079.npz,train
Tr-no_958.npz,notumor,Training,processed/kaggle_normalized/Training/notumor/Tr-no_958.npz,train
Tr-pi_1257.npz,pituitary,Training,processed/kaggle_normalized/Training/pituitary/Tr-pi_1257.npz,train
Tr-no_851.npz,notumor,Training,processed/kaggle_normalized/Training/notumor/Tr-no_851.npz,train
Tr-me_655.npz,meningioma,Training,processed/kaggle_normalized/Training/meningioma/Tr-me_655.npz,train
Tr-no_305.npz,notumor,Training,processed/kaggle_normalized/Training/notumor/Tr-no_305.npz,train
Tr-pi_983.npz,pituitary,Training,processed/kaggle_normalized/Training/pituitary/Tr-pi_983.npz,train
Tr-pi_1291.npz,pituitary,Training,processed/kaggle_normalized/Training/pituitary/Tr-pi_1291.npz,train
Tr-no_1132.npz,notumor,Training,processed/kaggle_normalized/Training/notumor/Tr-no_1132.npz,train
Tr-gl_572.npz,glioma,Training,processed/kaggle_normalized/Training/glioma/Tr-gl_572.npz,train
Tr-no_1219.npz,notumor,Training,processed/kaggle_normalized/Training/notumor/Tr-no_1219.npz,train
Tr-gl_222.npz,glioma,Training,processed/kaggle_normalized/Training/glioma/Tr-gl_222.npz,train
Tr-no_1079.npz,notumor,Training,processed/kaggle_normalized/Training/notumor/Tr-no_1079.npz,train
Tr-pi_1398.npz,pituitary,Training,processed/kaggle_normalized/Training/pituitary/Tr-pi_1398.npz,train
Tr-no_866.npz,notumor,Training,processed/kaggle_normalized/Training/notumor/Tr-no_866.npz,train
Tr-gl_1228.npz,glioma,Training,processed/kaggle_normalized/Training/glioma/Tr-gl_1228.npz,train
Tr-gl_789.npz,glioma,Training,processed/kaggle_normalized/Training/glioma/Tr-gl_789.npz,train
Tr-no_1256.npz,notumor,Training,processed/kaggle_normalized/Training/notumor/Tr-no_1256.npz,train
Tr-gl_1254.npz,glioma,Training,processed/kaggle_normalized/Training/glioma/Tr-gl_1254.npz,train
Tr-me_980.npz,meningioma,Training,processed/kaggle_normalized/Training/meningioma/Tr-me_980.npz,train
Tr-no_721.npz,notumor,Training,processed/kaggle_normalized/Training/notumor/Tr-no_721.npz,train
Tr-gl_1220.npz,glioma,Training,processed/kaggle_normalized/Training/glioma/Tr-gl_1220.npz,train
Tr-no_256.npz,notumor,Training,processed/kaggle_normalized/Training/notumor/Tr-no_256.npz,train
Tr-me_831.npz,meningioma,Training,processed/kaggle_normalized/Training/meningioma/Tr-me_831.npz,train
Tr-pi_835.npz,pituitary,Training,processed/kaggle_normalized/Training/pituitary/Tr-pi_835.npz,train
Tr-gl_1083.npz,glioma,Training,processed/kaggle_normalized/Training/glioma/Tr-gl_1083.npz,train
Tr-no_1393.npz,notumor,Training,processed/kaggle_normalized/Training/notumor/Tr-no_1393.npz,train
Tr-no_168.npz,notumor,Training,processed/kaggle_normalized/Training/notumor/Tr-no_168.npz,train
Tr-no_1166.npz,notumor,Training,processed/kaggle_normalized/Training/notumor/Tr-no_1166.npz,train
Tr-no_148.npz,notumor,Training,processed/kaggle_normalized/Training/notumor/Tr-no_148.npz,train
Tr-me_207.npz,meningioma,Training,processed/kaggle_normalized/Training/meningioma/Tr-me_207.npz,train
Tr-pi_896.npz,pituitary,Training,processed/kaggle_normalized/Training/pituitary/Tr-pi_896.npz,train
Tr-no_493.npz,notumor,Training,processed/kaggle_normalized/Training/notumor/Tr-no_493.npz,train
Tr-gl_765.npz,glioma,Training,processed/kaggle_normalized/Training/glioma/Tr-gl_765.npz,train
Tr-gl_1304.npz,glioma,Training,processed/kaggle_normalized/Training/glioma/Tr-gl_1304.npz,train
Tr-gl_888.npz,glioma,Training,processed/kaggle_normalized/Training/glioma/Tr-gl_888.npz,train
Tr-pi_883.npz,pituitary,Training,processed/kaggle_normalized/Training/pituitary/Tr-pi_883.npz,train
Tr-no_173.npz,notumor,Training,processed/kaggle_normalized/Training/notumor/Tr-no_173.npz,train
Tr-pi_372.npz,pituitary,Training,processed/kaggle_normalized/Training/pituitary/Tr-pi_372.npz,train
Tr-me_39.npz,meningioma,Training,processed/kaggle_normalized/Training/meningioma/Tr-me_39.npz,train
Tr-no_694.npz,notumor,Training,processed/kaggle_normalized/Training/notumor/Tr-no_694.npz,train
Tr-gl_1333.npz,glioma,Training,processed/kaggle_normalized/Training/glioma/Tr-gl_1333.npz,train
Tr-pi_773.npz,pituitary,Training,processed/kaggle_normalized/Training/pituitary/Tr-pi_773.npz,train
Tr-pi_512.npz,pituitary,Training,processed/kaggle_normalized/Training/pituitary/Tr-pi_512.npz,train
Tr-pi_1368.npz,pituitary,Training,processed/kaggle_normalized/Training/pituitary/Tr-pi_1368.npz,train
Tr-me_686.npz,meningioma,Training,processed/kaggle_normalized/Training/meningioma/Tr-me_686.npz,train
Tr-me_314.npz,meningioma,Training,processed/kaggle_normalized/Training/meningioma/Tr-me_314.npz,train
Tr-pi_1091.npz,pituitary,Training,processed/kaggle_normalized/Training/pituitary/Tr-pi_1091.npz,train
Tr-me_953.npz,meningioma,Training,processed/kaggle_normalized/Training/meningioma/Tr-me_953.npz,train
Tr-me_840.npz,meningioma,Training,processed/kaggle_normalized/Training/meningioma/Tr-me_840.npz,train
Tr-me_115.npz,meningioma,Training,processed/kaggle_normalized/Training/meningioma/Tr-me_115.npz,train
Tr-gl_1378.npz,glioma,Training,processed/kaggle_normalized/Training/glioma/Tr-gl_1378.npz,train
Tr-me_935.npz,meningioma,Training,processed/kaggle_normalized/Training/meningioma/Tr-me_935.npz,train
Tr-gl_562.npz,glioma,Training,processed/kaggle_normalized/Training/glioma/Tr-gl_562.npz,train
Tr-me_1136.npz,meningioma,Training,processed/kaggle_normalized/Training/meningioma/Tr-me_1136.npz,train
Tr-no_743.npz,notumor,Training,processed/kaggle_normalized/Training/notumor/Tr-no_743.npz,train
Tr-me_820.npz,meningioma,Training,processed/kaggle_normalized/Training/meningioma/Tr-me_820.npz,train
Tr-me_745.npz,meningioma,Training,processed/kaggle_normalized/Training/meningioma/Tr-me_745.npz,train
Tr-no_789.npz,notumor,Training,processed/kaggle_normalized/Training/notumor/Tr-no_789.npz,train
Tr-me_109.npz,meningioma,Training,processed/kaggle_normalized/Training/meningioma/Tr-me_109.npz,train
Tr-no_1056.npz,notumor,Training,processed/kaggle_normalized/Training/notumor/Tr-no_1056.npz,train
Tr-me_561.npz,meningioma,Training,processed/kaggle_normalized/Training/meningioma/Tr-me_561.npz,train
Tr-pi_439.npz,pituitary,Training,processed/kaggle_normalized/Training/pituitary/Tr-pi_439.npz,train
Tr-gl_1289.npz,glioma,Training,processed/kaggle_normalized/Training/glioma/Tr-gl_1289.npz,train
Tr-gl_1146.npz,glioma,Training,processed/kaggle_normalized/Training/glioma/Tr-gl_1146.npz,train
Tr-me_237.npz,meningioma,Training,processed/kaggle_normalized/Training/meningioma/Tr-me_237.npz,train
Tr-no_1342.npz,notumor,Training,processed/kaggle_normalized/Training/notumor/Tr-no_1342.npz,train
Tr-gl_1395.npz,glioma,Training,processed/kaggle_normalized/Training/glioma/Tr-gl_1395.npz,train
Tr-me_1002.npz,meningioma,Training,processed/kaggle_normalized/Training/meningioma/Tr-me_1002.npz,train
Tr-gl_63.npz,glioma,Training,processed/kaggle_normalized/Training/glioma/Tr-gl_63.npz,train
Tr-me_588.npz,meningioma,Training,processed/kaggle_normalized/Training/meningioma/Tr-me_588.npz,train
Tr-no_556.npz,notumor,Training,processed/kaggle_normalized/Training/notumor/Tr-no_556.npz,train
Tr-no_664.npz,notumor,Training,processed/kaggle_normalized/Training/notumor/Tr-no_664.npz,train
Tr-pi_503.npz,pituitary,Training,processed/kaggle_normalized/Training/pituitary/Tr-pi_503.npz,train
Tr-no_517.npz,notumor,Training,processed/kaggle_normalized/Training/notumor/Tr-no_517.npz,train
Tr-pi_700.npz,pituitary,Training,processed/kaggle_normalized/Training/pituitary/Tr-pi_700.npz,train
Tr-gl_517.npz,glioma,Training,processed/kaggle_normalized/Training/glioma/Tr-gl_517.npz,train
Tr-no_619.npz,notumor,Training,processed/kaggle_normalized/Training/notumor/Tr-no_619.npz,train
Tr-gl_614.npz,glioma,Training,processed/kaggle_normalized/Training/glioma/Tr-gl_614.npz,train
Tr-no_633.npz,notumor,Training,processed/kaggle_normalized/Training/notumor/Tr-no_633.npz,train
Tr-pi_871.npz,pituitary,Training,processed/kaggle_normalized/Training/pituitary/Tr-pi_871.npz,train
Tr-no_1162.npz,notumor,Training,processed/kaggle_normalized/Training/notumor/Tr-no_1162.npz,train
Tr-gl_98.npz,glioma,Training,processed/kaggle_normalized/Training/glioma/Tr-gl_98.npz,train
Tr-me_200.npz,meningioma,Training,processed/kaggle_normalized/Training/meningioma/Tr-me_200.npz,train
Tr-aug-me_21.npz,meningioma,Training,processed/kaggle_normalized/Training/meningioma/Tr-aug-me_21.npz,train
Tr-no_359.npz,notumor,Training,processed/kaggle_normalized/Training/notumor/Tr-no_359.npz,train
Tr-pi_404.npz,pituitary,Training,processed/kaggle_normalized/Training/pituitary/Tr-pi_404.npz,train
Tr-no_642.npz,notumor,Training,processed/kaggle_normalized/Training/notumor/Tr-no_642.npz,train
Tr-gl_227.npz,glioma,Training,processed/kaggle_normalized/Training/glioma/Tr-gl_227.npz,train
Tr-me_814.npz,meningioma,Training,processed/kaggle_normalized/Training/meningioma/Tr-me_814.npz,train
Tr-me_647.npz,meningioma,Training,processed/kaggle_normalized/Training/meningioma/Tr-me_647.npz,train
Tr-pi_810.npz,pituitary,Training,processed/kaggle_normalized/Training/pituitary/Tr-pi_810.npz,train
Tr-no_1368.npz,notumor,Training,processed/kaggle_normalized/Training/notumor/Tr-no_1368.npz,train
Tr-pi_885.npz,pituitary,Training,processed/kaggle_normalized/Training/pituitary/Tr-pi_885.npz,train
Tr-me_1195.npz,meningioma,Training,processed/kaggle_normalized/Training/meningioma/Tr-me_1195.npz,train
Tr-me_339.npz,meningioma,Training,processed/kaggle_normalized/Training/meningioma/Tr-me_339.npz,train
Tr-me_137.npz,meningioma,Training,processed/kaggle_normalized/Training/meningioma/Tr-me_137.npz,train
Tr-no_1200.npz,notumor,Training,processed/kaggle_normalized/Training/notumor/Tr-no_1200.npz,train
Tr-no_695.npz,notumor,Training,processed/kaggle_normalized/Training/notumor/Tr-no_695.npz,train
Tr-pi_922.npz,pituitary,Training,processed/kaggle_normalized/Training/pituitary/Tr-pi_922.npz,train
Tr-gl_952.npz,glioma,Training,processed/kaggle_normalized/Training/glioma/Tr-gl_952.npz,train
Tr-no_660.npz,notumor,Training,processed/kaggle_normalized/Training/notumor/Tr-no_660.npz,train
Tr-no_64.npz,notumor,Training,processed/kaggle_normalized/Training/notumor/Tr-no_64.npz,train
Tr-pi_1062.npz,pituitary,Training,processed/kaggle_normalized/Training/pituitary/Tr-pi_1062.npz,train
Tr-no_1133.npz,notumor,Training,processed/kaggle_normalized/Training/notumor/Tr-no_1133.npz,train
Tr-pi_390.npz,pituitary,Training,processed/kaggle_normalized/Training/pituitary/Tr-pi_390.npz,train
Tr-gl_496.npz,glioma,Training,processed/kaggle_normalized/Training/glioma/Tr-gl_496.npz,train
Tr-me_375.npz,meningioma,Training,processed/kaggle_normalized/Training/meningioma/Tr-me_375.npz,train
Tr-gl_619.npz,glioma,Training,processed/kaggle_normalized/Training/glioma/Tr-gl_619.npz,train
Tr-gl_626.npz,glioma,Training,processed/kaggle_normalized/Training/glioma/Tr-gl_626.npz,train
Tr-gl_1221.npz,glioma,Training,processed/kaggle_normalized/Training/glioma/Tr-gl_1221.npz,train
Tr-no_1001.npz,notumor,Training,processed/kaggle_normalized/Training/notumor/Tr-no_1001.npz,train
Tr-pi_378.npz,pituitary,Training,processed/kaggle_normalized/Training/pituitary/Tr-pi_378.npz,train
Tr-me_900.npz,meningioma,Training,processed/kaggle_normalized/Training/meningioma/Tr-me_900.npz,train
Tr-pi_1141.npz,pituitary,Training,processed/kaggle_normalized/Training/pituitary/Tr-pi_1141.npz,train
Tr-pi_80.npz,pituitary,Training,processed/kaggle_normalized/Training/pituitary/Tr-pi_80.npz,train
Tr-gl_281.npz,glioma,Training,processed/kaggle_normalized/Training/glioma/Tr-gl_281.npz,train
Tr-no_268.npz,notumor,Training,processed/kaggle_normalized/Training/notumor/Tr-no_268.npz,train
Tr-pi_99.npz,pituitary,Training,processed/kaggle_normalized/Training/pituitary/Tr-pi_99.npz,train
Tr-me_1029.npz,meningioma,Training,processed/kaggle_normalized/Training/meningioma/Tr-me_1029.npz,train
Tr-gl_226.npz,glioma,Training,processed/kaggle_normalized/Training/glioma/Tr-gl_226.npz,train
Tr-pi_361.npz,pituitary,Training,processed/kaggle_normalized/Training/pituitary/Tr-pi_361.npz,train
Tr-me_511.npz,meningioma,Training,processed/kaggle_normalized/Training/meningioma/Tr-me_511.npz,train
Tr-gl_1230.npz,glioma,Training,processed/kaggle_normalized/Training/glioma/Tr-gl_1230.npz,train
Tr-gl_511.npz,glioma,Training,processed/kaggle_normalized/Training/glioma/Tr-gl_511.npz,train
Tr-pi_563.npz,pituitary,Training,processed/kaggle_normalized/Training/pituitary/Tr-pi_563.npz,train
Tr-aug-me_20.npz,meningioma,Training,processed/kaggle_normalized/Training/meningioma/Tr-aug-me_20.npz,train
Tr-gl_965.npz,glioma,Training,processed/kaggle_normalized/Training/glioma/Tr-gl_965.npz,train
Tr-gl_418.npz,glioma,Training,processed/kaggle_normalized/Training/glioma/Tr-gl_418.npz,train
Tr-gl_954.npz,glioma,Training,processed/kaggle_normalized/Training/glioma/Tr-gl_954.npz,train
Tr-gl_841.npz,glioma,Training,processed/kaggle_normalized/Training/glioma/Tr-gl_841.npz,train
Tr-gl_527.npz,glioma,Training,processed/kaggle_normalized/Training/glioma/Tr-gl_527.npz,train
Tr-pi_526.npz,pituitary,Training,processed/kaggle_normalized/Training/pituitary/Tr-pi_526.npz,train
Tr-no_1276.npz,notumor,Training,processed/kaggle_normalized/Training/notumor/Tr-no_1276.npz,train
Tr-no_440.npz,notumor,Training,processed/kaggle_normalized/Training/notumor/Tr-no_440.npz,train
Tr-gl_983.npz,glioma,Training,processed/kaggle_normalized/Training/glioma/Tr-gl_983.npz,train
Tr-me_524.npz,meningioma,Training,processed/kaggle_normalized/Training/meningioma/Tr-me_524.npz,train
Tr-no_1103.npz,notumor,Training,processed/kaggle_normalized/Training/notumor/Tr-no_1103.npz,train
Tr-aug-me_4.npz,meningioma,Training,processed/kaggle_normalized/Training/meningioma/Tr-aug-me_4.npz,train
Tr-pi_76.npz,pituitary,Training,processed/kaggle_normalized/Training/pituitary/Tr-pi_76.npz,train
Tr-me_435.npz,meningioma,Training,processed/kaggle_normalized/Training/meningioma/Tr-me_435.npz,train
Tr-no_1291.npz,notumor,Training,processed/kaggle_normalized/Training/notumor/Tr-no_1291.npz,train
Tr-me_750.npz,meningioma,Training,processed/kaggle_normalized/Training/meningioma/Tr-me_750.npz,train
Tr-me_596.npz,meningioma,Training,processed/kaggle_normalized/Training/meningioma/Tr-me_596.npz,train
Tr-no_309.npz,notumor,Training,processed/kaggle_normalized/Training/notumor/Tr-no_309.npz,train
Tr-gl_297.npz,glioma,Training,processed/kaggle_normalized/Training/glioma/Tr-gl_297.npz,train
Tr-gl_376.npz,glioma,Training,processed/kaggle_normalized/Training/glioma/Tr-gl_376.npz,train
Tr-pi_1104.npz,pituitary,Training,processed/kaggle_normalized/Training/pituitary/Tr-pi_1104.npz,train
Tr-pi_220.npz,pituitary,Training,processed/kaggle_normalized/Training/pituitary/Tr-pi_220.npz,train
Tr-gl_28.npz,glioma,Training,processed/kaggle_normalized/Training/glioma/Tr-gl_28.npz,train
Tr-me_681.npz,meningioma,Training,processed/kaggle_normalized/Training/meningioma/Tr-me_681.npz,train
Tr-no_775.npz,notumor,Training,processed/kaggle_normalized/Training/notumor/Tr-no_775.npz,train
Tr-gl_1100.npz,glioma,Training,processed/kaggle_normalized/Training/glioma/Tr-gl_1100.npz,train
Tr-me_1294.npz,meningioma,Training,processed/kaggle_normalized/Training/meningioma/Tr-me_1294.npz,train
Tr-no_1009.npz,notumor,Training,processed/kaggle_normalized/Training/notumor/Tr-no_1009.npz,train
Tr-pi_600.npz,pituitary,Training,processed/kaggle_normalized/Training/pituitary/Tr-pi_600.npz,train
Tr-aug-me_9.npz,meningioma,Training,processed/kaggle_normalized/Training/meningioma/Tr-aug-me_9.npz,train
Tr-me_355.npz,meningioma,Training,processed/kaggle_normalized/Training/meningioma/Tr-me_355.npz,train
Tr-me_78.npz,meningioma,Training,processed/kaggle_normalized/Training/meningioma/Tr-me_78.npz,train
Tr-no_209.npz,notumor,Training,processed/kaggle_normalized/Training/notumor/Tr-no_209.npz,train
Tr-me_858.npz,meningioma,Training,processed/kaggle_normalized/Training/meningioma/Tr-me_858.npz,train
Tr-me_182.npz,meningioma,Training,processed/kaggle_normalized/Training/meningioma/Tr-me_182.npz,train
Tr-pi_958.npz,pituitary,Training,processed/kaggle_normalized/Training/pituitary/Tr-pi_958.npz,train
Tr-pi_668.npz,pituitary,Training,processed/kaggle_normalized/Training/pituitary/Tr-pi_668.npz,train
Tr-pi_745.npz,pituitary,Training,processed/kaggle_normalized/Training/pituitary/Tr-pi_745.npz,train
Tr-no_545.npz,notumor,Training,processed/kaggle_normalized/Training/notumor/Tr-no_545.npz,train
Tr-me_1232.npz,meningioma,Training,processed/kaggle_normalized/Training/meningioma/Tr-me_1232.npz,train
Tr-pi_137.npz,pituitary,Training,processed/kaggle_normalized/Training/pituitary/Tr-pi_137.npz,train
Tr-me_290.npz,meningioma,Training,processed/kaggle_normalized/Training/meningioma/Tr-me_290.npz,train
Tr-pi_186.npz,pituitary,Training,processed/kaggle_normalized/Training/pituitary/Tr-pi_186.npz,train
Tr-gl_298.npz,glioma,Training,processed/kaggle_normalized/Training/glioma/Tr-gl_298.npz,train
Tr-pi_849.npz,pituitary,Training,processed/kaggle_normalized/Training/pituitary/Tr-pi_849.npz,train
Tr-me_184.npz,meningioma,Training,processed/kaggle_normalized/Training/meningioma/Tr-me_184.npz,train
Tr-pi_459.npz,pituitary,Training,processed/kaggle_normalized/Training/pituitary/Tr-pi_459.npz,train
Tr-me_344.npz,meningioma,Training,processed/kaggle_normalized/Training/meningioma/Tr-me_344.npz,train
Tr-no_90.npz,notumor,Training,processed/kaggle_normalized/Training/notumor/Tr-no_90.npz,train
Tr-pi_921.npz,pituitary,Training,processed/kaggle_normalized/Training/pituitary/Tr-pi_921.npz,train
Tr-no_839.npz,notumor,Training,processed/kaggle_normalized/Training/notumor/Tr-no_839.npz,train
Tr-gl_301.npz,glioma,Training,processed/kaggle_normalized/Training/glioma/Tr-gl_301.npz,train
Tr-me_682.npz,meningioma,Training,processed/kaggle_normalized/Training/meningioma/Tr-me_682.npz,train
Tr-me_959.npz,meningioma,Training,processed/kaggle_normalized/Training/meningioma/Tr-me_959.npz,train
Tr-me_465.npz,meningioma,Training,processed/kaggle_normalized/Training/meningioma/Tr-me_465.npz,train
Tr-gl_1025.npz,glioma,Training,processed/kaggle_normalized/Training/glioma/Tr-gl_1025.npz,train
Tr-me_122.npz,meningioma,Training,processed/kaggle_normalized/Training/meningioma/Tr-me_122.npz,train
Tr-pi_1220.npz,pituitary,Training,processed/kaggle_normalized/Training/pituitary/Tr-pi_1220.npz,train
Tr-me_1055.npz,meningioma,Training,processed/kaggle_normalized/Training/meningioma/Tr-me_1055.npz,train
Tr-gl_444.npz,glioma,Training,processed/kaggle_normalized/Training/glioma/Tr-gl_444.npz,train
Tr-no_810.npz,notumor,Training,processed/kaggle_normalized/Training/notumor/Tr-no_810.npz,train
Tr-pi_379.npz,pituitary,Training,processed/kaggle_normalized/Training/pituitary/Tr-pi_379.npz,train
Tr-pi_872.npz,pituitary,Training,processed/kaggle_normalized/Training/pituitary/Tr-pi_872.npz,train
Tr-pi_127.npz,pituitary,Training,processed/kaggle_normalized/Training/pituitary/Tr-pi_127.npz,train
Tr-me_1023.npz,meningioma,Training,processed/kaggle_normalized/Training/meningioma/Tr-me_1023.npz,train
Tr-pi_741.npz,pituitary,Training,processed/kaggle_normalized/Training/pituitary/Tr-pi_741.npz,train
Tr-gl_341.npz,glioma,Training,processed/kaggle_normalized/Training/glioma/Tr-gl_341.npz,train
Tr-gl_1050.npz,glioma,Training,processed/kaggle_normalized/Training/glioma/Tr-gl_1050.npz,train
Tr-me_1148.npz,meningioma,Training,processed/kaggle_normalized/Training/meningioma/Tr-me_1148.npz,train
Tr-pi_491.npz,pituitary,Training,processed/kaggle_normalized/Training/pituitary/Tr-pi_491.npz,train
Tr-me_256.npz,meningioma,Training,processed/kaggle_normalized/Training/meningioma/Tr-me_256.npz,train
Tr-pi_617.npz,pituitary,Training,processed/kaggle_normalized/Training/pituitary/Tr-pi_617.npz,train
Tr-pi_260.npz,pituitary,Training,processed/kaggle_normalized/Training/pituitary/Tr-pi_260.npz,train
Tr-no_1348.npz,notumor,Training,processed/kaggle_normalized/Training/notumor/Tr-no_1348.npz,train
Tr-gl_949.npz,glioma,Training,processed/kaggle_normalized/Training/glioma/Tr-gl_949.npz,train
Tr-gl_1201.npz,glioma,Training,processed/kaggle_normalized/Training/glioma/Tr-gl_1201.npz,train
Tr-aug-me_93.npz,meningioma,Training,processed/kaggle_normalized/Training/meningioma/Tr-aug-me_93.npz,train
Tr-no_1083.npz,notumor,Training,processed/kaggle_normalized/Training/notumor/Tr-no_1083.npz,train
Tr-pi_945.npz,pituitary,Training,processed/kaggle_normalized/Training/pituitary/Tr-pi_945.npz,train
Tr-no_679.npz,notumor,Training,processed/kaggle_normalized/Training/notumor/Tr-no_679.npz,train
Tr-aug-me_98.npz,meningioma,Training,processed/kaggle_normalized/Training/meningioma/Tr-aug-me_98.npz,train
Tr-me_668.npz,meningioma,Training,processed/kaggle_normalized/Training/meningioma/Tr-me_668.npz,train
Tr-me_1271.npz,meningioma,Training,processed/kaggle_normalized/Training/meningioma/Tr-me_1271.npz,train
Tr-gl_1354.npz,glioma,Training,processed/kaggle_normalized/Training/glioma/Tr-gl_1354.npz,train
Tr-pi_1395.npz,pituitary,Training,processed/kaggle_normalized/Training/pituitary/Tr-pi_1395.npz,train
Tr-pi_48.npz,pituitary,Training,processed/kaggle_normalized/Training/pituitary/Tr-pi_48.npz,train
Tr-me_504.npz,meningioma,Training,processed/kaggle_normalized/Training/meningioma/Tr-me_504.npz,train
Tr-no_344.npz,notumor,Training,processed/kaggle_normalized/Training/notumor/Tr-no_344.npz,train
Tr-no_482.npz,notumor,Training,processed/kaggle_normalized/Training/notumor/Tr-no_482.npz,train
Tr-pi_850.npz,pituitary,Training,processed/kaggle_normalized/Training/pituitary/Tr-pi_850.npz,train
Tr-no_1107.npz,notumor,Training,processed/kaggle_normalized/Training/notumor/Tr-no_1107.npz,train
Tr-no_1262.npz,notumor,Training,processed/kaggle_normalized/Training/notumor/Tr-no_1262.npz,train
Tr-pi_496.npz,pituitary,Training,processed/kaggle_normalized/Training/pituitary/Tr-pi_496.npz,train
Tr-me_617.npz,meningioma,Training,processed/kaggle_normalized/Training/meningioma/Tr-me_617.npz,train
Tr-pi_282.npz,pituitary,Training,processed/kaggle_normalized/Training/pituitary/Tr-pi_282.npz,train
Tr-gl_482.npz,glioma,Training,processed/kaggle_normalized/Training/glioma/Tr-gl_482.npz,train
Tr-pi_1045.npz,pituitary,Training,processed/kaggle_normalized/Training/pituitary/Tr-pi_1045.npz,train
Tr-me_775.npz,meningioma,Training,processed/kaggle_normalized/Training/meningioma/Tr-me_775.npz,train
Tr-gl_380.npz,glioma,Training,processed/kaggle_normalized/Training/glioma/Tr-gl_380.npz,train
Tr-no_262.npz,notumor,Training,processed/kaggle_normalized/Training/notumor/Tr-no_262.npz,train
Tr-me_474.npz,meningioma,Training,processed/kaggle_normalized/Training/meningioma/Tr-me_474.npz,train
Tr-pi_1188.npz,pituitary,Training,processed/kaggle_normalized/Training/pituitary/Tr-pi_1188.npz,train
Tr-me_83.npz,meningioma,Training,processed/kaggle_normalized/Training/meningioma/Tr-me_83.npz,train
Tr-me_854.npz,meningioma,Training,processed/kaggle_normalized/Training/meningioma/Tr-me_854.npz,train
Tr-gl_138.npz,glioma,Training,processed/kaggle_normalized/Training/glioma/Tr-gl_138.npz,train
Tr-gl_860.npz,glioma,Training,processed/kaggle_normalized/Training/glioma/Tr-gl_860.npz,train
Tr-me_637.npz,meningioma,Training,processed/kaggle_normalized/Training/meningioma/Tr-me_637.npz,train
Tr-me_1196.npz,meningioma,Training,processed/kaggle_normalized/Training/meningioma/Tr-me_1196.npz,train
Tr-me_1185.npz,meningioma,Training,processed/kaggle_normalized/Training/meningioma/Tr-me_1185.npz,train
Tr-gl_670.npz,glioma,Training,processed/kaggle_normalized/Training/glioma/Tr-gl_670.npz,train
Tr-no_1089.npz,notumor,Training,processed/kaggle_normalized/Training/notumor/Tr-no_1089.npz,train
Tr-pi_1063.npz,pituitary,Training,processed/kaggle_normalized/Training/pituitary/Tr-pi_1063.npz,train
Tr-no_834.npz,notumor,Training,processed/kaggle_normalized/Training/notumor/Tr-no_834.npz,train
Tr-gl_48.npz,glioma,Training,processed/kaggle_normalized/Training/glioma/Tr-gl_48.npz,train
Tr-me_550.npz,meningioma,Training,processed/kaggle_normalized/Training/meningioma/Tr-me_550.npz,train
Tr-pi_683.npz,pituitary,Training,processed/kaggle_normalized/Training/pituitary/Tr-pi_683.npz,train
Tr-no_602.npz,notumor,Training,processed/kaggle_normalized/Training/notumor/Tr-no_602.npz,train
Tr-pi_1244.npz,pituitary,Training,processed/kaggle_normalized/Training/pituitary/Tr-pi_1244.npz,train
Tr-gl_682.npz,glioma,Training,processed/kaggle_normalized/Training/glioma/Tr-gl_682.npz,train
Tr-gl_373.npz,glioma,Training,processed/kaggle_normalized/Training/glioma/Tr-gl_373.npz,train
Tr-pi_833.npz,pituitary,Training,processed/kaggle_normalized/Training/pituitary/Tr-pi_833.npz,train
Tr-gl_554.npz,glioma,Training,processed/kaggle_normalized/Training/glioma/Tr-gl_554.npz,train
Tr-me_729.npz,meningioma,Training,processed/kaggle_normalized/Training/meningioma/Tr-me_729.npz,train
Tr-me_944.npz,meningioma,Training,processed/kaggle_normalized/Training/meningioma/Tr-me_944.npz,train
Tr-me_821.npz,meningioma,Training,processed/kaggle_normalized/Training/meningioma/Tr-me_821.npz,train
Tr-no_521.npz,notumor,Training,processed/kaggle_normalized/Training/notumor/Tr-no_521.npz,train
Tr-no_200.npz,notumor,Training,processed/kaggle_normalized/Training/notumor/Tr-no_200.npz,train
Tr-no_659.npz,notumor,Training,processed/kaggle_normalized/Training/notumor/Tr-no_659.npz,train
Tr-me_300.npz,meningioma,Training,processed/kaggle_normalized/Training/meningioma/Tr-me_300.npz,train
Tr-pi_1116.npz,pituitary,Training,processed/kaggle_normalized/Training/pituitary/Tr-pi_1116.npz,train
Tr-gl_263.npz,glioma,Training,processed/kaggle_normalized/Training/glioma/Tr-gl_263.npz,train
Tr-gl_71.npz,glioma,Training,processed/kaggle_normalized/Training/glioma/Tr-gl_71.npz,train
Tr-me_354.npz,meningioma,Training,processed/kaggle_normalized/Training/meningioma/Tr-me_354.npz,train
Tr-gl_585.npz,glioma,Training,processed/kaggle_normalized/Training/glioma/Tr-gl_585.npz,train
Tr-aug-me_25.npz,meningioma,Training,processed/kaggle_normalized/Training/meningioma/Tr-aug-me_25.npz,train
Tr-pi_997.npz,pituitary,Training,processed/kaggle_normalized/Training/pituitary/Tr-pi_997.npz,train
Tr-gl_1089.npz,glioma,Training,processed/kaggle_normalized/Training/glioma/Tr-gl_1089.npz,train
Tr-no_787.npz,notumor,Training,processed/kaggle_normalized/Training/notumor/Tr-no_787.npz,train
Tr-pi_699.npz,pituitary,Training,processed/kaggle_normalized/Training/pituitary/Tr-pi_699.npz,train
Tr-gl_1397.npz,glioma,Training,processed/kaggle_normalized/Training/glioma/Tr-gl_1397.npz,train
Tr-gl_1279.npz,glioma,Training,processed/kaggle_normalized/Training/glioma/Tr-gl_1279.npz,train
Tr-gl_828.npz,glioma,Training,processed/kaggle_normalized/Training/glioma/Tr-gl_828.npz,train
Tr-no_1355.npz,notumor,Training,processed/kaggle_normalized/Training/notumor/Tr-no_1355.npz,train
Tr-no_265.npz,notumor,Training,processed/kaggle_normalized/Training/notumor/Tr-no_265.npz,train
Tr-pi_1075.npz,pituitary,Training,processed/kaggle_normalized/Training/pituitary/Tr-pi_1075.npz,train
Tr-me_59.npz,meningioma,Training,processed/kaggle_normalized/Training/meningioma/Tr-me_59.npz,train
Tr-gl_108.npz,glioma,Training,processed/kaggle_normalized/Training/glioma/Tr-gl_108.npz,train
Tr-gl_191.npz,glioma,Training,processed/kaggle_normalized/Training/glioma/Tr-gl_191.npz,train
Tr-no_729.npz,notumor,Training,processed/kaggle_normalized/Training/notumor/Tr-no_729.npz,train
Tr-pi_650.npz,pituitary,Training,processed/kaggle_normalized/Training/pituitary/Tr-pi_650.npz,train
Tr-gl_147.npz,glioma,Training,processed/kaggle_normalized/Training/glioma/Tr-gl_147.npz,train
Tr-gl_991.npz,glioma,Training,processed/kaggle_normalized/Training/glioma/Tr-gl_991.npz,train
Tr-gl_815.npz,glioma,Training,processed/kaggle_normalized/Training/glioma/Tr-gl_815.npz,train
Tr-aug-me_55.npz,meningioma,Training,processed/kaggle_normalized/Training/meningioma/Tr-aug-me_55.npz,train
Tr-me_161.npz,meningioma,Training,processed/kaggle_normalized/Training/meningioma/Tr-me_161.npz,train
Tr-me_1186.npz,meningioma,Training,processed/kaggle_normalized/Training/meningioma/Tr-me_1186.npz,train
Tr-me_1151.npz,meningioma,Training,processed/kaggle_normalized/Training/meningioma/Tr-me_1151.npz,train
Tr-me_577.npz,meningioma,Training,processed/kaggle_normalized/Training/meningioma/Tr-me_577.npz,train
Tr-gl_270.npz,glioma,Training,processed/kaggle_normalized/Training/glioma/Tr-gl_270.npz,train
Tr-pi_1015.npz,pituitary,Training,processed/kaggle_normalized/Training/pituitary/Tr-pi_1015.npz,train
Tr-no_4.npz,notumor,Training,processed/kaggle_normalized/Training/notumor/Tr-no_4.npz,train
Tr-me_589.npz,meningioma,Training,processed/kaggle_normalized/Training/meningioma/Tr-me_589.npz,train
Tr-me_176.npz,meningioma,Training,processed/kaggle_normalized/Training/meningioma/Tr-me_176.npz,train
Tr-gl_1237.npz,glioma,Training,processed/kaggle_normalized/Training/glioma/Tr-gl_1237.npz,train
Tr-pi_1152.npz,pituitary,Training,processed/kaggle_normalized/Training/pituitary/Tr-pi_1152.npz,train
Tr-pi_567.npz,pituitary,Training,processed/kaggle_normalized/Training/pituitary/Tr-pi_567.npz,train
Tr-no_1338.npz,notumor,Training,processed/kaggle_normalized/Training/notumor/Tr-no_1338.npz,train
Tr-me_1208.npz,meningioma,Training,processed/kaggle_normalized/Training/meningioma/Tr-me_1208.npz,train
Tr-pi_217.npz,pituitary,Training,processed/kaggle_normalized/Training/pituitary/Tr-pi_217.npz,train
Tr-gl_465.npz,glioma,Training,processed/kaggle_normalized/Training/glioma/Tr-gl_465.npz,train
Tr-pi_1253.npz,pituitary,Training,processed/kaggle_normalized/Training/pituitary/Tr-pi_1253.npz,train
Tr-gl_479.npz,glioma,Training,processed/kaggle_normalized/Training/glioma/Tr-gl_479.npz,train
Tr-pi_208.npz,pituitary,Training,processed/kaggle_normalized/Training/pituitary/Tr-pi_208.npz,train
Tr-pi_569.npz,pituitary,Training,processed/kaggle_normalized/Training/pituitary/Tr-pi_569.npz,train
Tr-gl_586.npz,glioma,Training,processed/kaggle_normalized/Training/glioma/Tr-gl_586.npz,train
Tr-gl_346.npz,glioma,Training,processed/kaggle_normalized/Training/glioma/Tr-gl_346.npz,train
Tr-me_143.npz,meningioma,Training,processed/kaggle_normalized/Training/meningioma/Tr-me_143.npz,train
Tr-gl_20.npz,glioma,Training,processed/kaggle_normalized/Training/glioma/Tr-gl_20.npz,train
Tr-gl_958.npz,glioma,Training,processed/kaggle_normalized/Training/glioma/Tr-gl_958.npz,train
Tr-pi_1094.npz,pituitary,Training,processed/kaggle_normalized/Training/pituitary/Tr-pi_1094.npz,train
Tr-no_1149.npz,notumor,Training,processed/kaggle_normalized/Training/notumor/Tr-no_1149.npz,train
Tr-pi_1031.npz,pituitary,Training,processed/kaggle_normalized/Training/pituitary/Tr-pi_1031.npz,train
Tr-pi_1251.npz,pituitary,Training,processed/kaggle_normalized/Training/pituitary/Tr-pi_1251.npz,train
Tr-pi_548.npz,pituitary,Training,processed/kaggle_normalized/Training/pituitary/Tr-pi_548.npz,train
Tr-me_855.npz,meningioma,Training,processed/kaggle_normalized/Training/meningioma/Tr-me_855.npz,train
Tr-gl_177.npz,glioma,Training,processed/kaggle_normalized/Training/glioma/Tr-gl_177.npz,train
Tr-gl_1188.npz,glioma,Training,processed/kaggle_normalized/Training/glioma/Tr-gl_1188.npz,train
Tr-me_905.npz,meningioma,Training,processed/kaggle_normalized/Training/meningioma/Tr-me_905.npz,train
Tr-gl_1281.npz,glioma,Training,processed/kaggle_normalized/Training/glioma/Tr-gl_1281.npz,train
Tr-gl_144.npz,glioma,Training,processed/kaggle_normalized/Training/glioma/Tr-gl_144.npz,train
Tr-pi_920.npz,pituitary,Training,processed/kaggle_normalized/Training/pituitary/Tr-pi_920.npz,train
Tr-pi_1344.npz,pituitary,Training,processed/kaggle_normalized/Training/pituitary/Tr-pi_1344.npz,train
Tr-gl_1295.npz,glioma,Training,processed/kaggle_normalized/Training/glioma/Tr-gl_1295.npz,train
Tr-no_1400.npz,notumor,Training,processed/kaggle_normalized/Training/notumor/Tr-no_1400.npz,train
Tr-no_358.npz,notumor,Training,processed/kaggle_normalized/Training/notumor/Tr-no_358.npz,train
Tr-me_983.npz,meningioma,Training,processed/kaggle_normalized/Training/meningioma/Tr-me_983.npz,train
Tr-me_288.npz,meningioma,Training,processed/kaggle_normalized/Training/meningioma/Tr-me_288.npz,train
Tr-pi_737.npz,pituitary,Training,processed/kaggle_normalized/Training/pituitary/Tr-pi_737.npz,train
Tr-pi_1214.npz,pituitary,Training,processed/kaggle_normalized/Training/pituitary/Tr-pi_1214.npz,train
Tr-pi_169.npz,pituitary,Training,processed/kaggle_normalized/Training/pituitary/Tr-pi_169.npz,train
Tr-no_147.npz,notumor,Training,processed/kaggle_normalized/Training/notumor/Tr-no_147.npz,train
Tr-no_755.npz,notumor,Training,processed/kaggle_normalized/Training/notumor/Tr-no_755.npz,train
Tr-no_1165.npz,notumor,Training,processed/kaggle_normalized/Training/notumor/Tr-no_1165.npz,train
Tr-me_471.npz,meningioma,Training,processed/kaggle_normalized/Training/meningioma/Tr-me_471.npz,train
Tr-gl_610.npz,glioma,Training,processed/kaggle_normalized/Training/glioma/Tr-gl_610.npz,train
Tr-pi_711.npz,pituitary,Training,processed/kaggle_normalized/Training/pituitary/Tr-pi_711.npz,train
Tr-pi_696.npz,pituitary,Training,processed/kaggle_normalized/Training/pituitary/Tr-pi_696.npz,train
Tr-me_64.npz,meningioma,Training,processed/kaggle_normalized/Training/meningioma/Tr-me_64.npz,train
Tr-gl_1106.npz,glioma,Training,processed/kaggle_normalized/Training/glioma/Tr-gl_1106.npz,train
Tr-no_1308.npz,notumor,Training,processed/kaggle_normalized/Training/notumor/Tr-no_1308.npz,train
Tr-me_937.npz,meningioma,Training,processed/kaggle_normalized/Training/meningioma/Tr-me_937.npz,train
Tr-no_1017.npz,notumor,Training,processed/kaggle_normalized/Training/notumor/Tr-no_1017.npz,train
Tr-no_1328.npz,notumor,Training,processed/kaggle_normalized/Training/notumor/Tr-no_1328.npz,train
Tr-pi_1092.npz,pituitary,Training,processed/kaggle_normalized/Training/pituitary/Tr-pi_1092.npz,train
Tr-pi_328.npz,pituitary,Training,processed/kaggle_normalized/Training/pituitary/Tr-pi_328.npz,train
Tr-gl_486.npz,glioma,Training,processed/kaggle_normalized/Training/glioma/Tr-gl_486.npz,train
Tr-me_924.npz,meningioma,Training,processed/kaggle_normalized/Training/meningioma/Tr-me_924.npz,train
Tr-me_4.npz,meningioma,Training,processed/kaggle_normalized/Training/meningioma/Tr-me_4.npz,train
Tr-pi_350.npz,pituitary,Training,processed/kaggle_normalized/Training/pituitary/Tr-pi_350.npz,train
Tr-pi_1286.npz,pituitary,Training,processed/kaggle_normalized/Training/pituitary/Tr-pi_1286.npz,train
Tr-gl_582.npz,glioma,Training,processed/kaggle_normalized/Training/glioma/Tr-gl_582.npz,train
Tr-me_1115.npz,meningioma,Training,processed/kaggle_normalized/Training/meningioma/Tr-me_1115.npz,train
Tr-me_1143.npz,meningioma,Training,processed/kaggle_normalized/Training/meningioma/Tr-me_1143.npz,train
Tr-me_13.npz,meningioma,Training,processed/kaggle_normalized/Training/meningioma/Tr-me_13.npz,train
Tr-no_92.npz,notumor,Training,processed/kaggle_normalized/Training/notumor/Tr-no_92.npz,train
Tr-me_217.npz,meningioma,Training,processed/kaggle_normalized/Training/meningioma/Tr-me_217.npz,train
Tr-me_816.npz,meningioma,Training,processed/kaggle_normalized/Training/meningioma/Tr-me_816.npz,train
Tr-gl_966.npz,glioma,Training,processed/kaggle_normalized/Training/glioma/Tr-gl_966.npz,train
Tr-no_616.npz,notumor,Training,processed/kaggle_normalized/Training/notumor/Tr-no_616.npz,train
Tr-me_720.npz,meningioma,Training,processed/kaggle_normalized/Training/meningioma/Tr-me_720.npz,train
Tr-me_1138.npz,meningioma,Training,processed/kaggle_normalized/Training/meningioma/Tr-me_1138.npz,train
Tr-aug-me_40.npz,meningioma,Training,processed/kaggle_normalized/Training/meningioma/Tr-aug-me_40.npz,train
Tr-me_1230.npz,meningioma,Training,processed/kaggle_normalized/Training/meningioma/Tr-me_1230.npz,train
Tr-me_934.npz,meningioma,Training,processed/kaggle_normalized/Training/meningioma/Tr-me_934.npz,train
Tr-gl_933.npz,glioma,Training,processed/kaggle_normalized/Training/glioma/Tr-gl_933.npz,train
Tr-pi_622.npz,pituitary,Training,processed/kaggle_normalized/Training/pituitary/Tr-pi_622.npz,train
Tr-me_680.npz,meningioma,Training,processed/kaggle_normalized/Training/meningioma/Tr-me_680.npz,train
Tr-no_109.npz,notumor,Training,processed/kaggle_normalized/Training/notumor/Tr-no_109.npz,train
Tr-no_335.npz,notumor,Training,processed/kaggle_normalized/Training/notumor/Tr-no_335.npz,train
Tr-me_1113.npz,meningioma,Training,processed/kaggle_normalized/Training/meningioma/Tr-me_1113.npz,train
Tr-me_976.npz,meningioma,Training,processed/kaggle_normalized/Training/meningioma/Tr-me_976.npz,train
Tr-gl_580.npz,glioma,Training,processed/kaggle_normalized/Training/glioma/Tr-gl_580.npz,train
Tr-aug-me_53.npz,meningioma,Training,processed/kaggle_normalized/Training/meningioma/Tr-aug-me_53.npz,train
Tr-pi_946.npz,pituitary,Training,processed/kaggle_normalized/Training/pituitary/Tr-pi_946.npz,train
Tr-gl_1168.npz,glioma,Training,processed/kaggle_normalized/Training/glioma/Tr-gl_1168.npz,train
Tr-aug-me_94.npz,meningioma,Training,processed/kaggle_normalized/Training/meningioma/Tr-aug-me_94.npz,train
Tr-me_298.npz,meningioma,Training,processed/kaggle_normalized/Training/meningioma/Tr-me_298.npz,train
Tr-gl_116.npz,glioma,Training,processed/kaggle_normalized/Training/glioma/Tr-gl_116.npz,train
Tr-gl_309.npz,glioma,Training,processed/kaggle_normalized/Training/glioma/Tr-gl_309.npz,train
Tr-me_295.npz,meningioma,Training,processed/kaggle_normalized/Training/meningioma/Tr-me_295.npz,train
Tr-pi_133.npz,pituitary,Training,processed/kaggle_normalized/Training/pituitary/Tr-pi_133.npz,train
Tr-me_1179.npz,meningioma,Training,processed/kaggle_normalized/Training/meningioma/Tr-me_1179.npz,train
Tr-me_902.npz,meningioma,Training,processed/kaggle_normalized/Training/meningioma/Tr-me_902.npz,train
Tr-pi_893.npz,pituitary,Training,processed/kaggle_normalized/Training/pituitary/Tr-pi_893.npz,train
Tr-gl_738.npz,glioma,Training,processed/kaggle_normalized/Training/glioma/Tr-gl_738.npz,train
Tr-me_75.npz,meningioma,Training,processed/kaggle_normalized/Training/meningioma/Tr-me_75.npz,train
Tr-pi_1378.npz,pituitary,Training,processed/kaggle_normalized/Training/pituitary/Tr-pi_1378.npz,train
Tr-me_1085.npz,meningioma,Training,processed/kaggle_normalized/Training/meningioma/Tr-me_1085.npz,train
Tr-pi_1195.npz,pituitary,Training,processed/kaggle_normalized/Training/pituitary/Tr-pi_1195.npz,train
Tr-gl_345.npz,glioma,Training,processed/kaggle_normalized/Training/glioma/Tr-gl_345.npz,train
Tr-pi_1340.npz,pituitary,Training,processed/kaggle_normalized/Training/pituitary/Tr-pi_1340.npz,train
Tr-no_699.npz,notumor,Training,processed/kaggle_normalized/Training/notumor/Tr-no_699.npz,train
Tr-me_156.npz,meningioma,Training,processed/kaggle_normalized/Training/meningioma/Tr-me_156.npz,train
Tr-me_30.npz,meningioma,Training,processed/kaggle_normalized/Training/meningioma/Tr-me_30.npz,train
Tr-gl_96.npz,glioma,Training,processed/kaggle_normalized/Training/glioma/Tr-gl_96.npz,train
Tr-aug-me_60.npz,meningioma,Training,processed/kaggle_normalized/Training/meningioma/Tr-aug-me_60.npz,train
Tr-pi_253.npz,pituitary,Training,processed/kaggle_normalized/Training/pituitary/Tr-pi_253.npz,train
Tr-me_838.npz,meningioma,Training,processed/kaggle_normalized/Training/meningioma/Tr-me_838.npz,train
Tr-gl_133.npz,glioma,Training,processed/kaggle_normalized/Training/glioma/Tr-gl_133.npz,train
Tr-me_799.npz,meningioma,Training,processed/kaggle_normalized/Training/meningioma/Tr-me_799.npz,train
Tr-no_308.npz,notumor,Training,processed/kaggle_normalized/Training/notumor/Tr-no_308.npz,train
Tr-me_34.npz,meningioma,Training,processed/kaggle_normalized/Training/meningioma/Tr-me_34.npz,train
Tr-pi_1364.npz,pituitary,Training,processed/kaggle_normalized/Training/pituitary/Tr-pi_1364.npz,train
Tr-pi_799.npz,pituitary,Training,processed/kaggle_normalized/Training/pituitary/Tr-pi_799.npz,train
Tr-me_223.npz,meningioma,Training,processed/kaggle_normalized/Training/meningioma/Tr-me_223.npz,train
Tr-me_384.npz,meningioma,Training,processed/kaggle_normalized/Training/meningioma/Tr-me_384.npz,train
Tr-aug-me_31.npz,meningioma,Training,processed/kaggle_normalized/Training/meningioma/Tr-aug-me_31.npz,train
Tr-pi_1338.npz,pituitary,Training,processed/kaggle_normalized/Training/pituitary/Tr-pi_1338.npz,train
Tr-pi_1162.npz,pituitary,Training,processed/kaggle_normalized/Training/pituitary/Tr-pi_1162.npz,train
Tr-pi_368.npz,pituitary,Training,processed/kaggle_normalized/Training/pituitary/Tr-pi_368.npz,train
Tr-me_527.npz,meningioma,Training,processed/kaggle_normalized/Training/meningioma/Tr-me_527.npz,train
Tr-me_755.npz,meningioma,Training,processed/kaggle_normalized/Training/meningioma/Tr-me_755.npz,train
Tr-gl_600.npz,glioma,Training,processed/kaggle_normalized/Training/glioma/Tr-gl_600.npz,train
Tr-no_520.npz,notumor,Training,processed/kaggle_normalized/Training/notumor/Tr-no_520.npz,train
Tr-gl_1004.npz,glioma,Training,processed/kaggle_normalized/Training/glioma/Tr-gl_1004.npz,train
Tr-gl_35.npz,glioma,Training,processed/kaggle_normalized/Training/glioma/Tr-gl_35.npz,train
Tr-pi_1088.npz,pituitary,Training,processed/kaggle_normalized/Training/pituitary/Tr-pi_1088.npz,train
Tr-me_485.npz,meningioma,Training,processed/kaggle_normalized/Training/meningioma/Tr-me_485.npz,train
Tr-me_742.npz,meningioma,Training,processed/kaggle_normalized/Training/meningioma/Tr-me_742.npz,train
Tr-no_471.npz,notumor,Training,processed/kaggle_normalized/Training/notumor/Tr-no_471.npz,train
Tr-pi_1391.npz,pituitary,Training,processed/kaggle_normalized/Training/pituitary/Tr-pi_1391.npz,train
Tr-gl_705.npz,glioma,Training,processed/kaggle_normalized/Training/glioma/Tr-gl_705.npz,train
Tr-gl_865.npz,glioma,Training,processed/kaggle_normalized/Training/glioma/Tr-gl_865.npz,train
Tr-no_1295.npz,notumor,Training,processed/kaggle_normalized/Training/notumor/Tr-no_1295.npz,train
Tr-no_600.npz,notumor,Training,processed/kaggle_normalized/Training/notumor/Tr-no_600.npz,train
Tr-pi_449.npz,pituitary,Training,processed/kaggle_normalized/Training/pituitary/Tr-pi_449.npz,train
Tr-pi_1053.npz,pituitary,Training,processed/kaggle_normalized/Training/pituitary/Tr-pi_1053.npz,train
Tr-no_52.npz,notumor,Training,processed/kaggle_normalized/Training/notumor/Tr-no_52.npz,train
Tr-no_269.npz,notumor,Training,processed/kaggle_normalized/Training/notumor/Tr-no_269.npz,train
Tr-no_931.npz,notumor,Training,processed/kaggle_normalized/Training/notumor/Tr-no_931.npz,train
Tr-no_842.npz,notumor,Training,processed/kaggle_normalized/Training/notumor/Tr-no_842.npz,train
Tr-me_531.npz,meningioma,Training,processed/kaggle_normalized/Training/meningioma/Tr-me_531.npz,train
Tr-pi_1207.npz,pituitary,Training,processed/kaggle_normalized/Training/pituitary/Tr-pi_1207.npz,train
Tr-me_795.npz,meningioma,Training,processed/kaggle_normalized/Training/meningioma/Tr-me_795.npz,train
Tr-me_1273.npz,meningioma,Training,processed/kaggle_normalized/Training/meningioma/Tr-me_1273.npz,train
Tr-gl_1270.npz,glioma,Training,processed/kaggle_normalized/Training/glioma/Tr-gl_1270.npz,train
Tr-no_670.npz,notumor,Training,processed/kaggle_normalized/Training/notumor/Tr-no_670.npz,train
Tr-no_198.npz,notumor,Training,processed/kaggle_normalized/Training/notumor/Tr-no_198.npz,train
Tr-pi_1068.npz,pituitary,Training,processed/kaggle_normalized/Training/pituitary/Tr-pi_1068.npz,train
Tr-gl_199.npz,glioma,Training,processed/kaggle_normalized/Training/glioma/Tr-gl_199.npz,train
Tr-pi_448.npz,pituitary,Training,processed/kaggle_normalized/Training/pituitary/Tr-pi_448.npz,train
Tr-gl_1222.npz,glioma,Training,processed/kaggle_normalized/Training/glioma/Tr-gl_1222.npz,train
Tr-pi_877.npz,pituitary,Training,processed/kaggle_normalized/Training/pituitary/Tr-pi_877.npz,train
Tr-no_1199.npz,notumor,Training,processed/kaggle_normalized/Training/notumor/Tr-no_1199.npz,train
Tr-gl_272.npz,glioma,Training,processed/kaggle_normalized/Training/glioma/Tr-gl_272.npz,train
Tr-me_730.npz,meningioma,Training,processed/kaggle_normalized/Training/meningioma/Tr-me_730.npz,train
Tr-me_426.npz,meningioma,Training,processed/kaggle_normalized/Training/meningioma/Tr-me_426.npz,train
Tr-pi_316.npz,pituitary,Training,processed/kaggle_normalized/Training/pituitary/Tr-pi_316.npz,train
Tr-pi_1297.npz,pituitary,Training,processed/kaggle_normalized/Training/pituitary/Tr-pi_1297.npz,train
Tr-pi_270.npz,pituitary,Training,processed/kaggle_normalized/Training/pituitary/Tr-pi_270.npz,train
Tr-gl_429.npz,glioma,Training,processed/kaggle_normalized/Training/glioma/Tr-gl_429.npz,train
Tr-gl_179.npz,glioma,Training,processed/kaggle_normalized/Training/glioma/Tr-gl_179.npz,train
Tr-no_700.npz,notumor,Training,processed/kaggle_normalized/Training/notumor/Tr-no_700.npz,train
Tr-no_1042.npz,notumor,Training,processed/kaggle_normalized/Training/notumor/Tr-no_1042.npz,train
Tr-pi_73.npz,pituitary,Training,processed/kaggle_normalized/Training/pituitary/Tr-pi_73.npz,train
Tr-gl_291.npz,glioma,Training,processed/kaggle_normalized/Training/glioma/Tr-gl_291.npz,train
Tr-gl_650.npz,glioma,Training,processed/kaggle_normalized/Training/glioma/Tr-gl_650.npz,train
Tr-gl_662.npz,glioma,Training,processed/kaggle_normalized/Training/glioma/Tr-gl_662.npz,train
Tr-gl_218.npz,glioma,Training,processed/kaggle_normalized/Training/glioma/Tr-gl_218.npz,train
Tr-pi_868.npz,pituitary,Training,processed/kaggle_normalized/Training/pituitary/Tr-pi_868.npz,train
Tr-me_1191.npz,meningioma,Training,processed/kaggle_normalized/Training/meningioma/Tr-me_1191.npz,train
Tr-me_77.npz,meningioma,Training,processed/kaggle_normalized/Training/meningioma/Tr-me_77.npz,train
Tr-no_367.npz,notumor,Training,processed/kaggle_normalized/Training/notumor/Tr-no_367.npz,train
Tr-me_1131.npz,meningioma,Training,processed/kaggle_normalized/Training/meningioma/Tr-me_1131.npz,train
Tr-pi_629.npz,pituitary,Training,processed/kaggle_normalized/Training/pituitary/Tr-pi_629.npz,train
Tr-no_1156.npz,notumor,Training,processed/kaggle_normalized/Training/notumor/Tr-no_1156.npz,train
Tr-pi_1341.npz,pituitary,Training,processed/kaggle_normalized/Training/pituitary/Tr-pi_1341.npz,train
Tr-me_709.npz,meningioma,Training,processed/kaggle_normalized/Training/meningioma/Tr-me_709.npz,train
Tr-pi_121.npz,pituitary,Training,processed/kaggle_normalized/Training/pituitary/Tr-pi_121.npz,train
Tr-gl_1063.npz,glioma,Training,processed/kaggle_normalized/Training/glioma/Tr-gl_1063.npz,train
Tr-me_194.npz,meningioma,Training,processed/kaggle_normalized/Training/meningioma/Tr-me_194.npz,train
Tr-pi_638.npz,pituitary,Training,processed/kaggle_normalized/Training/pituitary/Tr-pi_638.npz,train
Tr-me_436.npz,meningioma,Training,processed/kaggle_normalized/Training/meningioma/Tr-me_436.npz,train
Tr-no_1097.npz,notumor,Training,processed/kaggle_normalized/Training/notumor/Tr-no_1097.npz,train
Tr-pi_854.npz,pituitary,Training,processed/kaggle_normalized/Training/pituitary/Tr-pi_854.npz,train
Tr-gl_987.npz,glioma,Training,processed/kaggle_normalized/Training/glioma/Tr-gl_987.npz,train
Tr-pi_1225.npz,pituitary,Training,processed/kaggle_normalized/Training/pituitary/Tr-pi_1225.npz,train
Tr-me_901.npz,meningioma,Training,processed/kaggle_normalized/Training/meningioma/Tr-me_901.npz,train
Tr-no_42.npz,notumor,Training,processed/kaggle_normalized/Training/notumor/Tr-no_42.npz,train
Tr-gl_809.npz,glioma,Training,processed/kaggle_normalized/Training/glioma/Tr-gl_809.npz,train
Tr-gl_956.npz,glioma,Training,processed/kaggle_normalized/Training/glioma/Tr-gl_956.npz,train
Tr-gl_389.npz,glioma,Training,processed/kaggle_normalized/Training/glioma/Tr-gl_389.npz,train
Tr-gl_1162.npz,glioma,Training,processed/kaggle_normalized/Training/glioma/Tr-gl_1162.npz,train
Tr-pi_25.npz,pituitary,Training,processed/kaggle_normalized/Training/pituitary/Tr-pi_25.npz,train
Tr-gl_66.npz,glioma,Training,processed/kaggle_normalized/Training/glioma/Tr-gl_66.npz,train
Tr-aug-me_77.npz,meningioma,Training,processed/kaggle_normalized/Training/meningioma/Tr-aug-me_77.npz,train
Tr-me_131.npz,meningioma,Training,processed/kaggle_normalized/Training/meningioma/Tr-me_131.npz,train
Tr-gl_214.npz,glioma,Training,processed/kaggle_normalized/Training/glioma/Tr-gl_214.npz,train
Tr-me_1197.npz,meningioma,Training,processed/kaggle_normalized/Training/meningioma/Tr-me_1197.npz,train
Tr-me_869.npz,meningioma,Training,processed/kaggle_normalized/Training/meningioma/Tr-me_869.npz,train
Tr-pi_613.npz,pituitary,Training,processed/kaggle_normalized/Training/pituitary/Tr-pi_613.npz,train
Tr-gl_235.npz,glioma,Training,processed/kaggle_normalized/Training/glioma/Tr-gl_235.npz,train
Tr-gl_362.npz,glioma,Training,processed/kaggle_normalized/Training/glioma/Tr-gl_362.npz,train
Tr-gl_1236.npz,glioma,Training,processed/kaggle_normalized/Training/glioma/Tr-gl_1236.npz,train
Tr-pi_307.npz,pituitary,Training,processed/kaggle_normalized/Training/pituitary/Tr-pi_307.npz,train
Tr-gl_1165.npz,glioma,Training,processed/kaggle_normalized/Training/glioma/Tr-gl_1165.npz,train
Tr-me_882.npz,meningioma,Training,processed/kaggle_normalized/Training/meningioma/Tr-me_882.npz,train
Tr-gl_282.npz,glioma,Training,processed/kaggle_normalized/Training/glioma/Tr-gl_282.npz,train
Tr-pi_200.npz,pituitary,Training,processed/kaggle_normalized/Training/pituitary/Tr-pi_200.npz,train
Tr-me_325.npz,meningioma,Training,processed/kaggle_normalized/Training/meningioma/Tr-me_325.npz,train
Tr-me_453.npz,meningioma,Training,processed/kaggle_normalized/Training/meningioma/Tr-me_453.npz,train
Tr-no_977.npz,notumor,Training,processed/kaggle_normalized/Training/notumor/Tr-no_977.npz,train
Tr-pi_1009.npz,pituitary,Training,processed/kaggle_normalized/Training/pituitary/Tr-pi_1009.npz,train
Tr-no_1325.npz,notumor,Training,processed/kaggle_normalized/Training/notumor/Tr-no_1325.npz,train
Tr-no_13.npz,notumor,Training,processed/kaggle_normalized/Training/notumor/Tr-no_13.npz,train
Tr-no_396.npz,notumor,Training,processed/kaggle_normalized/Training/notumor/Tr-no_396.npz,train
Tr-no_1384.npz,notumor,Training,processed/kaggle_normalized/Training/notumor/Tr-no_1384.npz,train
Tr-aug-me_15.npz,meningioma,Training,processed/kaggle_normalized/Training/meningioma/Tr-aug-me_15.npz,train
Tr-pi_18.npz,pituitary,Training,processed/kaggle_normalized/Training/pituitary/Tr-pi_18.npz,train
Tr-no_968.npz,notumor,Training,processed/kaggle_normalized/Training/notumor/Tr-no_968.npz,train
Tr-gl_207.npz,glioma,Training,processed/kaggle_normalized/Training/glioma/Tr-gl_207.npz,train
Tr-no_901.npz,notumor,Training,processed/kaggle_normalized/Training/notumor/Tr-no_901.npz,train
Tr-pi_653.npz,pituitary,Training,processed/kaggle_normalized/Training/pituitary/Tr-pi_653.npz,train
Tr-no_1121.npz,notumor,Training,processed/kaggle_normalized/Training/notumor/Tr-no_1121.npz,train
Tr-no_687.npz,notumor,Training,processed/kaggle_normalized/Training/notumor/Tr-no_687.npz,train
Tr-me_1176.npz,meningioma,Training,processed/kaggle_normalized/Training/meningioma/Tr-me_1176.npz,train
Tr-pi_388.npz,pituitary,Training,processed/kaggle_normalized/Training/pituitary/Tr-pi_388.npz,train
Tr-me_55.npz,meningioma,Training,processed/kaggle_normalized/Training/meningioma/Tr-me_55.npz,train
Tr-no_1214.npz,notumor,Training,processed/kaggle_normalized/Training/notumor/Tr-no_1214.npz,train
Tr-gl_1049.npz,glioma,Training,processed/kaggle_normalized/Training/glioma/Tr-gl_1049.npz,train
Tr-no_1045.npz,notumor,Training,processed/kaggle_normalized/Training/notumor/Tr-no_1045.npz,train
Tr-no_646.npz,notumor,Training,processed/kaggle_normalized/Training/notumor/Tr-no_646.npz,train
Tr-gl_484.npz,glioma,Training,processed/kaggle_normalized/Training/glioma/Tr-gl_484.npz,train
Tr-no_207.npz,notumor,Training,processed/kaggle_normalized/Training/notumor/Tr-no_207.npz,train
Tr-pi_434.npz,pituitary,Training,processed/kaggle_normalized/Training/pituitary/Tr-pi_434.npz,train
Tr-gl_1246.npz,glioma,Training,processed/kaggle_normalized/Training/glioma/Tr-gl_1246.npz,train
Tr-gl_739.npz,glioma,Training,processed/kaggle_normalized/Training/glioma/Tr-gl_739.npz,train
Tr-no_1373.npz,notumor,Training,processed/kaggle_normalized/Training/notumor/Tr-no_1373.npz,train
Tr-no_1376.npz,notumor,Training,processed/kaggle_normalized/Training/notumor/Tr-no_1376.npz,train
Tr-no_320.npz,notumor,Training,processed/kaggle_normalized/Training/notumor/Tr-no_320.npz,train
Tr-gl_748.npz,glioma,Training,processed/kaggle_normalized/Training/glioma/Tr-gl_748.npz,train
Tr-pi_831.npz,pituitary,Training,processed/kaggle_normalized/Training/pituitary/Tr-pi_831.npz,train
Tr-me_1120.npz,meningioma,Training,processed/kaggle_normalized/Training/meningioma/Tr-me_1120.npz,train
Tr-pi_794.npz,pituitary,Training,processed/kaggle_normalized/Training/pituitary/Tr-pi_794.npz,train
Tr-gl_1353.npz,glioma,Training,processed/kaggle_normalized/Training/glioma/Tr-gl_1353.npz,train
Tr-me_1276.npz,meningioma,Training,processed/kaggle_normalized/Training/meningioma/Tr-me_1276.npz,train
Tr-pi_1323.npz,pituitary,Training,processed/kaggle_normalized/Training/pituitary/Tr-pi_1323.npz,train
Tr-me_694.npz,meningioma,Training,processed/kaggle_normalized/Training/meningioma/Tr-me_694.npz,train
Tr-pi_482.npz,pituitary,Training,processed/kaggle_normalized/Training/pituitary/Tr-pi_482.npz,train
Tr-me_1177.npz,meningioma,Training,processed/kaggle_normalized/Training/meningioma/Tr-me_1177.npz,train
Tr-pi_764.npz,pituitary,Training,processed/kaggle_normalized/Training/pituitary/Tr-pi_764.npz,train
Tr-pi_566.npz,pituitary,Training,processed/kaggle_normalized/Training/pituitary/Tr-pi_566.npz,train
Tr-pi_334.npz,pituitary,Training,processed/kaggle_normalized/Training/pituitary/Tr-pi_334.npz,train
Tr-no_1105.npz,notumor,Training,processed/kaggle_normalized/Training/notumor/Tr-no_1105.npz,train
Tr-pi_820.npz,pituitary,Training,processed/kaggle_normalized/Training/pituitary/Tr-pi_820.npz,train
Tr-me_406.npz,meningioma,Training,processed/kaggle_normalized/Training/meningioma/Tr-me_406.npz,train
Tr-no_1352.npz,notumor,Training,processed/kaggle_normalized/Training/notumor/Tr-no_1352.npz,train
Tr-no_150.npz,notumor,Training,processed/kaggle_normalized/Training/notumor/Tr-no_150.npz,train
Tr-pi_917.npz,pituitary,Training,processed/kaggle_normalized/Training/pituitary/Tr-pi_917.npz,train
Tr-gl_1194.npz,glioma,Training,processed/kaggle_normalized/Training/glioma/Tr-gl_1194.npz,train
Tr-no_213.npz,notumor,Training,processed/kaggle_normalized/Training/notumor/Tr-no_213.npz,train
Tr-no_341.npz,notumor,Training,processed/kaggle_normalized/Training/notumor/Tr-no_341.npz,train
Tr-gl_617.npz,glioma,Training,processed/kaggle_normalized/Training/glioma/Tr-gl_617.npz,train
Tr-me_726.npz,meningioma,Training,processed/kaggle_normalized/Training/meningioma/Tr-me_726.npz,train
Tr-gl_1007.npz,glioma,Training,processed/kaggle_normalized/Training/glioma/Tr-gl_1007.npz,train
Tr-pi_1236.npz,pituitary,Training,processed/kaggle_normalized/Training/pituitary/Tr-pi_1236.npz,train
Tr-pi_41.npz,pituitary,Training,processed/kaggle_normalized/Training/pituitary/Tr-pi_41.npz,train
Tr-me_279.npz,meningioma,Training,processed/kaggle_normalized/Training/meningioma/Tr-me_279.npz,train
Tr-gl_721.npz,glioma,Training,processed/kaggle_normalized/Training/glioma/Tr-gl_721.npz,train
Tr-gl_537.npz,glioma,Training,processed/kaggle_normalized/Training/glioma/Tr-gl_537.npz,train
Tr-gl_1075.npz,glioma,Training,processed/kaggle_normalized/Training/glioma/Tr-gl_1075.npz,train
Tr-me_679.npz,meningioma,Training,processed/kaggle_normalized/Training/meningioma/Tr-me_679.npz,train
Tr-pi_1265.npz,pituitary,Training,processed/kaggle_normalized/Training/pituitary/Tr-pi_1265.npz,train
Tr-me_1189.npz,meningioma,Training,processed/kaggle_normalized/Training/meningioma/Tr-me_1189.npz,train
Tr-gl_402.npz,glioma,Training,processed/kaggle_normalized/Training/glioma/Tr-gl_402.npz,train
Tr-pi_455.npz,pituitary,Training,processed/kaggle_normalized/Training/pituitary/Tr-pi_455.npz,train
Tr-me_1125.npz,meningioma,Training,processed/kaggle_normalized/Training/meningioma/Tr-me_1125.npz,train
Tr-gl_185.npz,glioma,Training,processed/kaggle_normalized/Training/glioma/Tr-gl_185.npz,train
Tr-no_944.npz,notumor,Training,processed/kaggle_normalized/Training/notumor/Tr-no_944.npz,train
Tr-no_536.npz,notumor,Training,processed/kaggle_normalized/Training/notumor/Tr-no_536.npz,train
Tr-me_327.npz,meningioma,Training,processed/kaggle_normalized/Training/meningioma/Tr-me_327.npz,train
Tr-no_1085.npz,notumor,Training,processed/kaggle_normalized/Training/notumor/Tr-no_1085.npz,train
Tr-gl_608.npz,glioma,Training,processed/kaggle_normalized/Training/glioma/Tr-gl_608.npz,train
Tr-gl_1269.npz,glioma,Training,processed/kaggle_normalized/Training/glioma/Tr-gl_1269.npz,train
Tr-no_1391.npz,notumor,Training,processed/kaggle_normalized/Training/notumor/Tr-no_1391.npz,train
Tr-no_136.npz,notumor,Training,processed/kaggle_normalized/Training/notumor/Tr-no_136.npz,train
Tr-gl_944.npz,glioma,Training,processed/kaggle_normalized/Training/glioma/Tr-gl_944.npz,train
Tr-gl_623.npz,glioma,Training,processed/kaggle_normalized/Training/glioma/Tr-gl_623.npz,train
Tr-me_1284.npz,meningioma,Training,processed/kaggle_normalized/Training/meningioma/Tr-me_1284.npz,train
Tr-pi_1308.npz,pituitary,Training,processed/kaggle_normalized/Training/pituitary/Tr-pi_1308.npz,train
Tr-me_125.npz,meningioma,Training,processed/kaggle_normalized/Training/meningioma/Tr-me_125.npz,train
Tr-gl_1302.npz,glioma,Training,processed/kaggle_normalized/Training/glioma/Tr-gl_1302.npz,train
Tr-pi_723.npz,pituitary,Training,processed/kaggle_normalized/Training/pituitary/Tr-pi_723.npz,train
Tr-me_671.npz,meningioma,Training,processed/kaggle_normalized/Training/meningioma/Tr-me_671.npz,train
Tr-no_10.npz,notumor,Training,processed/kaggle_normalized/Training/notumor/Tr-no_10.npz,train
Tr-aug-me_35.npz,meningioma,Training,processed/kaggle_normalized/Training/meningioma/Tr-aug-me_35.npz,train
Tr-no_495.npz,notumor,Training,processed/kaggle_normalized/Training/notumor/Tr-no_495.npz,train
Tr-no_503.npz,notumor,Training,processed/kaggle_normalized/Training/notumor/Tr-no_503.npz,train
Tr-me_1259.npz,meningioma,Training,processed/kaggle_normalized/Training/meningioma/Tr-me_1259.npz,train
Tr-pi_437.npz,pituitary,Training,processed/kaggle_normalized/Training/pituitary/Tr-pi_437.npz,train
Tr-pi_466.npz,pituitary,Training,processed/kaggle_normalized/Training/pituitary/Tr-pi_466.npz,train
Tr-no_414.npz,notumor,Training,processed/kaggle_normalized/Training/notumor/Tr-no_414.npz,train
Tr-no_669.npz,notumor,Training,processed/kaggle_normalized/Training/notumor/Tr-no_669.npz,train
Tr-no_1222.npz,notumor,Training,processed/kaggle_normalized/Training/notumor/Tr-no_1222.npz,train
Tr-me_411.npz,meningioma,Training,processed/kaggle_normalized/Training/meningioma/Tr-me_411.npz,train
Tr-me_585.npz,meningioma,Training,processed/kaggle_normalized/Training/meningioma/Tr-me_585.npz,train
Tr-no_1332.npz,notumor,Training,processed/kaggle_normalized/Training/notumor/Tr-no_1332.npz,train
Tr-pi_644.npz,pituitary,Training,processed/kaggle_normalized/Training/pituitary/Tr-pi_644.npz,train
Tr-no_1193.npz,notumor,Training,processed/kaggle_normalized/Training/notumor/Tr-no_1193.npz,train
Tr-gl_9.npz,glioma,Training,processed/kaggle_normalized/Training/glioma/Tr-gl_9.npz,train
Tr-gl_127.npz,glioma,Training,processed/kaggle_normalized/Training/glioma/Tr-gl_127.npz,train
Tr-no_169.npz,notumor,Training,processed/kaggle_normalized/Training/notumor/Tr-no_169.npz,train
Tr-no_975.npz,notumor,Training,processed/kaggle_normalized/Training/notumor/Tr-no_975.npz,train
Tr-me_1190.npz,meningioma,Training,processed/kaggle_normalized/Training/meningioma/Tr-me_1190.npz,train
Tr-pi_258.npz,pituitary,Training,processed/kaggle_normalized/Training/pituitary/Tr-pi_258.npz,train
Tr-no_1164.npz,notumor,Training,processed/kaggle_normalized/Training/notumor/Tr-no_1164.npz,train
Tr-aug-me_70.npz,meningioma,Training,processed/kaggle_normalized/Training/meningioma/Tr-aug-me_70.npz,train
Tr-no_655.npz,notumor,Training,processed/kaggle_normalized/Training/notumor/Tr-no_655.npz,train
Tr-no_315.npz,notumor,Training,processed/kaggle_normalized/Training/notumor/Tr-no_315.npz,train
Tr-pi_167.npz,pituitary,Training,processed/kaggle_normalized/Training/pituitary/Tr-pi_167.npz,train
Tr-gl_695.npz,glioma,Training,processed/kaggle_normalized/Training/glioma/Tr-gl_695.npz,train
Tr-pi_1169.npz,pituitary,Training,processed/kaggle_normalized/Training/pituitary/Tr-pi_1169.npz,train
Tr-pi_250.npz,pituitary,Training,processed/kaggle_normalized/Training/pituitary/Tr-pi_250.npz,train
Tr-me_434.npz,meningioma,Training,processed/kaggle_normalized/Training/meningioma/Tr-me_434.npz,train
Tr-me_329.npz,meningioma,Training,processed/kaggle_normalized/Training/meningioma/Tr-me_329.npz,train
Tr-me_378.npz,meningioma,Training,processed/kaggle_normalized/Training/meningioma/Tr-me_378.npz,train
Tr-me_343.npz,meningioma,Training,processed/kaggle_normalized/Training/meningioma/Tr-me_343.npz,train
Tr-me_6.npz,meningioma,Training,processed/kaggle_normalized/Training/meningioma/Tr-me_6.npz,train
Tr-no_11.npz,notumor,Training,processed/kaggle_normalized/Training/notumor/Tr-no_11.npz,train
Tr-gl_332.npz,glioma,Training,processed/kaggle_normalized/Training/glioma/Tr-gl_332.npz,train
Tr-gl_909.npz,glioma,Training,processed/kaggle_normalized/Training/glioma/Tr-gl_909.npz,train
Tr-no_637.npz,notumor,Training,processed/kaggle_normalized/Training/notumor/Tr-no_637.npz,train
Tr-me_754.npz,meningioma,Training,processed/kaggle_normalized/Training/meningioma/Tr-me_754.npz,train
Tr-gl_939.npz,glioma,Training,processed/kaggle_normalized/Training/glioma/Tr-gl_939.npz,train
Tr-gl_338.npz,glioma,Training,processed/kaggle_normalized/Training/glioma/Tr-gl_338.npz,train
Tr-me_741.npz,meningioma,Training,processed/kaggle_normalized/Training/meningioma/Tr-me_741.npz,train
Tr-pi_155.npz,pituitary,Training,processed/kaggle_normalized/Training/pituitary/Tr-pi_155.npz,train
Tr-gl_1239.npz,glioma,Training,processed/kaggle_normalized/Training/glioma/Tr-gl_1239.npz,train
Tr-me_334.npz,meningioma,Training,processed/kaggle_normalized/Training/meningioma/Tr-me_334.npz,train
Tr-me_995.npz,meningioma,Training,processed/kaggle_normalized/Training/meningioma/Tr-me_995.npz,train
Tr-pi_264.npz,pituitary,Training,processed/kaggle_normalized/Training/pituitary/Tr-pi_264.npz,train
Tr-pi_1191.npz,pituitary,Training,processed/kaggle_normalized/Training/pituitary/Tr-pi_1191.npz,train
Tr-me_307.npz,meningioma,Training,processed/kaggle_normalized/Training/meningioma/Tr-me_307.npz,train
Tr-gl_241.npz,glioma,Training,processed/kaggle_normalized/Training/glioma/Tr-gl_241.npz,train
Tr-no_657.npz,notumor,Training,processed/kaggle_normalized/Training/notumor/Tr-no_657.npz,train
Tr-me_568.npz,meningioma,Training,processed/kaggle_normalized/Training/meningioma/Tr-me_568.npz,train
Tr-pi_1027.npz,pituitary,Training,processed/kaggle_normalized/Training/pituitary/Tr-pi_1027.npz,train
Tr-no_481.npz,notumor,Training,processed/kaggle_normalized/Training/notumor/Tr-no_481.npz,train
Tr-pi_1133.npz,pituitary,Training,processed/kaggle_normalized/Training/pituitary/Tr-pi_1133.npz,train
Tr-gl_1241.npz,glioma,Training,processed/kaggle_normalized/Training/glioma/Tr-gl_1241.npz,train
Tr-gl_1023.npz,glioma,Training,processed/kaggle_normalized/Training/glioma/Tr-gl_1023.npz,train
Tr-no_1265.npz,notumor,Training,processed/kaggle_normalized/Training/notumor/Tr-no_1265.npz,train
Tr-me_273.npz,meningioma,Training,processed/kaggle_normalized/Training/meningioma/Tr-me_273.npz,train
Tr-pi_999.npz,pituitary,Training,processed/kaggle_normalized/Training/pituitary/Tr-pi_999.npz,train
Tr-pi_633.npz,pituitary,Training,processed/kaggle_normalized/Training/pituitary/Tr-pi_633.npz,train
Tr-pi_802.npz,pituitary,Training,processed/kaggle_normalized/Training/pituitary/Tr-pi_802.npz,train
Tr-me_302.npz,meningioma,Training,processed/kaggle_normalized/Training/meningioma/Tr-me_302.npz,train
Tr-pi_953.npz,pituitary,Training,processed/kaggle_normalized/Training/pituitary/Tr-pi_953.npz,train
Tr-gl_564.npz,glioma,Training,processed/kaggle_normalized/Training/glioma/Tr-gl_564.npz,train
Tr-no_1235.npz,notumor,Training,processed/kaggle_normalized/Training/notumor/Tr-no_1235.npz,train
Tr-pi_625.npz,pituitary,Training,processed/kaggle_normalized/Training/pituitary/Tr-pi_625.npz,train
Tr-pi_1354.npz,pituitary,Training,processed/kaggle_normalized/Training/pituitary/Tr-pi_1354.npz,train
Tr-gl_1267.npz,glioma,Training,processed/kaggle_normalized/Training/glioma/Tr-gl_1267.npz,train
Tr-pi_288.npz,pituitary,Training,processed/kaggle_normalized/Training/pituitary/Tr-pi_288.npz,train
Tr-pi_386.npz,pituitary,Training,processed/kaggle_normalized/Training/pituitary/Tr-pi_386.npz,train
Tr-no_74.npz,notumor,Training,processed/kaggle_normalized/Training/notumor/Tr-no_74.npz,train
Tr-pi_429.npz,pituitary,Training,processed/kaggle_normalized/Training/pituitary/Tr-pi_429.npz,train
Tr-no_1080.npz,notumor,Training,processed/kaggle_normalized/Training/notumor/Tr-no_1080.npz,train
Tr-pi_1010.npz,pituitary,Training,processed/kaggle_normalized/Training/pituitary/Tr-pi_1010.npz,train
Tr-pi_1032.npz,pituitary,Training,processed/kaggle_normalized/Training/pituitary/Tr-pi_1032.npz,train
Tr-gl_763.npz,glioma,Training,processed/kaggle_normalized/Training/glioma/Tr-gl_763.npz,train
Tr-pi_201.npz,pituitary,Training,processed/kaggle_normalized/Training/pituitary/Tr-pi_201.npz,train
Tr-no_451.npz,notumor,Training,processed/kaggle_normalized/Training/notumor/Tr-no_451.npz,train
Tr-gl_1294.npz,glioma,Training,processed/kaggle_normalized/Training/glioma/Tr-gl_1294.npz,train
Tr-pi_283.npz,pituitary,Training,processed/kaggle_normalized/Training/pituitary/Tr-pi_283.npz,train
Tr-gl_146.npz,glioma,Training,processed/kaggle_normalized/Training/glioma/Tr-gl_146.npz,train
Tr-no_412.npz,notumor,Training,processed/kaggle_normalized/Training/notumor/Tr-no_412.npz,train
Tr-pi_1326.npz,pituitary,Training,processed/kaggle_normalized/Training/pituitary/Tr-pi_1326.npz,train
Tr-gl_78.npz,glioma,Training,processed/kaggle_normalized/Training/glioma/Tr-gl_78.npz,train
Tr-pi_1329.npz,pituitary,Training,processed/kaggle_normalized/Training/pituitary/Tr-pi_1329.npz,train
Tr-gl_110.npz,glioma,Training,processed/kaggle_normalized/Training/glioma/Tr-gl_110.npz,train
Tr-me_213.npz,meningioma,Training,processed/kaggle_normalized/Training/meningioma/Tr-me_213.npz,train
Tr-gl_187.npz,glioma,Training,processed/kaggle_normalized/Training/glioma/Tr-gl_187.npz,train
Tr-no_1207.npz,notumor,Training,processed/kaggle_normalized/Training/notumor/Tr-no_1207.npz,train
Tr-no_934.npz,notumor,Training,processed/kaggle_normalized/Training/notumor/Tr-no_934.npz,train
Tr-gl_915.npz,glioma,Training,processed/kaggle_normalized/Training/glioma/Tr-gl_915.npz,train
Tr-me_46.npz,meningioma,Training,processed/kaggle_normalized/Training/meningioma/Tr-me_46.npz,train
Tr-gl_201.npz,glioma,Training,processed/kaggle_normalized/Training/glioma/Tr-gl_201.npz,train
Tr-pi_1144.npz,pituitary,Training,processed/kaggle_normalized/Training/pituitary/Tr-pi_1144.npz,train
Tr-gl_392.npz,glioma,Training,processed/kaggle_normalized/Training/glioma/Tr-gl_392.npz,train
Tr-pi_32.npz,pituitary,Training,processed/kaggle_normalized/Training/pituitary/Tr-pi_32.npz,train
Tr-me_866.npz,meningioma,Training,processed/kaggle_normalized/Training/meningioma/Tr-me_866.npz,train
Tr-pi_809.npz,pituitary,Training,processed/kaggle_normalized/Training/pituitary/Tr-pi_809.npz,train
Tr-pi_533.npz,pituitary,Training,processed/kaggle_normalized/Training/pituitary/Tr-pi_533.npz,train
Tr-gl_441.npz,glioma,Training,processed/kaggle_normalized/Training/glioma/Tr-gl_441.npz,train
Tr-pi_1090.npz,pituitary,Training,processed/kaggle_normalized/Training/pituitary/Tr-pi_1090.npz,train
Tr-no_1119.npz,notumor,Training,processed/kaggle_normalized/Training/notumor/Tr-no_1119.npz,train
Tr-gl_914.npz,glioma,Training,processed/kaggle_normalized/Training/glioma/Tr-gl_914.npz,train
Tr-me_871.npz,meningioma,Training,processed/kaggle_normalized/Training/meningioma/Tr-me_871.npz,train
Tr-gl_532.npz,glioma,Training,processed/kaggle_normalized/Training/glioma/Tr-gl_532.npz,train
Tr-pi_396.npz,pituitary,Training,processed/kaggle_normalized/Training/pituitary/Tr-pi_396.npz,train
Tr-pi_705.npz,pituitary,Training,processed/kaggle_normalized/Training/pituitary/Tr-pi_705.npz,train
Tr-pi_348.npz,pituitary,Training,processed/kaggle_normalized/Training/pituitary/Tr-pi_348.npz,train
Tr-me_698.npz,meningioma,Training,processed/kaggle_normalized/Training/meningioma/Tr-me_698.npz,train
Tr-pi_1353.npz,pituitary,Training,processed/kaggle_normalized/Training/pituitary/Tr-pi_1353.npz,train
Tr-gl_355.npz,glioma,Training,processed/kaggle_normalized/Training/glioma/Tr-gl_355.npz,train
Tr-gl_786.npz,glioma,Training,processed/kaggle_normalized/Training/glioma/Tr-gl_786.npz,train
Tr-gl_699.npz,glioma,Training,processed/kaggle_normalized/Training/glioma/Tr-gl_699.npz,train
Tr-no_960.npz,notumor,Training,processed/kaggle_normalized/Training/notumor/Tr-no_960.npz,train
Tr-gl_686.npz,glioma,Training,processed/kaggle_normalized/Training/glioma/Tr-gl_686.npz,train
Tr-gl_1171.npz,glioma,Training,processed/kaggle_normalized/Training/glioma/Tr-gl_1171.npz,train
Tr-me_1074.npz,meningioma,Training,processed/kaggle_normalized/Training/meningioma/Tr-me_1074.npz,train
Tr-gl_844.npz,glioma,Training,processed/kaggle_normalized/Training/glioma/Tr-gl_844.npz,train
Tr-pi_878.npz,pituitary,Training,processed/kaggle_normalized/Training/pituitary/Tr-pi_878.npz,train
Tr-aug-me_19.npz,meningioma,Training,processed/kaggle_normalized/Training/meningioma/Tr-aug-me_19.npz,train
Tr-no_953.npz,notumor,Training,processed/kaggle_normalized/Training/notumor/Tr-no_953.npz,train
Tr-gl_531.npz,glioma,Training,processed/kaggle_normalized/Training/glioma/Tr-gl_531.npz,train
Tr-pi_641.npz,pituitary,Training,processed/kaggle_normalized/Training/pituitary/Tr-pi_641.npz,train
Tr-me_825.npz,meningioma,Training,processed/kaggle_normalized/Training/meningioma/Tr-me_825.npz,train
Tr-me_185.npz,meningioma,Training,processed/kaggle_normalized/Training/meningioma/Tr-me_185.npz,train
Tr-pi_534.npz,pituitary,Training,processed/kaggle_normalized/Training/pituitary/Tr-pi_534.npz,train
Tr-no_1191.npz,notumor,Training,processed/kaggle_normalized/Training/notumor/Tr-no_1191.npz,train
Tr-no_859.npz,notumor,Training,processed/kaggle_normalized/Training/notumor/Tr-no_859.npz,train
Tr-no_170.npz,notumor,Training,processed/kaggle_normalized/Training/notumor/Tr-no_170.npz,train
Tr-no_473.npz,notumor,Training,processed/kaggle_normalized/Training/notumor/Tr-no_473.npz,train
Tr-no_1092.npz,notumor,Training,processed/kaggle_normalized/Training/notumor/Tr-no_1092.npz,train
Tr-gl_922.npz,glioma,Training,processed/kaggle_normalized/Training/glioma/Tr-gl_922.npz,train
Tr-no_70.npz,notumor,Training,processed/kaggle_normalized/Training/notumor/Tr-no_70.npz,train
Tr-no_348.npz,notumor,Training,processed/kaggle_normalized/Training/notumor/Tr-no_348.npz,train
Tr-gl_694.npz,glioma,Training,processed/kaggle_normalized/Training/glioma/Tr-gl_694.npz,train
Tr-me_433.npz,meningioma,Training,processed/kaggle_normalized/Training/meningioma/Tr-me_433.npz,train
Tr-me_1167.npz,meningioma,Training,processed/kaggle_normalized/Training/meningioma/Tr-me_1167.npz,train
Tr-pi_123.npz,pituitary,Training,processed/kaggle_normalized/Training/pituitary/Tr-pi_123.npz,train
Tr-me_308.npz,meningioma,Training,processed/kaggle_normalized/Training/meningioma/Tr-me_308.npz,train
Tr-me_1165.npz,meningioma,Training,processed/kaggle_normalized/Training/meningioma/Tr-me_1165.npz,train
Tr-pi_746.npz,pituitary,Training,processed/kaggle_normalized/Training/pituitary/Tr-pi_746.npz,train
Tr-pi_1185.npz,pituitary,Training,processed/kaggle_normalized/Training/pituitary/Tr-pi_1185.npz,train
Tr-no_277.npz,notumor,Training,processed/kaggle_normalized/Training/notumor/Tr-no_277.npz,train
Tr-gl_1231.npz,glioma,Training,processed/kaggle_normalized/Training/glioma/Tr-gl_1231.npz,train
Tr-pi_30.npz,pituitary,Training,processed/kaggle_normalized/Training/pituitary/Tr-pi_30.npz,train
Tr-gl_675.npz,glioma,Training,processed/kaggle_normalized/Training/glioma/Tr-gl_675.npz,train
Tr-gl_611.npz,glioma,Training,processed/kaggle_normalized/Training/glioma/Tr-gl_611.npz,train
Tr-no_578.npz,notumor,Training,processed/kaggle_normalized/Training/notumor/Tr-no_578.npz,train
Tr-pi_938.npz,pituitary,Training,processed/kaggle_normalized/Training/pituitary/Tr-pi_938.npz,train
Tr-no_641.npz,notumor,Training,processed/kaggle_normalized/Training/notumor/Tr-no_641.npz,train
Tr-no_921.npz,notumor,Training,processed/kaggle_normalized/Training/notumor/Tr-no_921.npz,train
Tr-no_447.npz,notumor,Training,processed/kaggle_normalized/Training/notumor/Tr-no_447.npz,train
Tr-no_526.npz,notumor,Training,processed/kaggle_normalized/Training/notumor/Tr-no_526.npz,train
Tr-me_803.npz,meningioma,Training,processed/kaggle_normalized/Training/meningioma/Tr-me_803.npz,train
Tr-gl_635.npz,glioma,Training,processed/kaggle_normalized/Training/glioma/Tr-gl_635.npz,train
Tr-me_1007.npz,meningioma,Training,processed/kaggle_normalized/Training/meningioma/Tr-me_1007.npz,train
Tr-me_873.npz,meningioma,Training,processed/kaggle_normalized/Training/meningioma/Tr-me_873.npz,train
Tr-no_163.npz,notumor,Training,processed/kaggle_normalized/Training/notumor/Tr-no_163.npz,train
Tr-pi_1072.npz,pituitary,Training,processed/kaggle_normalized/Training/pituitary/Tr-pi_1072.npz,train
Tr-no_43.npz,notumor,Training,processed/kaggle_normalized/Training/notumor/Tr-no_43.npz,train
Tr-aug-me_7.npz,meningioma,Training,processed/kaggle_normalized/Training/meningioma/Tr-aug-me_7.npz,train
Tr-me_1146.npz,meningioma,Training,processed/kaggle_normalized/Training/meningioma/Tr-me_1146.npz,train
Tr-pi_119.npz,pituitary,Training,processed/kaggle_normalized/Training/pituitary/Tr-pi_119.npz,train
Tr-me_1086.npz,meningioma,Training,processed/kaggle_normalized/Training/meningioma/Tr-me_1086.npz,train
Tr-no_353.npz,notumor,Training,processed/kaggle_normalized/Training/notumor/Tr-no_353.npz,train
Tr-no_1000.npz,notumor,Training,processed/kaggle_normalized/Training/notumor/Tr-no_1000.npz,train
Tr-me_1218.npz,meningioma,Training,processed/kaggle_normalized/Training/meningioma/Tr-me_1218.npz,train
Tr-gl_1235.npz,glioma,Training,processed/kaggle_normalized/Training/glioma/Tr-gl_1235.npz,train
Tr-pi_843.npz,pituitary,Training,processed/kaggle_normalized/Training/pituitary/Tr-pi_843.npz,train
Tr-gl_394.npz,glioma,Training,processed/kaggle_normalized/Training/glioma/Tr-gl_394.npz,train
Tr-me_1155.npz,meningioma,Training,processed/kaggle_normalized/Training/meningioma/Tr-me_1155.npz,train
Tr-me_404.npz,meningioma,Training,processed/kaggle_normalized/Training/meningioma/Tr-me_404.npz,train
Tr-me_259.npz,meningioma,Training,processed/kaggle_normalized/Training/meningioma/Tr-me_259.npz,train
Tr-me_634.npz,meningioma,Training,processed/kaggle_normalized/Training/meningioma/Tr-me_634.npz,train
Tr-no_120.npz,notumor,Training,processed/kaggle_normalized/Training/notumor/Tr-no_120.npz,train
Tr-pi_340.npz,pituitary,Training,processed/kaggle_normalized/Training/pituitary/Tr-pi_340.npz,train
Tr-pi_1146.npz,pituitary,Training,processed/kaggle_normalized/Training/pituitary/Tr-pi_1146.npz,train
Tr-me_604.npz,meningioma,Training,processed/kaggle_normalized/Training/meningioma/Tr-me_604.npz,train
Tr-gl_1062.npz,glioma,Training,processed/kaggle_normalized/Training/glioma/Tr-gl_1062.npz,train
Tr-pi_423.npz,pituitary,Training,processed/kaggle_normalized/Training/pituitary/Tr-pi_423.npz,train
Tr-no_295.npz,notumor,Training,processed/kaggle_normalized/Training/notumor/Tr-no_295.npz,train
Tr-me_575.npz,meningioma,Training,processed/kaggle_normalized/Training/meningioma/Tr-me_575.npz,train
Tr-me_441.npz,meningioma,Training,processed/kaggle_normalized/Training/meningioma/Tr-me_441.npz,train
Tr-gl_407.npz,glioma,Training,processed/kaggle_normalized/Training/glioma/Tr-gl_407.npz,train
Tr-gl_741.npz,glioma,Training,processed/kaggle_normalized/Training/glioma/Tr-gl_741.npz,train
Tr-gl_203.npz,glioma,Training,processed/kaggle_normalized/Training/glioma/Tr-gl_203.npz,train
Tr-pi_1241.npz,pituitary,Training,processed/kaggle_normalized/Training/pituitary/Tr-pi_1241.npz,train
Tr-no_58.npz,notumor,Training,processed/kaggle_normalized/Training/notumor/Tr-no_58.npz,train
Tr-gl_1280.npz,glioma,Training,processed/kaggle_normalized/Training/glioma/Tr-gl_1280.npz,train
Tr-no_673.npz,notumor,Training,processed/kaggle_normalized/Training/notumor/Tr-no_673.npz,train
Tr-no_1095.npz,notumor,Training,processed/kaggle_normalized/Training/notumor/Tr-no_1095.npz,train
Tr-no_222.npz,notumor,Training,processed/kaggle_normalized/Training/notumor/Tr-no_222.npz,train
Tr-gl_506.npz,glioma,Training,processed/kaggle_normalized/Training/glioma/Tr-gl_506.npz,train
Tr-pi_980.npz,pituitary,Training,processed/kaggle_normalized/Training/pituitary/Tr-pi_980.npz,train
Tr-pi_1321.npz,pituitary,Training,processed/kaggle_normalized/Training/pituitary/Tr-pi_1321.npz,train
Tr-gl_1263.npz,glioma,Training,processed/kaggle_normalized/Training/glioma/Tr-gl_1263.npz,train
Tr-me_1014.npz,meningioma,Training,processed/kaggle_normalized/Training/meningioma/Tr-me_1014.npz,train
Tr-pi_558.npz,pituitary,Training,processed/kaggle_normalized/Training/pituitary/Tr-pi_558.npz,train
Tr-pi_1055.npz,pituitary,Training,processed/kaggle_normalized/Training/pituitary/Tr-pi_1055.npz,train
Tr-me_317.npz,meningioma,Training,processed/kaggle_normalized/Training/meningioma/Tr-me_317.npz,train
Tr-pi_324.npz,pituitary,Training,processed/kaggle_normalized/Training/pituitary/Tr-pi_324.npz,train
Tr-no_543.npz,notumor,Training,processed/kaggle_normalized/Training/notumor/Tr-no_543.npz,train
Tr-me_23.npz,meningioma,Training,processed/kaggle_normalized/Training/meningioma/Tr-me_23.npz,train
Tr-pi_800.npz,pituitary,Training,processed/kaggle_normalized/Training/pituitary/Tr-pi_800.npz,train
Tr-pi_377.npz,pituitary,Training,processed/kaggle_normalized/Training/pituitary/Tr-pi_377.npz,train
Tr-no_769.npz,notumor,Training,processed/kaggle_normalized/Training/notumor/Tr-no_769.npz,train
Tr-pi_109.npz,pituitary,Training,processed/kaggle_normalized/Training/pituitary/Tr-pi_109.npz,train
Tr-pi_677.npz,pituitary,Training,processed/kaggle_normalized/Training/pituitary/Tr-pi_677.npz,train
Tr-gl_1033.npz,glioma,Training,processed/kaggle_normalized/Training/glioma/Tr-gl_1033.npz,train
Tr-me_495.npz,meningioma,Training,processed/kaggle_normalized/Training/meningioma/Tr-me_495.npz,train
Tr-gl_1131.npz,glioma,Training,processed/kaggle_normalized/Training/glioma/Tr-gl_1131.npz,train
Tr-pi_188.npz,pituitary,Training,processed/kaggle_normalized/Training/pituitary/Tr-pi_188.npz,train
Tr-no_368.npz,notumor,Training,processed/kaggle_normalized/Training/notumor/Tr-no_368.npz,train
Tr-no_364.npz,notumor,Training,processed/kaggle_normalized/Training/notumor/Tr-no_364.npz,train
Tr-me_1144.npz,meningioma,Training,processed/kaggle_normalized/Training/meningioma/Tr-me_1144.npz,train
Tr-gl_374.npz,glioma,Training,processed/kaggle_normalized/Training/glioma/Tr-gl_374.npz,train
Tr-aug-me_46.npz,meningioma,Training,processed/kaggle_normalized/Training/meningioma/Tr-aug-me_46.npz,train
Tr-pi_29.npz,pituitary,Training,processed/kaggle_normalized/Training/pituitary/Tr-pi_29.npz,train
Tr-pi_1043.npz,pituitary,Training,processed/kaggle_normalized/Training/pituitary/Tr-pi_1043.npz,train
Tr-me_1081.npz,meningioma,Training,processed/kaggle_normalized/Training/meningioma/Tr-me_1081.npz,train
Tr-pi_414.npz,pituitary,Training,processed/kaggle_normalized/Training/pituitary/Tr-pi_414.npz,train
Tr-no_417.npz,notumor,Training,processed/kaggle_normalized/Training/notumor/Tr-no_417.npz,train
Tr-gl_1156.npz,glioma,Training,processed/kaggle_normalized/Training/glioma/Tr-gl_1156.npz,train
Tr-me_997.npz,meningioma,Training,processed/kaggle_normalized/Training/meningioma/Tr-me_997.npz,train
Tr-pi_433.npz,pituitary,Training,processed/kaggle_normalized/Training/pituitary/Tr-pi_433.npz,train
Tr-no_365.npz,notumor,Training,processed/kaggle_normalized/Training/notumor/Tr-no_365.npz,train
Tr-me_11.npz,meningioma,Training,processed/kaggle_normalized/Training/meningioma/Tr-me_11.npz,train
Tr-no_510.npz,notumor,Training,processed/kaggle_normalized/Training/notumor/Tr-no_510.npz,train
Tr-gl_684.npz,glioma,Training,processed/kaggle_normalized/Training/glioma/Tr-gl_684.npz,train
Tr-me_930.npz,meningioma,Training,processed/kaggle_normalized/Training/meningioma/Tr-me_930.npz,train
Tr-me_195.npz,meningioma,Training,processed/kaggle_normalized/Training/meningioma/Tr-me_195.npz,train
Tr-gl_1381.npz,glioma,Training,processed/kaggle_normalized/Training/glioma/Tr-gl_1381.npz,train
Tr-no_554.npz,notumor,Training,processed/kaggle_normalized/Training/notumor/Tr-no_554.npz,train
Tr-gl_1102.npz,glioma,Training,processed/kaggle_normalized/Training/glioma/Tr-gl_1102.npz,train
Tr-pi_675.npz,pituitary,Training,processed/kaggle_normalized/Training/pituitary/Tr-pi_675.npz,train
Tr-pi_686.npz,pituitary,Training,processed/kaggle_normalized/Training/pituitary/Tr-pi_686.npz,train
Tr-gl_64.npz,glioma,Training,processed/kaggle_normalized/Training/glioma/Tr-gl_64.npz,train
Tr-gl_1198.npz,glioma,Training,processed/kaggle_normalized/Training/glioma/Tr-gl_1198.npz,train
Tr-gl_1138.npz,glioma,Training,processed/kaggle_normalized/Training/glioma/Tr-gl_1138.npz,train
Tr-gl_862.npz,glioma,Training,processed/kaggle_normalized/Training/glioma/Tr-gl_862.npz,train
Tr-no_564.npz,notumor,Training,processed/kaggle_normalized/Training/notumor/Tr-no_564.npz,train
Tr-gl_128.npz,glioma,Training,processed/kaggle_normalized/Training/glioma/Tr-gl_128.npz,train
Tr-me_304.npz,meningioma,Training,processed/kaggle_normalized/Training/meningioma/Tr-me_304.npz,train
Tr-gl_84.npz,glioma,Training,processed/kaggle_normalized/Training/glioma/Tr-gl_84.npz,train
Tr-gl_713.npz,glioma,Training,processed/kaggle_normalized/Training/glioma/Tr-gl_713.npz,train
Tr-pi_1266.npz,pituitary,Training,processed/kaggle_normalized/Training/pituitary/Tr-pi_1266.npz,train
Tr-no_581.npz,notumor,Training,processed/kaggle_normalized/Training/notumor/Tr-no_581.npz,train
Tr-me_373.npz,meningioma,Training,processed/kaggle_normalized/Training/meningioma/Tr-me_373.npz,train
Tr-no_618.npz,notumor,Training,processed/kaggle_normalized/Training/notumor/Tr-no_618.npz,train
Tr-gl_1064.npz,glioma,Training,processed/kaggle_normalized/Training/glioma/Tr-gl_1064.npz,train
Tr-no_69.npz,notumor,Training,processed/kaggle_normalized/Training/notumor/Tr-no_69.npz,train
Tr-me_3.npz,meningioma,Training,processed/kaggle_normalized/Training/meningioma/Tr-me_3.npz,train
Tr-gl_668.npz,glioma,Training,processed/kaggle_normalized/Training/glioma/Tr-gl_668.npz,train
Tr-me_827.npz,meningioma,Training,processed/kaggle_normalized/Training/meningioma/Tr-me_827.npz,train
Tr-pi_791.npz,pituitary,Training,processed/kaggle_normalized/Training/pituitary/Tr-pi_791.npz,train
Tr-me_409.npz,meningioma,Training,processed/kaggle_normalized/Training/meningioma/Tr-me_409.npz,train
Tr-pi_853.npz,pituitary,Training,processed/kaggle_normalized/Training/pituitary/Tr-pi_853.npz,train
Tr-pi_822.npz,pituitary,Training,processed/kaggle_normalized/Training/pituitary/Tr-pi_822.npz,train
Tr-pi_1167.npz,pituitary,Training,processed/kaggle_normalized/Training/pituitary/Tr-pi_1167.npz,train
Tr-no_1298.npz,notumor,Training,processed/kaggle_normalized/Training/notumor/Tr-no_1298.npz,train
Tr-pi_1312.npz,pituitary,Training,processed/kaggle_normalized/Training/pituitary/Tr-pi_1312.npz,train
Tr-me_1214.npz,meningioma,Training,processed/kaggle_normalized/Training/meningioma/Tr-me_1214.npz,train
Tr-me_1142.npz,meningioma,Training,processed/kaggle_normalized/Training/meningioma/Tr-me_1142.npz,train
Tr-gl_644.npz,glioma,Training,processed/kaggle_normalized/Training/glioma/Tr-gl_644.npz,train
Tr-gl_460.npz,glioma,Training,processed/kaggle_normalized/Training/glioma/Tr-gl_460.npz,train
Tr-pi_1337.npz,pituitary,Training,processed/kaggle_normalized/Training/pituitary/Tr-pi_1337.npz,train
Tr-me_18.npz,meningioma,Training,processed/kaggle_normalized/Training/meningioma/Tr-me_18.npz,train
Tr-gl_304.npz,glioma,Training,processed/kaggle_normalized/Training/glioma/Tr-gl_304.npz,train
Tr-gl_593.npz,glioma,Training,processed/kaggle_normalized/Training/glioma/Tr-gl_593.npz,train
Tr-gl_720.npz,glioma,Training,processed/kaggle_normalized/Training/glioma/Tr-gl_720.npz,train
Tr-no_241.npz,notumor,Training,processed/kaggle_normalized/Training/notumor/Tr-no_241.npz,train
Tr-no_1008.npz,notumor,Training,processed/kaggle_normalized/Training/notumor/Tr-no_1008.npz,train
Tr-no_835.npz,notumor,Training,processed/kaggle_normalized/Training/notumor/Tr-no_835.npz,train
Tr-pi_858.npz,pituitary,Training,processed/kaggle_normalized/Training/pituitary/Tr-pi_858.npz,train
Tr-no_766.npz,notumor,Training,processed/kaggle_normalized/Training/notumor/Tr-no_766.npz,train
Tr-me_421.npz,meningioma,Training,processed/kaggle_normalized/Training/meningioma/Tr-me_421.npz,train
Tr-gl_1358.npz,glioma,Training,processed/kaggle_normalized/Training/glioma/Tr-gl_1358.npz,train
Tr-aug-me_58.npz,meningioma,Training,processed/kaggle_normalized/Training/meningioma/Tr-aug-me_58.npz,train
Tr-pi_593.npz,pituitary,Training,processed/kaggle_normalized/Training/pituitary/Tr-pi_593.npz,train
Tr-no_134.npz,notumor,Training,processed/kaggle_normalized/Training/notumor/Tr-no_134.npz,train
Tr-me_260.npz,meningioma,Training,processed/kaggle_normalized/Training/meningioma/Tr-me_260.npz,train
Tr-no_1032.npz,notumor,Training,processed/kaggle_normalized/Training/notumor/Tr-no_1032.npz,train
Tr-gl_758.npz,glioma,Training,processed/kaggle_normalized/Training/glioma/Tr-gl_758.npz,train
Tr-no_399.npz,notumor,Training,processed/kaggle_normalized/Training/notumor/Tr-no_399.npz,train
Tr-gl_15.npz,glioma,Training,processed/kaggle_normalized/Training/glioma/Tr-gl_15.npz,train
Tr-no_226.npz,notumor,Training,processed/kaggle_normalized/Training/notumor/Tr-no_226.npz,train
Tr-gl_859.npz,glioma,Training,processed/kaggle_normalized/Training/glioma/Tr-gl_859.npz,train
Tr-gl_972.npz,glioma,Training,processed/kaggle_normalized/Training/glioma/Tr-gl_972.npz,train
Tr-no_458.npz,notumor,Training,processed/kaggle_normalized/Training/notumor/Tr-no_458.npz,train
Tr-gl_855.npz,glioma,Training,processed/kaggle_normalized/Training/glioma/Tr-gl_855.npz,train
Tr-pi_728.npz,pituitary,Training,processed/kaggle_normalized/Training/pituitary/Tr-pi_728.npz,train
Tr-pi_1193.npz,pituitary,Training,processed/kaggle_normalized/Training/pituitary/Tr-pi_1193.npz,train
Tr-aug-me_39.npz,meningioma,Training,processed/kaggle_normalized/Training/meningioma/Tr-aug-me_39.npz,train
Tr-pi_1005.npz,pituitary,Training,processed/kaggle_normalized/Training/pituitary/Tr-pi_1005.npz,train
Tr-no_959.npz,notumor,Training,processed/kaggle_normalized/Training/notumor/Tr-no_959.npz,train
Tr-pi_263.npz,pituitary,Training,processed/kaggle_normalized/Training/pituitary/Tr-pi_263.npz,train
Tr-me_725.npz,meningioma,Training,processed/kaggle_normalized/Training/meningioma/Tr-me_725.npz,train
Tr-gl_1155.npz,glioma,Training,processed/kaggle_normalized/Training/glioma/Tr-gl_1155.npz,train
Tr-me_793.npz,meningioma,Training,processed/kaggle_normalized/Training/meningioma/Tr-me_793.npz,train
Tr-me_674.npz,meningioma,Training,processed/kaggle_normalized/Training/meningioma/Tr-me_674.npz,train
Tr-no_1232.npz,notumor,Training,processed/kaggle_normalized/Training/notumor/Tr-no_1232.npz,train
Tr-gl_1051.npz,glioma,Training,processed/kaggle_normalized/Training/glioma/Tr-gl_1051.npz,train
Tr-no_923.npz,notumor,Training,processed/kaggle_normalized/Training/notumor/Tr-no_923.npz,train
Tr-gl_1387.npz,glioma,Training,processed/kaggle_normalized/Training/glioma/Tr-gl_1387.npz,train
Tr-pi_58.npz,pituitary,Training,processed/kaggle_normalized/Training/pituitary/Tr-pi_58.npz,train
Tr-me_466.npz,meningioma,Training,processed/kaggle_normalized/Training/meningioma/Tr-me_466.npz,train
Tr-no_571.npz,notumor,Training,processed/kaggle_normalized/Training/notumor/Tr-no_571.npz,train
Tr-me_157.npz,meningioma,Training,processed/kaggle_normalized/Training/meningioma/Tr-me_157.npz,train
Tr-no_1011.npz,notumor,Training,processed/kaggle_normalized/Training/notumor/Tr-no_1011.npz,train
Tr-no_1012.npz,notumor,Training,processed/kaggle_normalized/Training/notumor/Tr-no_1012.npz,train
Tr-gl_131.npz,glioma,Training,processed/kaggle_normalized/Training/glioma/Tr-gl_131.npz,train
Tr-me_1067.npz,meningioma,Training,processed/kaggle_normalized/Training/meningioma/Tr-me_1067.npz,train
Tr-gl_1067.npz,glioma,Training,processed/kaggle_normalized/Training/glioma/Tr-gl_1067.npz,train
Tr-gl_518.npz,glioma,Training,processed/kaggle_normalized/Training/glioma/Tr-gl_518.npz,train
Tr-gl_296.npz,glioma,Training,processed/kaggle_normalized/Training/glioma/Tr-gl_296.npz,train
Tr-gl_503.npz,glioma,Training,processed/kaggle_normalized/Training/glioma/Tr-gl_503.npz,train
Tr-no_1337.npz,notumor,Training,processed/kaggle_normalized/Training/notumor/Tr-no_1337.npz,train
Tr-me_996.npz,meningioma,Training,processed/kaggle_normalized/Training/meningioma/Tr-me_996.npz,train
Tr-no_623.npz,notumor,Training,processed/kaggle_normalized/Training/notumor/Tr-no_623.npz,train
Tr-pi_358.npz,pituitary,Training,processed/kaggle_normalized/Training/pituitary/Tr-pi_358.npz,train
Tr-me_20.npz,meningioma,Training,processed/kaggle_normalized/Training/meningioma/Tr-me_20.npz,train
Tr-me_197.npz,meningioma,Training,processed/kaggle_normalized/Training/meningioma/Tr-me_197.npz,train
Tr-me_159.npz,meningioma,Training,processed/kaggle_normalized/Training/meningioma/Tr-me_159.npz,train
Tr-no_81.npz,notumor,Training,processed/kaggle_normalized/Training/notumor/Tr-no_81.npz,train
Tr-no_1106.npz,notumor,Training,processed/kaggle_normalized/Training/notumor/Tr-no_1106.npz,train
Tr-gl_589.npz,glioma,Training,processed/kaggle_normalized/Training/glioma/Tr-gl_589.npz,train
Tr-gl_383.npz,glioma,Training,processed/kaggle_normalized/Training/glioma/Tr-gl_383.npz,train
Tr-me_247.npz,meningioma,Training,processed/kaggle_normalized/Training/meningioma/Tr-me_247.npz,train
Tr-gl_723.npz,glioma,Training,processed/kaggle_normalized/Training/glioma/Tr-gl_723.npz,train
Tr-gl_119.npz,glioma,Training,processed/kaggle_normalized/Training/glioma/Tr-gl_119.npz,train
Tr-gl_743.npz,glioma,Training,processed/kaggle_normalized/Training/glioma/Tr-gl_743.npz,train
Tr-pi_977.npz,pituitary,Training,processed/kaggle_normalized/Training/pituitary/Tr-pi_977.npz,train
Tr-me_225.npz,meningioma,Training,processed/kaggle_normalized/Training/meningioma/Tr-me_225.npz,train
Tr-no_577.npz,notumor,Training,processed/kaggle_normalized/Training/notumor/Tr-no_577.npz,train
Tr-gl_787.npz,glioma,Training,processed/kaggle_normalized/Training/glioma/Tr-gl_787.npz,train
Tr-pi_954.npz,pituitary,Training,processed/kaggle_normalized/Training/pituitary/Tr-pi_954.npz,train
Tr-no_215.npz,notumor,Training,processed/kaggle_normalized/Training/notumor/Tr-no_215.npz,train
Tr-gl_583.npz,glioma,Training,processed/kaggle_normalized/Training/glioma/Tr-gl_583.npz,train
Tr-pi_104.npz,pituitary,Training,processed/kaggle_normalized/Training/pituitary/Tr-pi_104.npz,train
Tr-me_428.npz,meningioma,Training,processed/kaggle_normalized/Training/meningioma/Tr-me_428.npz,train
Tr-gl_25.npz,glioma,Training,processed/kaggle_normalized/Training/glioma/Tr-gl_25.npz,train
Tr-no_961.npz,notumor,Training,processed/kaggle_normalized/Training/notumor/Tr-no_961.npz,train
Tr-gl_1177.npz,glioma,Training,processed/kaggle_normalized/Training/glioma/Tr-gl_1177.npz,train
Tr-pi_1046.npz,pituitary,Training,processed/kaggle_normalized/Training/pituitary/Tr-pi_1046.npz,train
Tr-pi_1048.npz,pituitary,Training,processed/kaggle_normalized/Training/pituitary/Tr-pi_1048.npz,train
Tr-gl_111.npz,glioma,Training,processed/kaggle_normalized/Training/glioma/Tr-gl_111.npz,train
Tr-gl_249.npz,glioma,Training,processed/kaggle_normalized/Training/glioma/Tr-gl_249.npz,train
Tr-gl_711.npz,glioma,Training,processed/kaggle_normalized/Training/glioma/Tr-gl_711.npz,train
Tr-me_498.npz,meningioma,Training,processed/kaggle_normalized/Training/meningioma/Tr-me_498.npz,train
Tr-me_123.npz,meningioma,Training,processed/kaggle_normalized/Training/meningioma/Tr-me_123.npz,train
Tr-gl_725.npz,glioma,Training,processed/kaggle_normalized/Training/glioma/Tr-gl_725.npz,train
Tr-pi_1161.npz,pituitary,Training,processed/kaggle_normalized/Training/pituitary/Tr-pi_1161.npz,train
Tr-no_2.npz,notumor,Training,processed/kaggle_normalized/Training/notumor/Tr-no_2.npz,train
Tr-me_828.npz,meningioma,Training,processed/kaggle_normalized/Training/meningioma/Tr-me_828.npz,train
Tr-gl_541.npz,glioma,Training,processed/kaggle_normalized/Training/glioma/Tr-gl_541.npz,train
Tr-no_145.npz,notumor,Training,processed/kaggle_normalized/Training/notumor/Tr-no_145.npz,train
Tr-me_144.npz,meningioma,Training,processed/kaggle_normalized/Training/meningioma/Tr-me_144.npz,train
Tr-me_626.npz,meningioma,Training,processed/kaggle_normalized/Training/meningioma/Tr-me_626.npz,train
Tr-me_1249.npz,meningioma,Training,processed/kaggle_normalized/Training/meningioma/Tr-me_1249.npz,train
Tr-gl_277.npz,glioma,Training,processed/kaggle_normalized/Training/glioma/Tr-gl_277.npz,train
Tr-me_431.npz,meningioma,Training,processed/kaggle_normalized/Training/meningioma/Tr-me_431.npz,train
Tr-pi_729.npz,pituitary,Training,processed/kaggle_normalized/Training/pituitary/Tr-pi_729.npz,train
Tr-gl_561.npz,glioma,Training,processed/kaggle_normalized/Training/glioma/Tr-gl_561.npz,train
Tr-aug-me_95.npz,meningioma,Training,processed/kaggle_normalized/Training/meningioma/Tr-aug-me_95.npz,train
Tr-gl_287.npz,glioma,Training,processed/kaggle_normalized/Training/glioma/Tr-gl_287.npz,train
Tr-no_730.npz,notumor,Training,processed/kaggle_normalized/Training/notumor/Tr-no_730.npz,train
Tr-gl_1008.npz,glioma,Training,processed/kaggle_normalized/Training/glioma/Tr-gl_1008.npz,train
Tr-me_865.npz,meningioma,Training,processed/kaggle_normalized/Training/meningioma/Tr-me_865.npz,train
Tr-no_31.npz,notumor,Training,processed/kaggle_normalized/Training/notumor/Tr-no_31.npz,train
Tr-pi_557.npz,pituitary,Training,processed/kaggle_normalized/Training/pituitary/Tr-pi_557.npz,train
Tr-no_698.npz,notumor,Training,processed/kaggle_normalized/Training/notumor/Tr-no_698.npz,train
Tr-gl_571.npz,glioma,Training,processed/kaggle_normalized/Training/glioma/Tr-gl_571.npz,train
Tr-me_612.npz,meningioma,Training,processed/kaggle_normalized/Training/meningioma/Tr-me_612.npz,train
Tr-pi_818.npz,pituitary,Training,processed/kaggle_normalized/Training/pituitary/Tr-pi_818.npz,train
Tr-no_1237.npz,notumor,Training,processed/kaggle_normalized/Training/notumor/Tr-no_1237.npz,train
Tr-pi_1328.npz,pituitary,Training,processed/kaggle_normalized/Training/pituitary/Tr-pi_1328.npz,train
Tr-gl_52.npz,glioma,Training,processed/kaggle_normalized/Training/glioma/Tr-gl_52.npz,train
Tr-gl_1011.npz,glioma,Training,processed/kaggle_normalized/Training/glioma/Tr-gl_1011.npz,train
Tr-no_230.npz,notumor,Training,processed/kaggle_normalized/Training/notumor/Tr-no_230.npz,train
Tr-gl_683.npz,glioma,Training,processed/kaggle_normalized/Training/glioma/Tr-gl_683.npz,train
Tr-no_77.npz,notumor,Training,processed/kaggle_normalized/Training/notumor/Tr-no_77.npz,train
Tr-gl_1305.npz,glioma,Training,processed/kaggle_normalized/Training/glioma/Tr-gl_1305.npz,train
Tr-pi_847.npz,pituitary,Training,processed/kaggle_normalized/Training/pituitary/Tr-pi_847.npz,train
Tr-no_453.npz,notumor,Training,processed/kaggle_normalized/Training/notumor/Tr-no_453.npz,train
Tr-gl_202.npz,glioma,Training,processed/kaggle_normalized/Training/glioma/Tr-gl_202.npz,train
Tr-gl_49.npz,glioma,Training,processed/kaggle_normalized/Training/glioma/Tr-gl_49.npz,train
Tr-pi_982.npz,pituitary,Training,processed/kaggle_normalized/Training/pituitary/Tr-pi_982.npz,train
Tr-gl_587.npz,glioma,Training,processed/kaggle_normalized/Training/glioma/Tr-gl_587.npz,train
Tr-pi_286.npz,pituitary,Training,processed/kaggle_normalized/Training/pituitary/Tr-pi_286.npz,train
Tr-pi_919.npz,pituitary,Training,processed/kaggle_normalized/Training/pituitary/Tr-pi_919.npz,train
Tr-no_16.npz,notumor,Training,processed/kaggle_normalized/Training/notumor/Tr-no_16.npz,train
Tr-no_551.npz,notumor,Training,processed/kaggle_normalized/Training/notumor/Tr-no_551.npz,train
Tr-gl_360.npz,glioma,Training,processed/kaggle_normalized/Training/glioma/Tr-gl_360.npz,train
Tr-me_640.npz,meningioma,Training,processed/kaggle_normalized/Training/meningioma/Tr-me_640.npz,train
Tr-gl_398.npz,glioma,Training,processed/kaggle_normalized/Training/glioma/Tr-gl_398.npz,train
Tr-gl_1327.npz,glioma,Training,processed/kaggle_normalized/Training/glioma/Tr-gl_1327.npz,train
Tr-pi_555.npz,pituitary,Training,processed/kaggle_normalized/Training/pituitary/Tr-pi_555.npz,train
Tr-no_1029.npz,notumor,Training,processed/kaggle_normalized/Training/notumor/Tr-no_1029.npz,train
Tr-no_854.npz,notumor,Training,processed/kaggle_normalized/Training/notumor/Tr-no_854.npz,train
Tr-no_38.npz,notumor,Training,processed/kaggle_normalized/Training/notumor/Tr-no_38.npz,train
Tr-no_1007.npz,notumor,Training,processed/kaggle_normalized/Training/notumor/Tr-no_1007.npz,train
Tr-pi_679.npz,pituitary,Training,processed/kaggle_normalized/Training/pituitary/Tr-pi_679.npz,train
Tr-gl_838.npz,glioma,Training,processed/kaggle_normalized/Training/glioma/Tr-gl_838.npz,train
Tr-pi_499.npz,pituitary,Training,processed/kaggle_normalized/Training/pituitary/Tr-pi_499.npz,train
Tr-gl_663.npz,glioma,Training,processed/kaggle_normalized/Training/glioma/Tr-gl_663.npz,train
Tr-me_202.npz,meningioma,Training,processed/kaggle_normalized/Training/meningioma/Tr-me_202.npz,train
Tr-gl_431.npz,glioma,Training,processed/kaggle_normalized/Training/glioma/Tr-gl_431.npz,train
Tr-pi_412.npz,pituitary,Training,processed/kaggle_normalized/Training/pituitary/Tr-pi_412.npz,train
Tr-me_66.npz,meningioma,Training,processed/kaggle_normalized/Training/meningioma/Tr-me_66.npz,train
Tr-me_241.npz,meningioma,Training,processed/kaggle_normalized/Training/meningioma/Tr-me_241.npz,train
Tr-gl_488.npz,glioma,Training,processed/kaggle_normalized/Training/glioma/Tr-gl_488.npz,train
Tr-me_721.npz,meningioma,Training,processed/kaggle_normalized/Training/meningioma/Tr-me_721.npz,train
Tr-gl_548.npz,glioma,Training,processed/kaggle_normalized/Training/glioma/Tr-gl_548.npz,train
Tr-pi_718.npz,pituitary,Training,processed/kaggle_normalized/Training/pituitary/Tr-pi_718.npz,train
Tr-me_610.npz,meningioma,Training,processed/kaggle_normalized/Training/meningioma/Tr-me_610.npz,train
Tr-gl_99.npz,glioma,Training,processed/kaggle_normalized/Training/glioma/Tr-gl_99.npz,train
Tr-gl_597.npz,glioma,Training,processed/kaggle_normalized/Training/glioma/Tr-gl_597.npz,train
Tr-pi_52.npz,pituitary,Training,processed/kaggle_normalized/Training/pituitary/Tr-pi_52.npz,train
Tr-me_315.npz,meningioma,Training,processed/kaggle_normalized/Training/meningioma/Tr-me_315.npz,train
Tr-pi_739.npz,pituitary,Training,processed/kaggle_normalized/Training/pituitary/Tr-pi_739.npz,train
Tr-me_1042.npz,meningioma,Training,processed/kaggle_normalized/Training/meningioma/Tr-me_1042.npz,train
Tr-no_329.npz,notumor,Training,processed/kaggle_normalized/Training/notumor/Tr-no_329.npz,train
Tr-gl_558.npz,glioma,Training,processed/kaggle_normalized/Training/glioma/Tr-gl_558.npz,train
Tr-gl_476.npz,glioma,Training,processed/kaggle_normalized/Training/glioma/Tr-gl_476.npz,train
Tr-pi_987.npz,pituitary,Training,processed/kaggle_normalized/Training/pituitary/Tr-pi_987.npz,train
Tr-me_322.npz,meningioma,Training,processed/kaggle_normalized/Training/meningioma/Tr-me_322.npz,train
Tr-no_608.npz,notumor,Training,processed/kaggle_normalized/Training/notumor/Tr-no_608.npz,train
Tr-no_115.npz,notumor,Training,processed/kaggle_normalized/Training/notumor/Tr-no_115.npz,train
Tr-no_1006.npz,notumor,Training,processed/kaggle_normalized/Training/notumor/Tr-no_1006.npz,train
Tr-no_1130.npz,notumor,Training,processed/kaggle_normalized/Training/notumor/Tr-no_1130.npz,train
Tr-pi_93.npz,pituitary,Training,processed/kaggle_normalized/Training/pituitary/Tr-pi_93.npz,train
Tr-pi_1181.npz,pituitary,Training,processed/kaggle_normalized/Training/pituitary/Tr-pi_1181.npz,train
Tr-gl_688.npz,glioma,Training,processed/kaggle_normalized/Training/glioma/Tr-gl_688.npz,train
Tr-pi_1221.npz,pituitary,Training,processed/kaggle_normalized/Training/pituitary/Tr-pi_1221.npz,train
Tr-gl_757.npz,glioma,Training,processed/kaggle_normalized/Training/glioma/Tr-gl_757.npz,train
Tr-gl_369.npz,glioma,Training,processed/kaggle_normalized/Training/glioma/Tr-gl_369.npz,train
Tr-me_1083.npz,meningioma,Training,processed/kaggle_normalized/Training/meningioma/Tr-me_1083.npz,train
Tr-pi_698.npz,pituitary,Training,processed/kaggle_normalized/Training/pituitary/Tr-pi_698.npz,train
Tr-pi_81.npz,pituitary,Training,processed/kaggle_normalized/Training/pituitary/Tr-pi_81.npz,train
Tr-gl_640.npz,glioma,Training,processed/kaggle_normalized/Training/glioma/Tr-gl_640.npz,train
Tr-pi_765.npz,pituitary,Training,processed/kaggle_normalized/Training/pituitary/Tr-pi_765.npz,train
Tr-gl_873.npz,glioma,Training,processed/kaggle_normalized/Training/glioma/Tr-gl_873.npz,train
Tr-pi_1156.npz,pituitary,Training,processed/kaggle_normalized/Training/pituitary/Tr-pi_1156.npz,train
Tr-me_1282.npz,meningioma,Training,processed/kaggle_normalized/Training/meningioma/Tr-me_1282.npz,train
Tr-pi_905.npz,pituitary,Training,processed/kaggle_normalized/Training/pituitary/Tr-pi_905.npz,train
Tr-no_280.npz,notumor,Training,processed/kaggle_normalized/Training/notumor/Tr-no_280.npz,train
Tr-me_33.npz,meningioma,Training,processed/kaggle_normalized/Training/meningioma/Tr-me_33.npz,train
Tr-gl_805.npz,glioma,Training,processed/kaggle_normalized/Training/glioma/Tr-gl_805.npz,train
Tr-no_104.npz,notumor,Training,processed/kaggle_normalized/Training/notumor/Tr-no_104.npz,train
Tr-gl_816.npz,glioma,Training,processed/kaggle_normalized/Training/glioma/Tr-gl_816.npz,train
Tr-gl_1027.npz,glioma,Training,processed/kaggle_normalized/Training/glioma/Tr-gl_1027.npz,train
Tr-pi_762.npz,pituitary,Training,processed/kaggle_normalized/Training/pituitary/Tr-pi_762.npz,train
Tr-pi_1126.npz,pituitary,Training,processed/kaggle_normalized/Training/pituitary/Tr-pi_1126.npz,train
Tr-no_1099.npz,notumor,Training,processed/kaggle_normalized/Training/notumor/Tr-no_1099.npz,train
Tr-pi_607.npz,pituitary,Training,processed/kaggle_normalized/Training/pituitary/Tr-pi_607.npz,train
Tr-no_565.npz,notumor,Training,processed/kaggle_normalized/Training/notumor/Tr-no_565.npz,train
Tr-gl_1018.npz,glioma,Training,processed/kaggle_normalized/Training/glioma/Tr-gl_1018.npz,train
Tr-gl_292.npz,glioma,Training,processed/kaggle_normalized/Training/glioma/Tr-gl_292.npz,train
Tr-gl_1260.npz,glioma,Training,processed/kaggle_normalized/Training/glioma/Tr-gl_1260.npz,train
Tr-aug-me_80.npz,meningioma,Training,processed/kaggle_normalized/Training/meningioma/Tr-aug-me_80.npz,train
Tr-no_559.npz,notumor,Training,processed/kaggle_normalized/Training/notumor/Tr-no_559.npz,train
Tr-no_902.npz,notumor,Training,processed/kaggle_normalized/Training/notumor/Tr-no_902.npz,train
Tr-no_656.npz,notumor,Training,processed/kaggle_normalized/Training/notumor/Tr-no_656.npz,train
Tr-no_496.npz,notumor,Training,processed/kaggle_normalized/Training/notumor/Tr-no_496.npz,train
Tr-no_982.npz,notumor,Training,processed/kaggle_normalized/Training/notumor/Tr-no_982.npz,train
Tr-pi_1017.npz,pituitary,Training,processed/kaggle_normalized/Training/pituitary/Tr-pi_1017.npz,train
Tr-no_239.npz,notumor,Training,processed/kaggle_normalized/Training/notumor/Tr-no_239.npz,train
Tr-no_101.npz,notumor,Training,processed/kaggle_normalized/Training/notumor/Tr-no_101.npz,train
Tr-pi_277.npz,pituitary,Training,processed/kaggle_normalized/Training/pituitary/Tr-pi_277.npz,train
Tr-pi_652.npz,pituitary,Training,processed/kaggle_normalized/Training/pituitary/Tr-pi_652.npz,train
Tr-no_1082.npz,notumor,Training,processed/kaggle_normalized/Training/notumor/Tr-no_1082.npz,train
Tr-gl_435.npz,glioma,Training,processed/kaggle_normalized/Training/glioma/Tr-gl_435.npz,train
Tr-pi_1019.npz,pituitary,Training,processed/kaggle_normalized/Training/pituitary/Tr-pi_1019.npz,train
Tr-no_876.npz,notumor,Training,processed/kaggle_normalized/Training/notumor/Tr-no_876.npz,train
Tr-pi_713.npz,pituitary,Training,processed/kaggle_normalized/Training/pituitary/Tr-pi_713.npz,train
Tr-gl_1206.npz,glioma,Training,processed/kaggle_normalized/Training/glioma/Tr-gl_1206.npz,train
Tr-gl_1319.npz,glioma,Training,processed/kaggle_normalized/Training/glioma/Tr-gl_1319.npz,train
Tr-pi_1098.npz,pituitary,Training,processed/kaggle_normalized/Training/pituitary/Tr-pi_1098.npz,train
Tr-me_169.npz,meningioma,Training,processed/kaggle_normalized/Training/meningioma/Tr-me_169.npz,train
Tr-no_999.npz,notumor,Training,processed/kaggle_normalized/Training/notumor/Tr-no_999.npz,train
Tr-no_807.npz,notumor,Training,processed/kaggle_normalized/Training/notumor/Tr-no_807.npz,train
Tr-me_244.npz,meningioma,Training,processed/kaggle_normalized/Training/meningioma/Tr-me_244.npz,train
Tr-gl_852.npz,glioma,Training,processed/kaggle_normalized/Training/glioma/Tr-gl_852.npz,train
Tr-gl_1044.npz,glioma,Training,processed/kaggle_normalized/Training/glioma/Tr-gl_1044.npz,train
Tr-me_385.npz,meningioma,Training,processed/kaggle_normalized/Training/meningioma/Tr-me_385.npz,train
Tr-gl_53.npz,glioma,Training,processed/kaggle_normalized/Training/glioma/Tr-gl_53.npz,train
Tr-no_1183.npz,notumor,Training,processed/kaggle_normalized/Training/notumor/Tr-no_1183.npz,train
Tr-pi_789.npz,pituitary,Training,processed/kaggle_normalized/Training/pituitary/Tr-pi_789.npz,train
Tr-me_413.npz,meningioma,Training,processed/kaggle_normalized/Training/meningioma/Tr-me_413.npz,train
Tr-me_1266.npz,meningioma,Training,processed/kaggle_normalized/Training/meningioma/Tr-me_1266.npz,train
Tr-gl_243.npz,glioma,Training,processed/kaggle_normalized/Training/glioma/Tr-gl_243.npz,train
Tr-gl_1257.npz,glioma,Training,processed/kaggle_normalized/Training/glioma/Tr-gl_1257.npz,train
Tr-gl_890.npz,glioma,Training,processed/kaggle_normalized/Training/glioma/Tr-gl_890.npz,train
Tr-no_1209.npz,notumor,Training,processed/kaggle_normalized/Training/notumor/Tr-no_1209.npz,train
Tr-pi_863.npz,pituitary,Training,processed/kaggle_normalized/Training/pituitary/Tr-pi_863.npz,train
Tr-gl_731.npz,glioma,Training,processed/kaggle_normalized/Training/glioma/Tr-gl_731.npz,train
Tr-me_283.npz,meningioma,Training,processed/kaggle_normalized/Training/meningioma/Tr-me_283.npz,train
Tr-gl_13.npz,glioma,Training,processed/kaggle_normalized/Training/glioma/Tr-gl_13.npz,train
Tr-me_753.npz,meningioma,Training,processed/kaggle_normalized/Training/meningioma/Tr-me_753.npz,train
Tr-no_276.npz,notumor,Training,processed/kaggle_normalized/Training/notumor/Tr-no_276.npz,train
Tr-no_310.npz,notumor,Training,processed/kaggle_normalized/Training/notumor/Tr-no_310.npz,train
Tr-pi_719.npz,pituitary,Training,processed/kaggle_normalized/Training/pituitary/Tr-pi_719.npz,train
Tr-no_121.npz,notumor,Training,processed/kaggle_normalized/Training/notumor/Tr-no_121.npz,train
Tr-me_1001.npz,meningioma,Training,processed/kaggle_normalized/Training/meningioma/Tr-me_1001.npz,train
Tr-no_354.npz,notumor,Training,processed/kaggle_normalized/Training/notumor/Tr-no_354.npz,train
Tr-no_1118.npz,notumor,Training,processed/kaggle_normalized/Training/notumor/Tr-no_1118.npz,train
Tr-pi_1034.npz,pituitary,Training,processed/kaggle_normalized/Training/pituitary/Tr-pi_1034.npz,train
Tr-gl_861.npz,glioma,Training,processed/kaggle_normalized/Training/glioma/Tr-gl_861.npz,train
Tr-pi_1168.npz,pituitary,Training,processed/kaggle_normalized/Training/pituitary/Tr-pi_1168.npz,train
Tr-gl_709.npz,glioma,Training,processed/kaggle_normalized/Training/glioma/Tr-gl_709.npz,train
Tr-pi_795.npz,pituitary,Training,processed/kaggle_normalized/Training/pituitary/Tr-pi_795.npz,train
Tr-me_306.npz,meningioma,Training,processed/kaggle_normalized/Training/meningioma/Tr-me_306.npz,train
Tr-me_652.npz,meningioma,Training,processed/kaggle_normalized/Training/meningioma/Tr-me_652.npz,train
Tr-gl_1041.npz,glioma,Training,processed/kaggle_normalized/Training/glioma/Tr-gl_1041.npz,train
Tr-pi_801.npz,pituitary,Training,processed/kaggle_normalized/Training/pituitary/Tr-pi_801.npz,train
Tr-no_1386.npz,notumor,Training,processed/kaggle_normalized/Training/notumor/Tr-no_1386.npz,train
Tr-no_355.npz,notumor,Training,processed/kaggle_normalized/Training/notumor/Tr-no_355.npz,train
Tr-me_321.npz,meningioma,Training,processed/kaggle_normalized/Training/meningioma/Tr-me_321.npz,train
Tr-pi_476.npz,pituitary,Training,processed/kaggle_normalized/Training/pituitary/Tr-pi_476.npz,train
Tr-no_1388.npz,notumor,Training,processed/kaggle_normalized/Training/notumor/Tr-no_1388.npz,train
Tr-pi_107.npz,pituitary,Training,processed/kaggle_normalized/Training/pituitary/Tr-pi_107.npz,train
Tr-gl_1348.npz,glioma,Training,processed/kaggle_normalized/Training/glioma/Tr-gl_1348.npz,train
Tr-me_633.npz,meningioma,Training,processed/kaggle_normalized/Training/meningioma/Tr-me_633.npz,train
Tr-no_843.npz,notumor,Training,processed/kaggle_normalized/Training/notumor/Tr-no_843.npz,train
Tr-me_954.npz,meningioma,Training,processed/kaggle_normalized/Training/meningioma/Tr-me_954.npz,train
Tr-pi_1134.npz,pituitary,Training,processed/kaggle_normalized/Training/pituitary/Tr-pi_1134.npz,train
Tr-pi_1078.npz,pituitary,Training,processed/kaggle_normalized/Training/pituitary/Tr-pi_1078.npz,train
Tr-no_1227.npz,notumor,Training,processed/kaggle_normalized/Training/notumor/Tr-no_1227.npz,train
Tr-me_780.npz,meningioma,Training,processed/kaggle_normalized/Training/meningioma/Tr-me_780.npz,train
Tr-me_70.npz,meningioma,Training,processed/kaggle_normalized/Training/meningioma/Tr-me_70.npz,train
Tr-pi_589.npz,pituitary,Training,processed/kaggle_normalized/Training/pituitary/Tr-pi_589.npz,train
Tr-me_660.npz,meningioma,Training,processed/kaggle_normalized/Training/meningioma/Tr-me_660.npz,train
Tr-me_1107.npz,meningioma,Training,processed/kaggle_normalized/Training/meningioma/Tr-me_1107.npz,train
Tr-gl_1208.npz,glioma,Training,processed/kaggle_normalized/Training/glioma/Tr-gl_1208.npz,train
Tr-pi_1179.npz,pituitary,Training,processed/kaggle_normalized/Training/pituitary/Tr-pi_1179.npz,train
Tr-gl_1308.npz,glioma,Training,processed/kaggle_normalized/Training/glioma/Tr-gl_1308.npz,train
Tr-me_635.npz,meningioma,Training,processed/kaggle_normalized/Training/meningioma/Tr-me_635.npz,train
Tr-me_608.npz,meningioma,Training,processed/kaggle_normalized/Training/meningioma/Tr-me_608.npz,train
Tr-no_23.npz,notumor,Training,processed/kaggle_normalized/Training/notumor/Tr-no_23.npz,train
Tr-me_966.npz,meningioma,Training,processed/kaggle_normalized/Training/meningioma/Tr-me_966.npz,train
Tr-no_202.npz,notumor,Training,processed/kaggle_normalized/Training/notumor/Tr-no_202.npz,train
Tr-gl_192.npz,glioma,Training,processed/kaggle_normalized/Training/glioma/Tr-gl_192.npz,train
Tr-aug-me_87.npz,meningioma,Training,processed/kaggle_normalized/Training/meningioma/Tr-aug-me_87.npz,train
Tr-no_297.npz,notumor,Training,processed/kaggle_normalized/Training/notumor/Tr-no_297.npz,train
Tr-me_1145.npz,meningioma,Training,processed/kaggle_normalized/Training/meningioma/Tr-me_1145.npz,train
Tr-me_1262.npz,meningioma,Training,processed/kaggle_normalized/Training/meningioma/Tr-me_1262.npz,train
Tr-pi_1117.npz,pituitary,Training,processed/kaggle_normalized/Training/pituitary/Tr-pi_1117.npz,train
Tr-pi_62.npz,pituitary,Training,processed/kaggle_normalized/Training/pituitary/Tr-pi_62.npz,train
Tr-pi_522.npz,pituitary,Training,processed/kaggle_normalized/Training/pituitary/Tr-pi_522.npz,train
Tr-gl_1158.npz,glioma,Training,processed/kaggle_normalized/Training/glioma/Tr-gl_1158.npz,train
Tr-no_1030.npz,notumor,Training,processed/kaggle_normalized/Training/notumor/Tr-no_1030.npz,train
Tr-pi_965.npz,pituitary,Training,processed/kaggle_normalized/Training/pituitary/Tr-pi_965.npz,train
Tr-me_369.npz,meningioma,Training,processed/kaggle_normalized/Training/meningioma/Tr-me_369.npz,train
Tr-gl_1288.npz,glioma,Training,processed/kaggle_normalized/Training/glioma/Tr-gl_1288.npz,train
Tr-gl_293.npz,glioma,Training,processed/kaggle_normalized/Training/glioma/Tr-gl_293.npz,train
Tr-pi_768.npz,pituitary,Training,processed/kaggle_normalized/Training/pituitary/Tr-pi_768.npz,train
Tr-gl_1175.npz,glioma,Training,processed/kaggle_normalized/Training/glioma/Tr-gl_1175.npz,train
Tr-gl_278.npz,glioma,Training,processed/kaggle_normalized/Training/glioma/Tr-gl_278.npz,train
Tr-no_431.npz,notumor,Training,processed/kaggle_normalized/Training/notumor/Tr-no_431.npz,train
Tr-gl_126.npz,glioma,Training,processed/kaggle_normalized/Training/glioma/Tr-gl_126.npz,train
Tr-no_177.npz,notumor,Training,processed/kaggle_normalized/Training/notumor/Tr-no_177.npz,train
Tr-no_589.npz,notumor,Training,processed/kaggle_normalized/Training/notumor/Tr-no_589.npz,train
Tr-gl_935.npz,glioma,Training,processed/kaggle_normalized/Training/glioma/Tr-gl_935.npz,train
Tr-me_893.npz,meningioma,Training,processed/kaggle_normalized/Training/meningioma/Tr-me_893.npz,train
Tr-no_51.npz,notumor,Training,processed/kaggle_normalized/Training/notumor/Tr-no_51.npz,train
Tr-me_414.npz,meningioma,Training,processed/kaggle_normalized/Training/meningioma/Tr-me_414.npz,train
Tr-no_67.npz,notumor,Training,processed/kaggle_normalized/Training/notumor/Tr-no_67.npz,train
Tr-gl_827.npz,glioma,Training,processed/kaggle_normalized/Training/glioma/Tr-gl_827.npz,train
Tr-pi_124.npz,pituitary,Training,processed/kaggle_normalized/Training/pituitary/Tr-pi_124.npz,train
Tr-gl_849.npz,glioma,Training,processed/kaggle_normalized/Training/glioma/Tr-gl_849.npz,train
Tr-gl_438.npz,glioma,Training,processed/kaggle_normalized/Training/glioma/Tr-gl_438.npz,train
Tr-gl_1040.npz,glioma,Training,processed/kaggle_normalized/Training/glioma/Tr-gl_1040.npz,train
Tr-pi_205.npz,pituitary,Training,processed/kaggle_normalized/Training/pituitary/Tr-pi_205.npz,train
Tr-no_1064.npz,notumor,Training,processed/kaggle_normalized/Training/notumor/Tr-no_1064.npz,train
Tr-no_388.npz,notumor,Training,processed/kaggle_normalized/Training/notumor/Tr-no_388.npz,train
Tr-gl_1216.npz,glioma,Training,processed/kaggle_normalized/Training/glioma/Tr-gl_1216.npz,train
Tr-no_635.npz,notumor,Training,processed/kaggle_normalized/Training/notumor/Tr-no_635.npz,train
Tr-aug-me_36.npz,meningioma,Training,processed/kaggle_normalized/Training/meningioma/Tr-aug-me_36.npz,train
Tr-gl_870.npz,glioma,Training,processed/kaggle_normalized/Training/glioma/Tr-gl_870.npz,train
Tr-aug-me_12.npz,meningioma,Training,processed/kaggle_normalized/Training/meningioma/Tr-aug-me_12.npz,train
Tr-gl_579.npz,glioma,Training,processed/kaggle_normalized/Training/glioma/Tr-gl_579.npz,train
Tr-no_284.npz,notumor,Training,processed/kaggle_normalized/Training/notumor/Tr-no_284.npz,train
Tr-me_335.npz,meningioma,Training,processed/kaggle_normalized/Training/meningioma/Tr-me_335.npz,train
Tr-gl_1073.npz,glioma,Training,processed/kaggle_normalized/Training/glioma/Tr-gl_1073.npz,train
Tr-gl_659.npz,glioma,Training,processed/kaggle_normalized/Training/glioma/Tr-gl_659.npz,train
Tr-me_437.npz,meningioma,Training,processed/kaggle_normalized/Training/meningioma/Tr-me_437.npz,train
Tr-pi_108.npz,pituitary,Training,processed/kaggle_normalized/Training/pituitary/Tr-pi_108.npz,train
Tr-pi_901.npz,pituitary,Training,processed/kaggle_normalized/Training/pituitary/Tr-pi_901.npz,train
Tr-no_1372.npz,notumor,Training,processed/kaggle_normalized/Training/notumor/Tr-no_1372.npz,train
Tr-gl_931.npz,glioma,Training,processed/kaggle_normalized/Training/glioma/Tr-gl_931.npz,train
Tr-no_445.npz,notumor,Training,processed/kaggle_normalized/Training/notumor/Tr-no_445.npz,train
Tr-pi_924.npz,pituitary,Training,processed/kaggle_normalized/Training/pituitary/Tr-pi_924.npz,train
Tr-gl_1042.npz,glioma,Training,processed/kaggle_normalized/Training/glioma/Tr-gl_1042.npz,train
Tr-aug-me_74.npz,meningioma,Training,processed/kaggle_normalized/Training/meningioma/Tr-aug-me_74.npz,train
Tr-no_155.npz,notumor,Training,processed/kaggle_normalized/Training/notumor/Tr-no_155.npz,train
Tr-me_350.npz,meningioma,Training,processed/kaggle_normalized/Training/meningioma/Tr-me_350.npz,train
Tr-pi_832.npz,pituitary,Training,processed/kaggle_normalized/Training/pituitary/Tr-pi_832.npz,train
Tr-gl_47.npz,glioma,Training,processed/kaggle_normalized/Training/glioma/Tr-gl_47.npz,train
Tr-me_430.npz,meningioma,Training,processed/kaggle_normalized/Training/meningioma/Tr-me_430.npz,train
Tr-pi_1087.npz,pituitary,Training,processed/kaggle_normalized/Training/pituitary/Tr-pi_1087.npz,train
Tr-pi_366.npz,pituitary,Training,processed/kaggle_normalized/Training/pituitary/Tr-pi_366.npz,train
Tr-me_1013.npz,meningioma,Training,processed/kaggle_normalized/Training/meningioma/Tr-me_1013.npz,train
Tr-aug-me_86.npz,meningioma,Training,processed/kaggle_normalized/Training/meningioma/Tr-aug-me_86.npz,train
Tr-no_1128.npz,notumor,Training,processed/kaggle_normalized/Training/notumor/Tr-no_1128.npz,train
Tr-pi_813.npz,pituitary,Training,processed/kaggle_normalized/Training/pituitary/Tr-pi_813.npz,train
Tr-pi_381.npz,pituitary,Training,processed/kaggle_normalized/Training/pituitary/Tr-pi_381.npz,train
Tr-pi_821.npz,pituitary,Training,processed/kaggle_normalized/Training/pituitary/Tr-pi_821.npz,train
Tr-pi_240.npz,pituitary,Training,processed/kaggle_normalized/Training/pituitary/Tr-pi_240.npz,train
Tr-gl_105.npz,glioma,Training,processed/kaggle_normalized/Training/glioma/Tr-gl_105.npz,train
Tr-pi_518.npz,pituitary,Training,processed/kaggle_normalized/Training/pituitary/Tr-pi_518.npz,train
Tr-me_282.npz,meningioma,Training,processed/kaggle_normalized/Training/meningioma/Tr-me_282.npz,train
Tr-me_1061.npz,meningioma,Training,processed/kaggle_normalized/Training/meningioma/Tr-me_1061.npz,train
Tr-me_1054.npz,meningioma,Training,processed/kaggle_normalized/Training/meningioma/Tr-me_1054.npz,train
Tr-gl_581.npz,glioma,Training,processed/kaggle_normalized/Training/glioma/Tr-gl_581.npz,train
Tr-me_663.npz,meningioma,Training,processed/kaggle_normalized/Training/meningioma/Tr-me_663.npz,train
Tr-no_1378.npz,notumor,Training,processed/kaggle_normalized/Training/notumor/Tr-no_1378.npz,train
Tr-pi_393.npz,pituitary,Training,processed/kaggle_normalized/Training/pituitary/Tr-pi_393.npz,train
Tr-me_867.npz,meningioma,Training,processed/kaggle_normalized/Training/meningioma/Tr-me_867.npz,train
Tr-pi_584.npz,pituitary,Training,processed/kaggle_normalized/Training/pituitary/Tr-pi_584.npz,train
Tr-gl_936.npz,glioma,Training,processed/kaggle_normalized/Training/glioma/Tr-gl_936.npz,train
Tr-gl_728.npz,glioma,Training,processed/kaggle_normalized/Training/glioma/Tr-gl_728.npz,train
Tr-pi_748.npz,pituitary,Training,processed/kaggle_normalized/Training/pituitary/Tr-pi_748.npz,train
Tr-pi_1274.npz,pituitary,Training,processed/kaggle_normalized/Training/pituitary/Tr-pi_1274.npz,train
Tr-pi_671.npz,pituitary,Training,processed/kaggle_normalized/Training/pituitary/Tr-pi_671.npz,train
Tr-me_639.npz,meningioma,Training,processed/kaggle_normalized/Training/meningioma/Tr-me_639.npz,train
Tr-no_71.npz,notumor,Training,processed/kaggle_normalized/Training/notumor/Tr-no_71.npz,train
Tr-gl_701.npz,glioma,Training,processed/kaggle_normalized/Training/glioma/Tr-gl_701.npz,train
Tr-me_51.npz,meningioma,Training,processed/kaggle_normalized/Training/meningioma/Tr-me_51.npz,train
Tr-no_793.npz,notumor,Training,processed/kaggle_normalized/Training/notumor/Tr-no_793.npz,train
Tr-pi_691.npz,pituitary,Training,processed/kaggle_normalized/Training/pituitary/Tr-pi_691.npz,train
Tr-pi_165.npz,pituitary,Training,processed/kaggle_normalized/Training/pituitary/Tr-pi_165.npz,train
Tr-gl_592.npz,glioma,Training,processed/kaggle_normalized/Training/glioma/Tr-gl_592.npz,train
Tr-no_1335.npz,notumor,Training,processed/kaggle_normalized/Training/notumor/Tr-no_1335.npz,train
Tr-pi_233.npz,pituitary,Training,processed/kaggle_normalized/Training/pituitary/Tr-pi_233.npz,train
Tr-gl_784.npz,glioma,Training,processed/kaggle_normalized/Training/glioma/Tr-gl_784.npz,train
Tr-no_1261.npz,notumor,Training,processed/kaggle_normalized/Training/notumor/Tr-no_1261.npz,train
Tr-pi_895.npz,pituitary,Training,processed/kaggle_normalized/Training/pituitary/Tr-pi_895.npz,train
Tr-no_386.npz,notumor,Training,processed/kaggle_normalized/Training/notumor/Tr-no_386.npz,train
Tr-no_1060.npz,notumor,Training,processed/kaggle_normalized/Training/notumor/Tr-no_1060.npz,train
Tr-gl_1114.npz,glioma,Training,processed/kaggle_normalized/Training/glioma/Tr-gl_1114.npz,train
Tr-me_1132.npz,meningioma,Training,processed/kaggle_normalized/Training/meningioma/Tr-me_1132.npz,train
Tr-no_855.npz,notumor,Training,processed/kaggle_normalized/Training/notumor/Tr-no_855.npz,train
Tr-gl_497.npz,glioma,Training,processed/kaggle_normalized/Training/glioma/Tr-gl_497.npz,train
Tr-no_466.npz,notumor,Training,processed/kaggle_normalized/Training/notumor/Tr-no_466.npz,train
Tr-me_520.npz,meningioma,Training,processed/kaggle_normalized/Training/meningioma/Tr-me_520.npz,train
Tr-me_114.npz,meningioma,Training,processed/kaggle_normalized/Training/meningioma/Tr-me_114.npz,train
Tr-gl_719.npz,glioma,Training,processed/kaggle_normalized/Training/glioma/Tr-gl_719.npz,train
Tr-me_1117.npz,meningioma,Training,processed/kaggle_normalized/Training/meningioma/Tr-me_1117.npz,train
Tr-pi_689.npz,pituitary,Training,processed/kaggle_normalized/Training/pituitary/Tr-pi_689.npz,train
Tr-gl_918.npz,glioma,Training,processed/kaggle_normalized/Training/glioma/Tr-gl_918.npz,train
Tr-gl_102.npz,glioma,Training,processed/kaggle_normalized/Training/glioma/Tr-gl_102.npz,train
Tr-no_995.npz,notumor,Training,processed/kaggle_normalized/Training/notumor/Tr-no_995.npz,train
Tr-pi_445.npz,pituitary,Training,processed/kaggle_normalized/Training/pituitary/Tr-pi_445.npz,train
Tr-pi_673.npz,pituitary,Training,processed/kaggle_normalized/Training/pituitary/Tr-pi_673.npz,train
Tr-me_649.npz,meningioma,Training,processed/kaggle_normalized/Training/meningioma/Tr-me_649.npz,train
Tr-no_950.npz,notumor,Training,processed/kaggle_normalized/Training/notumor/Tr-no_950.npz,train
Tr-gl_1357.npz,glioma,Training,processed/kaggle_normalized/Training/glioma/Tr-gl_1357.npz,train
Tr-me_249.npz,meningioma,Training,processed/kaggle_normalized/Training/meningioma/Tr-me_249.npz,train
Tr-gl_223.npz,glioma,Training,processed/kaggle_normalized/Training/glioma/Tr-gl_223.npz,train
Tr-no_1314.npz,notumor,Training,processed/kaggle_normalized/Training/notumor/Tr-no_1314.npz,train
Tr-me_261.npz,meningioma,Training,processed/kaggle_normalized/Training/meningioma/Tr-me_261.npz,train
Tr-no_1241.npz,notumor,Training,processed/kaggle_normalized/Training/notumor/Tr-no_1241.npz,train
Tr-gl_646.npz,glioma,Training,processed/kaggle_normalized/Training/glioma/Tr-gl_646.npz,train
Tr-pi_1293.npz,pituitary,Training,processed/kaggle_normalized/Training/pituitary/Tr-pi_1293.npz,train
Tr-pi_544.npz,pituitary,Training,processed/kaggle_normalized/Training/pituitary/Tr-pi_544.npz,train
Tr-no_1186.npz,notumor,Training,processed/kaggle_normalized/Training/notumor/Tr-no_1186.npz,train
Tr-no_76.npz,notumor,Training,processed/kaggle_normalized/Training/notumor/Tr-no_76.npz,train
Tr-gl_690.npz,glioma,Training,processed/kaggle_normalized/Training/glioma/Tr-gl_690.npz,train
Tr-pi_798.npz,pituitary,Training,processed/kaggle_normalized/Training/pituitary/Tr-pi_798.npz,train
Tr-gl_615.npz,glioma,Training,processed/kaggle_normalized/Training/glioma/Tr-gl_615.npz,train
Tr-pi_1166.npz,pituitary,Training,processed/kaggle_normalized/Training/pituitary/Tr-pi_1166.npz,train
Tr-gl_1111.npz,glioma,Training,processed/kaggle_normalized/Training/glioma/Tr-gl_1111.npz,train
Tr-pi_1039.npz,pituitary,Training,processed/kaggle_normalized/Training/pituitary/Tr-pi_1039.npz,train
Tr-no_247.npz,notumor,Training,processed/kaggle_normalized/Training/notumor/Tr-no_247.npz,train
Tr-gl_1121.npz,glioma,Training,processed/kaggle_normalized/Training/glioma/Tr-gl_1121.npz,train
Tr-pi_1361.npz,pituitary,Training,processed/kaggle_normalized/Training/pituitary/Tr-pi_1361.npz,train
Tr-pi_431.npz,pituitary,Training,processed/kaggle_normalized/Training/pituitary/Tr-pi_431.npz,train
Tr-pi_771.npz,pituitary,Training,processed/kaggle_normalized/Training/pituitary/Tr-pi_771.npz,train
Tr-gl_806.npz,glioma,Training,processed/kaggle_normalized/Training/glioma/Tr-gl_806.npz,train
Tr-gl_975.npz,glioma,Training,processed/kaggle_normalized/Training/glioma/Tr-gl_975.npz,train
Tr-pi_701.npz,pituitary,Training,processed/kaggle_normalized/Training/pituitary/Tr-pi_701.npz,train
Tr-pi_1388.npz,pituitary,Training,processed/kaggle_normalized/Training/pituitary/Tr-pi_1388.npz,train
Tr-me_951.npz,meningioma,Training,processed/kaggle_normalized/Training/meningioma/Tr-me_951.npz,train
Tr-no_128.npz,notumor,Training,processed/kaggle_normalized/Training/notumor/Tr-no_128.npz,train
Tr-pi_38.npz,pituitary,Training,processed/kaggle_normalized/Training/pituitary/Tr-pi_38.npz,train
Tr-gl_950.npz,glioma,Training,processed/kaggle_normalized/Training/glioma/Tr-gl_950.npz,train
Tr-no_1027.npz,notumor,Training,processed/kaggle_normalized/Training/notumor/Tr-no_1027.npz,train
Tr-gl_1343.npz,glioma,Training,processed/kaggle_normalized/Training/glioma/Tr-gl_1343.npz,train
Tr-no_595.npz,notumor,Training,processed/kaggle_normalized/Training/notumor/Tr-no_595.npz,train
Tr-gl_238.npz,glioma,Training,processed/kaggle_normalized/Training/glioma/Tr-gl_238.npz,train
Tr-me_712.npz,meningioma,Training,processed/kaggle_normalized/Training/meningioma/Tr-me_712.npz,train
Tr-me_1217.npz,meningioma,Training,processed/kaggle_normalized/Training/meningioma/Tr-me_1217.npz,train
Tr-gl_508.npz,glioma,Training,processed/kaggle_normalized/Training/glioma/Tr-gl_508.npz,train
Tr-no_1039.npz,notumor,Training,processed/kaggle_normalized/Training/notumor/Tr-no_1039.npz,train
Tr-pi_891.npz,pituitary,Training,processed/kaggle_normalized/Training/pituitary/Tr-pi_891.npz,train
Tr-me_513.npz,meningioma,Training,processed/kaggle_normalized/Training/meningioma/Tr-me_513.npz,train
Tr-gl_750.npz,glioma,Training,processed/kaggle_normalized/Training/glioma/Tr-gl_750.npz,train
Tr-me_76.npz,meningioma,Training,processed/kaggle_normalized/Training/meningioma/Tr-me_76.npz,train
Tr-no_204.npz,notumor,Training,processed/kaggle_normalized/Training/notumor/Tr-no_204.npz,train
Tr-gl_46.npz,glioma,Training,processed/kaggle_normalized/Training/glioma/Tr-gl_46.npz,train
Tr-gl_605.npz,glioma,Training,processed/kaggle_normalized/Training/glioma/Tr-gl_605.npz,train
Tr-gl_448.npz,glioma,Training,processed/kaggle_normalized/Training/glioma/Tr-gl_448.npz,train
Tr-pi_40.npz,pituitary,Training,processed/kaggle_normalized/Training/pituitary/Tr-pi_40.npz,train
Tr-pi_674.npz,pituitary,Training,processed/kaggle_normalized/Training/pituitary/Tr-pi_674.npz,train
Tr-pi_374.npz,pituitary,Training,processed/kaggle_normalized/Training/pituitary/Tr-pi_374.npz,train
Tr-pi_266.npz,pituitary,Training,processed/kaggle_normalized/Training/pituitary/Tr-pi_266.npz,train
Tr-pi_303.npz,pituitary,Training,processed/kaggle_normalized/Training/pituitary/Tr-pi_303.npz,train
Tr-me_224.npz,meningioma,Training,processed/kaggle_normalized/Training/meningioma/Tr-me_224.npz,train
Tr-pi_777.npz,pituitary,Training,processed/kaggle_normalized/Training/pituitary/Tr-pi_777.npz,train
Tr-pi_782.npz,pituitary,Training,processed/kaggle_normalized/Training/pituitary/Tr-pi_782.npz,train
Tr-no_966.npz,notumor,Training,processed/kaggle_normalized/Training/notumor/Tr-no_966.npz,train
Tr-no_654.npz,notumor,Training,processed/kaggle_normalized/Training/notumor/Tr-no_654.npz,train
Tr-me_938.npz,meningioma,Training,processed/kaggle_normalized/Training/meningioma/Tr-me_938.npz,train
Tr-me_400.npz,meningioma,Training,processed/kaggle_normalized/Training/meningioma/Tr-me_400.npz,train
Tr-no_187.npz,notumor,Training,processed/kaggle_normalized/Training/notumor/Tr-no_187.npz,train
Tr-gl_260.npz,glioma,Training,processed/kaggle_normalized/Training/glioma/Tr-gl_260.npz,train
Tr-no_814.npz,notumor,Training,processed/kaggle_normalized/Training/notumor/Tr-no_814.npz,train
Tr-pi_556.npz,pituitary,Training,processed/kaggle_normalized/Training/pituitary/Tr-pi_556.npz,train
Tr-no_48.npz,notumor,Training,processed/kaggle_normalized/Training/notumor/Tr-no_48.npz,train
Tr-gl_947.npz,glioma,Training,processed/kaggle_normalized/Training/glioma/Tr-gl_947.npz,train
Tr-me_5.npz,meningioma,Training,processed/kaggle_normalized/Training/meningioma/Tr-me_5.npz,train
Tr-gl_722.npz,glioma,Training,processed/kaggle_normalized/Training/glioma/Tr-gl_722.npz,train
Tr-pi_596.npz,pituitary,Training,processed/kaggle_normalized/Training/pituitary/Tr-pi_596.npz,train
Tr-pi_1064.npz,pituitary,Training,processed/kaggle_normalized/Training/pituitary/Tr-pi_1064.npz,train
Tr-pi_1102.npz,pituitary,Training,processed/kaggle_normalized/Training/pituitary/Tr-pi_1102.npz,train
Tr-gl_1293.npz,glioma,Training,processed/kaggle_normalized/Training/glioma/Tr-gl_1293.npz,train
Tr-no_1094.npz,notumor,Training,processed/kaggle_normalized/Training/notumor/Tr-no_1094.npz,train
Tr-gl_446.npz,glioma,Training,processed/kaggle_normalized/Training/glioma/Tr-gl_446.npz,train
Tr-no_292.npz,notumor,Training,processed/kaggle_normalized/Training/notumor/Tr-no_292.npz,train
Tr-no_103.npz,notumor,Training,processed/kaggle_normalized/Training/notumor/Tr-no_103.npz,train
Tr-no_989.npz,notumor,Training,processed/kaggle_normalized/Training/notumor/Tr-no_989.npz,train
Tr-me_584.npz,meningioma,Training,processed/kaggle_normalized/Training/meningioma/Tr-me_584.npz,train
Tr-me_208.npz,meningioma,Training,processed/kaggle_normalized/Training/meningioma/Tr-me_208.npz,train
Tr-no_110.npz,notumor,Training,processed/kaggle_normalized/Training/notumor/Tr-no_110.npz,train
Tr-pi_948.npz,pituitary,Training,processed/kaggle_normalized/Training/pituitary/Tr-pi_948.npz,train
Tr-gl_1219.npz,glioma,Training,processed/kaggle_normalized/Training/glioma/Tr-gl_1219.npz,train
Tr-no_416.npz,notumor,Training,processed/kaggle_normalized/Training/notumor/Tr-no_416.npz,train
Tr-me_1114.npz,meningioma,Training,processed/kaggle_normalized/Training/meningioma/Tr-me_1114.npz,train
Tr-pi_857.npz,pituitary,Training,processed/kaggle_normalized/Training/pituitary/Tr-pi_857.npz,train
Tr-gl_275.npz,glioma,Training,processed/kaggle_normalized/Training/glioma/Tr-gl_275.npz,train
Tr-gl_182.npz,glioma,Training,processed/kaggle_normalized/Training/glioma/Tr-gl_182.npz,train
Tr-gl_159.npz,glioma,Training,processed/kaggle_normalized/Training/glioma/Tr-gl_159.npz,train
Tr-no_796.npz,notumor,Training,processed/kaggle_normalized/Training/notumor/Tr-no_796.npz,train
Tr-gl_1338.npz,glioma,Training,processed/kaggle_normalized/Training/glioma/Tr-gl_1338.npz,train
Tr-pi_443.npz,pituitary,Training,processed/kaggle_normalized/Training/pituitary/Tr-pi_443.npz,train
Tr-me_772.npz,meningioma,Training,processed/kaggle_normalized/Training/meningioma/Tr-me_772.npz,train
Tr-me_752.npz,meningioma,Training,processed/kaggle_normalized/Training/meningioma/Tr-me_752.npz,train
Tr-gl_409.npz,glioma,Training,processed/kaggle_normalized/Training/glioma/Tr-gl_409.npz,train
Tr-aug-me_51.npz,meningioma,Training,processed/kaggle_normalized/Training/meningioma/Tr-aug-me_51.npz,train
Tr-pi_207.npz,pituitary,Training,processed/kaggle_normalized/Training/pituitary/Tr-pi_207.npz,train
Tr-no_99.npz,notumor,Training,processed/kaggle_normalized/Training/notumor/Tr-no_99.npz,train
Tr-gl_1037.npz,glioma,Training,processed/kaggle_normalized/Training/glioma/Tr-gl_1037.npz,train
Tr-me_532.npz,meningioma,Training,processed/kaggle_normalized/Training/meningioma/Tr-me_532.npz,train
Tr-me_525.npz,meningioma,Training,processed/kaggle_normalized/Training/meningioma/Tr-me_525.npz,train
Tr-pi_962.npz,pituitary,Training,processed/kaggle_normalized/Training/pituitary/Tr-pi_962.npz,train
Tr-no_1180.npz,notumor,Training,processed/kaggle_normalized/Training/notumor/Tr-no_1180.npz,train
Tr-pi_631.npz,pituitary,Training,processed/kaggle_normalized/Training/pituitary/Tr-pi_631.npz,train
Tr-me_246.npz,meningioma,Training,processed/kaggle_normalized/Training/meningioma/Tr-me_246.npz,train
Tr-no_206.npz,notumor,Training,processed/kaggle_normalized/Training/notumor/Tr-no_206.npz,train
Tr-me_333.npz,meningioma,Training,processed/kaggle_normalized/Training/meningioma/Tr-me_333.npz,train
Tr-me_71.npz,meningioma,Training,processed/kaggle_normalized/Training/meningioma/Tr-me_71.npz,train
Tr-no_978.npz,notumor,Training,processed/kaggle_normalized/Training/notumor/Tr-no_978.npz,train
Tr-no_1204.npz,notumor,Training,processed/kaggle_normalized/Training/notumor/Tr-no_1204.npz,train
Tr-pi_94.npz,pituitary,Training,processed/kaggle_normalized/Training/pituitary/Tr-pi_94.npz,train
Tr-me_168.npz,meningioma,Training,processed/kaggle_normalized/Training/meningioma/Tr-me_168.npz,train
Tr-me_1210.npz,meningioma,Training,processed/kaggle_normalized/Training/meningioma/Tr-me_1210.npz,train
Tr-no_869.npz,notumor,Training,processed/kaggle_normalized/Training/notumor/Tr-no_869.npz,train
Tr-me_925.npz,meningioma,Training,processed/kaggle_normalized/Training/meningioma/Tr-me_925.npz,train
Tr-me_357.npz,meningioma,Training,processed/kaggle_normalized/Training/meningioma/Tr-me_357.npz,train
Tr-gl_85.npz,glioma,Training,processed/kaggle_normalized/Training/glioma/Tr-gl_85.npz,train
Tr-no_245.npz,notumor,Training,processed/kaggle_normalized/Training/notumor/Tr-no_245.npz,train
Tr-pi_755.npz,pituitary,Training,processed/kaggle_normalized/Training/pituitary/Tr-pi_755.npz,train
Tr-no_745.npz,notumor,Training,processed/kaggle_normalized/Training/notumor/Tr-no_745.npz,train
Tr-pi_811.npz,pituitary,Training,processed/kaggle_normalized/Training/pituitary/Tr-pi_811.npz,train
Tr-pi_373.npz,pituitary,Training,processed/kaggle_normalized/Training/pituitary/Tr-pi_373.npz,train
Tr-pi_1208.npz,pituitary,Training,processed/kaggle_normalized/Training/pituitary/Tr-pi_1208.npz,train
Tr-pi_1056.npz,pituitary,Training,processed/kaggle_normalized/Training/pituitary/Tr-pi_1056.npz,train
Tr-pi_415.npz,pituitary,Training,processed/kaggle_normalized/Training/pituitary/Tr-pi_415.npz,train
Tr-me_965.npz,meningioma,Training,processed/kaggle_normalized/Training/meningioma/Tr-me_965.npz,train
Tr-gl_1058.npz,glioma,Training,processed/kaggle_normalized/Training/glioma/Tr-gl_1058.npz,train
Tr-pi_537.npz,pituitary,Training,processed/kaggle_normalized/Training/pituitary/Tr-pi_537.npz,train
Tr-me_479.npz,meningioma,Training,processed/kaggle_normalized/Training/meningioma/Tr-me_479.npz,train
Tr-me_794.npz,meningioma,Training,processed/kaggle_normalized/Training/meningioma/Tr-me_794.npz,train
Tr-gl_1052.npz,glioma,Training,processed/kaggle_normalized/Training/glioma/Tr-gl_1052.npz,train
Tr-pi_727.npz,pituitary,Training,processed/kaggle_normalized/Training/pituitary/Tr-pi_727.npz,train
Tr-me_1015.npz,meningioma,Training,processed/kaggle_normalized/Training/meningioma/Tr-me_1015.npz,train
Tr-no_214.npz,notumor,Training,processed/kaggle_normalized/Training/notumor/Tr-no_214.npz,train
Tr-gl_1233.npz,glioma,Training,processed/kaggle_normalized/Training/glioma/Tr-gl_1233.npz,train
Tr-me_393.npz,meningioma,Training,processed/kaggle_normalized/Training/meningioma/Tr-me_393.npz,train
Tr-pi_661.npz,pituitary,Training,processed/kaggle_normalized/Training/pituitary/Tr-pi_661.npz,train
Tr-me_1047.npz,meningioma,Training,processed/kaggle_normalized/Training/meningioma/Tr-me_1047.npz,train
Tr-gl_142.npz,glioma,Training,processed/kaggle_normalized/Training/glioma/Tr-gl_142.npz,train
Tr-gl_208.npz,glioma,Training,processed/kaggle_normalized/Training/glioma/Tr-gl_208.npz,train
Tr-no_622.npz,notumor,Training,processed/kaggle_normalized/Training/notumor/Tr-no_622.npz,train
Tr-gl_878.npz,glioma,Training,processed/kaggle_normalized/Training/glioma/Tr-gl_878.npz,train
Tr-no_188.npz,notumor,Training,processed/kaggle_normalized/Training/notumor/Tr-no_188.npz,train
Tr-pi_687.npz,pituitary,Training,processed/kaggle_normalized/Training/pituitary/Tr-pi_687.npz,train
Tr-no_560.npz,notumor,Training,processed/kaggle_normalized/Training/notumor/Tr-no_560.npz,train
Tr-gl_237.npz,glioma,Training,processed/kaggle_normalized/Training/glioma/Tr-gl_237.npz,train
Tr-pi_15.npz,pituitary,Training,processed/kaggle_normalized/Training/pituitary/Tr-pi_15.npz,train
Tr-no_1046.npz,notumor,Training,processed/kaggle_normalized/Training/notumor/Tr-no_1046.npz,train
Tr-pi_1288.npz,pituitary,Training,processed/kaggle_normalized/Training/pituitary/Tr-pi_1288.npz,train
Tr-no_337.npz,notumor,Training,processed/kaggle_normalized/Training/notumor/Tr-no_337.npz,train
Tr-me_203.npz,meningioma,Training,processed/kaggle_normalized/Training/meningioma/Tr-me_203.npz,train
Tr-gl_840.npz,glioma,Training,processed/kaggle_normalized/Training/glioma/Tr-gl_840.npz,train
Tr-pi_678.npz,pituitary,Training,processed/kaggle_normalized/Training/pituitary/Tr-pi_678.npz,train
Tr-no_586.npz,notumor,Training,processed/kaggle_normalized/Training/notumor/Tr-no_586.npz,train
Tr-gl_674.npz,glioma,Training,processed/kaggle_normalized/Training/glioma/Tr-gl_674.npz,train
Tr-gl_678.npz,glioma,Training,processed/kaggle_normalized/Training/glioma/Tr-gl_678.npz,train
Tr-no_1248.npz,notumor,Training,processed/kaggle_normalized/Training/notumor/Tr-no_1248.npz,train
Tr-pi_929.npz,pituitary,Training,processed/kaggle_normalized/Training/pituitary/Tr-pi_929.npz,train
Tr-no_487.npz,notumor,Training,processed/kaggle_normalized/Training/notumor/Tr-no_487.npz,train
Tr-pi_808.npz,pituitary,Training,processed/kaggle_normalized/Training/pituitary/Tr-pi_808.npz,train
Tr-no_251.npz,notumor,Training,processed/kaggle_normalized/Training/notumor/Tr-no_251.npz,train
Tr-pi_585.npz,pituitary,Training,processed/kaggle_normalized/Training/pituitary/Tr-pi_585.npz,train
Tr-no_96.npz,notumor,Training,processed/kaggle_normalized/Training/notumor/Tr-no_96.npz,train
Tr-me_85.npz,meningioma,Training,processed/kaggle_normalized/Training/meningioma/Tr-me_85.npz,train
Tr-me_689.npz,meningioma,Training,processed/kaggle_normalized/Training/meningioma/Tr-me_689.npz,train
Tr-no_791.npz,notumor,Training,processed/kaggle_normalized/Training/notumor/Tr-no_791.npz,train
Tr-pi_402.npz,pituitary,Training,processed/kaggle_normalized/Training/pituitary/Tr-pi_402.npz,train
Tr-gl_242.npz,glioma,Training,processed/kaggle_normalized/Training/glioma/Tr-gl_242.npz,train
Tr-no_1182.npz,notumor,Training,processed/kaggle_normalized/Training/notumor/Tr-no_1182.npz,train
Tr-no_1375.npz,notumor,Training,processed/kaggle_normalized/Training/notumor/Tr-no_1375.npz,train
Tr-no_186.npz,notumor,Training,processed/kaggle_normalized/Training/notumor/Tr-no_186.npz,train
Tr-gl_730.npz,glioma,Training,processed/kaggle_normalized/Training/glioma/Tr-gl_730.npz,train
Tr-me_921.npz,meningioma,Training,processed/kaggle_normalized/Training/meningioma/Tr-me_921.npz,train
Tr-no_421.npz,notumor,Training,processed/kaggle_normalized/Training/notumor/Tr-no_421.npz,train
Tr-aug-me_72.npz,meningioma,Training,processed/kaggle_normalized/Training/meningioma/Tr-aug-me_72.npz,train
Tr-gl_867.npz,glioma,Training,processed/kaggle_normalized/Training/glioma/Tr-gl_867.npz,train
Tr-pi_902.npz,pituitary,Training,processed/kaggle_normalized/Training/pituitary/Tr-pi_902.npz,train
Tr-no_36.npz,notumor,Training,processed/kaggle_normalized/Training/notumor/Tr-no_36.npz,train
Tr-me_1200.npz,meningioma,Training,processed/kaggle_normalized/Training/meningioma/Tr-me_1200.npz,train
Tr-gl_510.npz,glioma,Training,processed/kaggle_normalized/Training/glioma/Tr-gl_510.npz,train
Tr-no_437.npz,notumor,Training,processed/kaggle_normalized/Training/notumor/Tr-no_437.npz,train
Tr-gl_1277.npz,glioma,Training,processed/kaggle_normalized/Training/glioma/Tr-gl_1277.npz,train
Tr-no_568.npz,notumor,Training,processed/kaggle_normalized/Training/notumor/Tr-no_568.npz,train
Tr-me_468.npz,meningioma,Training,processed/kaggle_normalized/Training/meningioma/Tr-me_468.npz,train
Tr-pi_1356.npz,pituitary,Training,processed/kaggle_normalized/Training/pituitary/Tr-pi_1356.npz,train
Tr-gl_677.npz,glioma,Training,processed/kaggle_normalized/Training/glioma/Tr-gl_677.npz,train
Tr-no_963.npz,notumor,Training,processed/kaggle_normalized/Training/notumor/Tr-no_963.npz,train
Tr-me_1068.npz,meningioma,Training,processed/kaggle_normalized/Training/meningioma/Tr-me_1068.npz,train
Tr-no_372.npz,notumor,Training,processed/kaggle_normalized/Training/notumor/Tr-no_372.npz,train
Tr-no_1268.npz,notumor,Training,processed/kaggle_normalized/Training/notumor/Tr-no_1268.npz,train
Tr-me_148.npz,meningioma,Training,processed/kaggle_normalized/Training/meningioma/Tr-me_148.npz,train
Tr-me_376.npz,meningioma,Training,processed/kaggle_normalized/Training/meningioma/Tr-me_376.npz,train
Tr-no_160.npz,notumor,Training,processed/kaggle_normalized/Training/notumor/Tr-no_160.npz,train
Tr-gl_172.npz,glioma,Training,processed/kaggle_normalized/Training/glioma/Tr-gl_172.npz,train
Tr-gl_236.npz,glioma,Training,processed/kaggle_normalized/Training/glioma/Tr-gl_236.npz,train
Tr-me_1229.npz,meningioma,Training,processed/kaggle_normalized/Training/meningioma/Tr-me_1229.npz,train
Tr-gl_50.npz,glioma,Training,processed/kaggle_normalized/Training/glioma/Tr-gl_50.npz,train
Tr-pi_1110.npz,pituitary,Training,processed/kaggle_normalized/Training/pituitary/Tr-pi_1110.npz,train
Tr-aug-me_56.npz,meningioma,Training,processed/kaggle_normalized/Training/meningioma/Tr-aug-me_56.npz,train
Tr-no_283.npz,notumor,Training,processed/kaggle_normalized/Training/notumor/Tr-no_283.npz,train
Tr-gl_1120.npz,glioma,Training,processed/kaggle_normalized/Training/glioma/Tr-gl_1120.npz,train
Tr-pi_654.npz,pituitary,Training,processed/kaggle_normalized/Training/pituitary/Tr-pi_654.npz,train
Tr-gl_999.npz,glioma,Training,processed/kaggle_normalized/Training/glioma/Tr-gl_999.npz,train
Tr-pi_370.npz,pituitary,Training,processed/kaggle_normalized/Training/pituitary/Tr-pi_370.npz,train
Tr-pi_663.npz,pituitary,Training,processed/kaggle_normalized/Training/pituitary/Tr-pi_663.npz,train
Tr-pi_943.npz,pituitary,Training,processed/kaggle_normalized/Training/pituitary/Tr-pi_943.npz,train
Tr-no_1353.npz,notumor,Training,processed/kaggle_normalized/Training/notumor/Tr-no_1353.npz,train
Tr-no_550.npz,notumor,Training,processed/kaggle_normalized/Training/notumor/Tr-no_550.npz,train
Tr-me_285.npz,meningioma,Training,processed/kaggle_normalized/Training/meningioma/Tr-me_285.npz,train
Tr-pi_564.npz,pituitary,Training,processed/kaggle_normalized/Training/pituitary/Tr-pi_564.npz,train
Tr-me_228.npz,meningioma,Training,processed/kaggle_normalized/Training/meningioma/Tr-me_228.npz,train
Tr-no_1330.npz,notumor,Training,processed/kaggle_normalized/Training/notumor/Tr-no_1330.npz,train
Tr-me_1184.npz,meningioma,Training,processed/kaggle_normalized/Training/meningioma/Tr-me_1184.npz,train
Tr-pi_151.npz,pituitary,Training,processed/kaggle_normalized/Training/pituitary/Tr-pi_151.npz,train
Tr-pi_408.npz,pituitary,Training,processed/kaggle_normalized/Training/pituitary/Tr-pi_408.npz,train
Tr-no_352.npz,notumor,Training,processed/kaggle_normalized/Training/notumor/Tr-no_352.npz,train
Tr-me_483.npz,meningioma,Training,processed/kaggle_normalized/Training/meningioma/Tr-me_483.npz,train
Tr-me_86.npz,meningioma,Training,processed/kaggle_normalized/Training/meningioma/Tr-me_86.npz,train
Tr-pi_793.npz,pituitary,Training,processed/kaggle_normalized/Training/pituitary/Tr-pi_793.npz,train
Tr-pi_601.npz,pituitary,Training,processed/kaggle_normalized/Training/pituitary/Tr-pi_601.npz,train
Tr-me_857.npz,meningioma,Training,processed/kaggle_normalized/Training/meningioma/Tr-me_857.npz,train
Tr-gl_764.npz,glioma,Training,processed/kaggle_normalized/Training/glioma/Tr-gl_764.npz,train
Tr-pi_211.npz,pituitary,Training,processed/kaggle_normalized/Training/pituitary/Tr-pi_211.npz,train
Tr-no_680.npz,notumor,Training,processed/kaggle_normalized/Training/notumor/Tr-no_680.npz,train
Tr-pi_912.npz,pituitary,Training,processed/kaggle_normalized/Training/pituitary/Tr-pi_912.npz,train
Tr-pi_658.npz,pituitary,Training,processed/kaggle_normalized/Training/pituitary/Tr-pi_658.npz,train
Tr-gl_892.npz,glioma,Training,processed/kaggle_normalized/Training/glioma/Tr-gl_892.npz,train
Tr-pi_894.npz,pituitary,Training,processed/kaggle_normalized/Training/pituitary/Tr-pi_894.npz,train
Tr-gl_347.npz,glioma,Training,processed/kaggle_normalized/Training/glioma/Tr-gl_347.npz,train
Tr-no_1278.npz,notumor,Training,processed/kaggle_normalized/Training/notumor/Tr-no_1278.npz,train
Tr-me_574.npz,meningioma,Training,processed/kaggle_normalized/Training/meningioma/Tr-me_574.npz,train
Tr-me_506.npz,meningioma,Training,processed/kaggle_normalized/Training/meningioma/Tr-me_506.npz,train
Tr-no_143.npz,notumor,Training,processed/kaggle_normalized/Training/notumor/Tr-no_143.npz,train
Tr-gl_273.npz,glioma,Training,processed/kaggle_normalized/Training/glioma/Tr-gl_273.npz,train
Tr-gl_798.npz,glioma,Training,processed/kaggle_normalized/Training/glioma/Tr-gl_798.npz,train
Tr-no_1062.npz,notumor,Training,processed/kaggle_normalized/Training/notumor/Tr-no_1062.npz,train
Tr-no_1224.npz,notumor,Training,processed/kaggle_normalized/Training/notumor/Tr-no_1224.npz,train
Tr-gl_219.npz,glioma,Training,processed/kaggle_normalized/Training/glioma/Tr-gl_219.npz,train
Tr-pi_1189.npz,pituitary,Training,processed/kaggle_normalized/Training/pituitary/Tr-pi_1189.npz,train
Tr-no_1147.npz,notumor,Training,processed/kaggle_normalized/Training/notumor/Tr-no_1147.npz,train
Tr-no_1317.npz,notumor,Training,processed/kaggle_normalized/Training/notumor/Tr-no_1317.npz,train
Tr-me_9.npz,meningioma,Training,processed/kaggle_normalized/Training/meningioma/Tr-me_9.npz,train
Tr-me_685.npz,meningioma,Training,processed/kaggle_normalized/Training/meningioma/Tr-me_685.npz,train
Tr-pi_1358.npz,pituitary,Training,processed/kaggle_normalized/Training/pituitary/Tr-pi_1358.npz,train
Tr-pi_646.npz,pituitary,Training,processed/kaggle_normalized/Training/pituitary/Tr-pi_646.npz,train
Tr-pi_85.npz,pituitary,Training,processed/kaggle_normalized/Training/pituitary/Tr-pi_85.npz,train
Tr-gl_970.npz,glioma,Training,processed/kaggle_normalized/Training/glioma/Tr-gl_970.npz,train
Tr-no_1398.npz,notumor,Training,processed/kaggle_normalized/Training/notumor/Tr-no_1398.npz,train
Tr-gl_1349.npz,glioma,Training,processed/kaggle_normalized/Training/glioma/Tr-gl_1349.npz,train
Tr-no_373.npz,notumor,Training,processed/kaggle_normalized/Training/notumor/Tr-no_373.npz,train
Tr-gl_979.npz,glioma,Training,processed/kaggle_normalized/Training/glioma/Tr-gl_979.npz,train
Tr-no_1098.npz,notumor,Training,processed/kaggle_normalized/Training/notumor/Tr-no_1098.npz,train
Tr-pi_880.npz,pituitary,Training,processed/kaggle_normalized/Training/pituitary/Tr-pi_880.npz,train
Tr-gl_1335.npz,glioma,Training,processed/kaggle_normalized/Training/glioma/Tr-gl_1335.npz,train
Tr-gl_783.npz,glioma,Training,processed/kaggle_normalized/Training/glioma/Tr-gl_783.npz,train
Tr-gl_1059.npz,glioma,Training,processed/kaggle_normalized/Training/glioma/Tr-gl_1059.npz,train
Tr-no_455.npz,notumor,Training,processed/kaggle_normalized/Training/notumor/Tr-no_455.npz,train
Tr-pi_1082.npz,pituitary,Training,processed/kaggle_normalized/Training/pituitary/Tr-pi_1082.npz,train
Tr-gl_477.npz,glioma,Training,processed/kaggle_normalized/Training/glioma/Tr-gl_477.npz,train
Tr-me_1011.npz,meningioma,Training,processed/kaggle_normalized/Training/meningioma/Tr-me_1011.npz,train
Tr-gl_1386.npz,glioma,Training,processed/kaggle_normalized/Training/glioma/Tr-gl_1386.npz,train
Tr-no_1354.npz,notumor,Training,processed/kaggle_normalized/Training/notumor/Tr-no_1354.npz,train
Tr-pi_1299.npz,pituitary,Training,processed/kaggle_normalized/Training/pituitary/Tr-pi_1299.npz,train
Tr-no_1322.npz,notumor,Training,processed/kaggle_normalized/Training/notumor/Tr-no_1322.npz,train
Tr-gl_1290.npz,glioma,Training,processed/kaggle_normalized/Training/glioma/Tr-gl_1290.npz,train
Tr-gl_742.npz,glioma,Training,processed/kaggle_normalized/Training/glioma/Tr-gl_742.npz,train
Tr-no_1266.npz,notumor,Training,processed/kaggle_normalized/Training/notumor/Tr-no_1266.npz,train
Tr-no_1148.npz,notumor,Training,processed/kaggle_normalized/Training/notumor/Tr-no_1148.npz,train
Tr-no_979.npz,notumor,Training,processed/kaggle_normalized/Training/notumor/Tr-no_979.npz,train
Tr-no_6.npz,notumor,Training,processed/kaggle_normalized/Training/notumor/Tr-no_6.npz,train
Tr-pi_823.npz,pituitary,Training,processed/kaggle_normalized/Training/pituitary/Tr-pi_823.npz,train
Tr-no_676.npz,notumor,Training,processed/kaggle_normalized/Training/notumor/Tr-no_676.npz,train
Tr-me_462.npz,meningioma,Training,processed/kaggle_normalized/Training/meningioma/Tr-me_462.npz,train
Tr-pi_1136.npz,pituitary,Training,processed/kaggle_normalized/Training/pituitary/Tr-pi_1136.npz,train
Tr-gl_417.npz,glioma,Training,processed/kaggle_normalized/Training/glioma/Tr-gl_417.npz,train
Tr-pi_670.npz,pituitary,Training,processed/kaggle_normalized/Training/pituitary/Tr-pi_670.npz,train
Tr-me_641.npz,meningioma,Training,processed/kaggle_normalized/Training/meningioma/Tr-me_641.npz,train
Tr-gl_1125.npz,glioma,Training,processed/kaggle_normalized/Training/glioma/Tr-gl_1125.npz,train
Tr-me_270.npz,meningioma,Training,processed/kaggle_normalized/Training/meningioma/Tr-me_270.npz,train
Tr-me_731.npz,meningioma,Training,processed/kaggle_normalized/Training/meningioma/Tr-me_731.npz,train
Tr-gl_1274.npz,glioma,Training,processed/kaggle_normalized/Training/glioma/Tr-gl_1274.npz,train
Tr-gl_772.npz,glioma,Training,processed/kaggle_normalized/Training/glioma/Tr-gl_772.npz,train
Tr-pi_930.npz,pituitary,Training,processed/kaggle_normalized/Training/pituitary/Tr-pi_930.npz,train
Tr-pi_1149.npz,pituitary,Training,processed/kaggle_normalized/Training/pituitary/Tr-pi_1149.npz,train
Tr-no_258.npz,notumor,Training,processed/kaggle_normalized/Training/notumor/Tr-no_258.npz,train
Tr-gl_869.npz,glioma,Training,processed/kaggle_normalized/Training/glioma/Tr-gl_869.npz,train
Tr-gl_256.npz,glioma,Training,processed/kaggle_normalized/Training/glioma/Tr-gl_256.npz,train
Tr-pi_913.npz,pituitary,Training,processed/kaggle_normalized/Training/pituitary/Tr-pi_913.npz,train
Tr-me_1233.npz,meningioma,Training,processed/kaggle_normalized/Training/meningioma/Tr-me_1233.npz,train
Tr-me_621.npz,meningioma,Training,processed/kaggle_normalized/Training/meningioma/Tr-me_621.npz,train
Tr-me_127.npz,meningioma,Training,processed/kaggle_normalized/Training/meningioma/Tr-me_127.npz,train
Tr-me_19.npz,meningioma,Training,processed/kaggle_normalized/Training/meningioma/Tr-me_19.npz,train
Tr-pi_1148.npz,pituitary,Training,processed/kaggle_normalized/Training/pituitary/Tr-pi_1148.npz,train
Tr-pi_112.npz,pituitary,Training,processed/kaggle_normalized/Training/pituitary/Tr-pi_112.npz,train
Tr-pi_609.npz,pituitary,Training,processed/kaggle_normalized/Training/pituitary/Tr-pi_609.npz,train
Tr-pi_157.npz,pituitary,Training,processed/kaggle_normalized/Training/pituitary/Tr-pi_157.npz,train
Tr-gl_334.npz,glioma,Training,processed/kaggle_normalized/Training/glioma/Tr-gl_334.npz,train
Tr-me_665.npz,meningioma,Training,processed/kaggle_normalized/Training/meningioma/Tr-me_665.npz,train
Tr-gl_79.npz,glioma,Training,processed/kaggle_normalized/Training/glioma/Tr-gl_79.npz,train
Tr-gl_821.npz,glioma,Training,processed/kaggle_normalized/Training/glioma/Tr-gl_821.npz,train
Tr-no_478.npz,notumor,Training,processed/kaggle_normalized/Training/notumor/Tr-no_478.npz,train
Tr-pi_721.npz,pituitary,Training,processed/kaggle_normalized/Training/pituitary/Tr-pi_721.npz,train
Tr-no_821.npz,notumor,Training,processed/kaggle_normalized/Training/notumor/Tr-no_821.npz,train
Tr-no_726.npz,notumor,Training,processed/kaggle_normalized/Training/notumor/Tr-no_726.npz,train
Tr-no_599.npz,notumor,Training,processed/kaggle_normalized/Training/notumor/Tr-no_599.npz,train
Tr-me_349.npz,meningioma,Training,processed/kaggle_normalized/Training/meningioma/Tr-me_349.npz,train
Tr-me_319.npz,meningioma,Training,processed/kaggle_normalized/Training/meningioma/Tr-me_319.npz,train
Tr-pi_1086.npz,pituitary,Training,processed/kaggle_normalized/Training/pituitary/Tr-pi_1086.npz,train
Tr-no_823.npz,notumor,Training,processed/kaggle_normalized/Training/notumor/Tr-no_823.npz,train
Tr-pi_1099.npz,pituitary,Training,processed/kaggle_normalized/Training/pituitary/Tr-pi_1099.npz,train
Tr-me_163.npz,meningioma,Training,processed/kaggle_normalized/Training/meningioma/Tr-me_163.npz,train
Tr-no_777.npz,notumor,Training,processed/kaggle_normalized/Training/notumor/Tr-no_777.npz,train
Tr-no_137.npz,notumor,Training,processed/kaggle_normalized/Training/notumor/Tr-no_137.npz,train
Tr-pi_634.npz,pituitary,Training,processed/kaggle_normalized/Training/pituitary/Tr-pi_634.npz,train
Tr-me_1156.npz,meningioma,Training,processed/kaggle_normalized/Training/meningioma/Tr-me_1156.npz,train
Tr-pi_154.npz,pituitary,Training,processed/kaggle_normalized/Training/pituitary/Tr-pi_154.npz,train
Tr-no_1168.npz,notumor,Training,processed/kaggle_normalized/Training/notumor/Tr-no_1168.npz,train
Tr-no_484.npz,notumor,Training,processed/kaggle_normalized/Training/notumor/Tr-no_484.npz,train
Tr-no_1313.npz,notumor,Training,processed/kaggle_normalized/Training/notumor/Tr-no_1313.npz,train
Tr-me_843.npz,meningioma,Training,processed/kaggle_normalized/Training/meningioma/Tr-me_843.npz,train
Tr-pi_120.npz,pituitary,Training,processed/kaggle_normalized/Training/pituitary/Tr-pi_120.npz,train
Tr-pi_1145.npz,pituitary,Training,processed/kaggle_normalized/Training/pituitary/Tr-pi_1145.npz,train
Tr-no_465.npz,notumor,Training,processed/kaggle_normalized/Training/notumor/Tr-no_465.npz,train
Tr-me_222.npz,meningioma,Training,processed/kaggle_normalized/Training/meningioma/Tr-me_222.npz,train
Tr-no_612.npz,notumor,Training,processed/kaggle_normalized/Training/notumor/Tr-no_612.npz,train
Tr-pi_291.npz,pituitary,Training,processed/kaggle_normalized/Training/pituitary/Tr-pi_291.npz,train
Tr-no_1146.npz,notumor,Training,processed/kaggle_normalized/Training/notumor/Tr-no_1146.npz,train
Tr-me_516.npz,meningioma,Training,processed/kaggle_normalized/Training/meningioma/Tr-me_516.npz,train
Tr-gl_1153.npz,glioma,Training,processed/kaggle_normalized/Training/glioma/Tr-gl_1153.npz,train
Tr-gl_1048.npz,glioma,Training,processed/kaggle_normalized/Training/glioma/Tr-gl_1048.npz,train
Tr-pi_1153.npz,pituitary,Training,processed/kaggle_normalized/Training/pituitary/Tr-pi_1153.npz,train
Tr-me_915.npz,meningioma,Training,processed/kaggle_normalized/Training/meningioma/Tr-me_915.npz,train
Tr-pi_302.npz,pituitary,Training,processed/kaggle_normalized/Training/pituitary/Tr-pi_302.npz,train
Tr-pi_474.npz,pituitary,Training,processed/kaggle_normalized/Training/pituitary/Tr-pi_474.npz,train
Tr-pi_118.npz,pituitary,Training,processed/kaggle_normalized/Training/pituitary/Tr-pi_118.npz,train
Tr-gl_1313.npz,glioma,Training,processed/kaggle_normalized/Training/glioma/Tr-gl_1313.npz,train
Tr-me_734.npz,meningioma,Training,processed/kaggle_normalized/Training/meningioma/Tr-me_734.npz,train
Tr-gl_480.npz,glioma,Training,processed/kaggle_normalized/Training/glioma/Tr-gl_480.npz,train
Tr-gl_551.npz,glioma,Training,processed/kaggle_normalized/Training/glioma/Tr-gl_551.npz,train
Tr-pi_757.npz,pituitary,Training,processed/kaggle_normalized/Training/pituitary/Tr-pi_757.npz,train
Tr-gl_7.npz,glioma,Training,processed/kaggle_normalized/Training/glioma/Tr-gl_7.npz,train
Tr-no_1108.npz,notumor,Training,processed/kaggle_normalized/Training/notumor/Tr-no_1108.npz,train
Tr-pi_538.npz,pituitary,Training,processed/kaggle_normalized/Training/pituitary/Tr-pi_538.npz,train
Tr-pi_787.npz,pituitary,Training,processed/kaggle_normalized/Training/pituitary/Tr-pi_787.npz,train
Tr-gl_1038.npz,glioma,Training,processed/kaggle_normalized/Training/glioma/Tr-gl_1038.npz,train
Tr-gl_864.npz,glioma,Training,processed/kaggle_normalized/Training/glioma/Tr-gl_864.npz,train
Tr-pi_101.npz,pituitary,Training,processed/kaggle_normalized/Training/pituitary/Tr-pi_101.npz,train
Tr-no_1135.npz,notumor,Training,processed/kaggle_normalized/Training/notumor/Tr-no_1135.npz,train
Tr-me_782.npz,meningioma,Training,processed/kaggle_normalized/Training/meningioma/Tr-me_782.npz,train
Tr-no_949.npz,notumor,Training,processed/kaggle_normalized/Training/notumor/Tr-no_949.npz,train
Tr-me_766.npz,meningioma,Training,processed/kaggle_normalized/Training/meningioma/Tr-me_766.npz,train
Tr-no_535.npz,notumor,Training,processed/kaggle_normalized/Training/notumor/Tr-no_535.npz,train
Tr-me_759.npz,meningioma,Training,processed/kaggle_normalized/Training/meningioma/Tr-me_759.npz,train
Tr-pi_143.npz,pituitary,Training,processed/kaggle_normalized/Training/pituitary/Tr-pi_143.npz,train
Tr-pi_55.npz,pituitary,Training,processed/kaggle_normalized/Training/pituitary/Tr-pi_55.npz,train
Tr-me_699.npz,meningioma,Training,processed/kaggle_normalized/Training/meningioma/Tr-me_699.npz,train
Tr-no_1192.npz,notumor,Training,processed/kaggle_normalized/Training/notumor/Tr-no_1192.npz,train
Tr-no_1221.npz,notumor,Training,processed/kaggle_normalized/Training/notumor/Tr-no_1221.npz,train
Tr-gl_339.npz,glioma,Training,processed/kaggle_normalized/Training/glioma/Tr-gl_339.npz,train
Tr-gl_405.npz,glioma,Training,processed/kaggle_normalized/Training/glioma/Tr-gl_405.npz,train
Tr-pi_1138.npz,pituitary,Training,processed/kaggle_normalized/Training/pituitary/Tr-pi_1138.npz,train
Tr-pi_50.npz,pituitary,Training,processed/kaggle_normalized/Training/pituitary/Tr-pi_50.npz,train
Tr-pi_572.npz,pituitary,Training,processed/kaggle_normalized/Training/pituitary/Tr-pi_572.npz,train
Tr-no_427.npz,notumor,Training,processed/kaggle_normalized/Training/notumor/Tr-no_427.npz,train
Tr-me_576.npz,meningioma,Training,processed/kaggle_normalized/Training/meningioma/Tr-me_576.npz,train
Tr-me_711.npz,meningioma,Training,processed/kaggle_normalized/Training/meningioma/Tr-me_711.npz,train
Tr-no_1254.npz,notumor,Training,processed/kaggle_normalized/Training/notumor/Tr-no_1254.npz,train
Tr-pi_39.npz,pituitary,Training,processed/kaggle_normalized/Training/pituitary/Tr-pi_39.npz,train
Tr-gl_1013.npz,glioma,Training,processed/kaggle_normalized/Training/glioma/Tr-gl_1013.npz,train
Tr-gl_1214.npz,glioma,Training,processed/kaggle_normalized/Training/glioma/Tr-gl_1214.npz,train
Tr-no_190.npz,notumor,Training,processed/kaggle_normalized/Training/notumor/Tr-no_190.npz,train
Tr-pi_619.npz,pituitary,Training,processed/kaggle_normalized/Training/pituitary/Tr-pi_619.npz,train
Tr-gl_30.npz,glioma,Training,processed/kaggle_normalized/Training/glioma/Tr-gl_30.npz,train
Tr-no_1334.npz,notumor,Training,processed/kaggle_normalized/Training/notumor/Tr-no_1334.npz,train
Tr-gl_1039.npz,glioma,Training,processed/kaggle_normalized/Training/glioma/Tr-gl_1039.npz,train
Tr-gl_1256.npz,glioma,Training,processed/kaggle_normalized/Training/glioma/Tr-gl_1256.npz,train
Tr-gl_308.npz,glioma,Training,processed/kaggle_normalized/Training/glioma/Tr-gl_308.npz,train
Tr-no_162.npz,notumor,Training,processed/kaggle_normalized/Training/notumor/Tr-no_162.npz,train
Tr-me_887.npz,meningioma,Training,processed/kaggle_normalized/Training/meningioma/Tr-me_887.npz,train
Tr-no_46.npz,notumor,Training,processed/kaggle_normalized/Training/notumor/Tr-no_46.npz,train
Tr-gl_42.npz,glioma,Training,processed/kaggle_normalized/Training/glioma/Tr-gl_42.npz,train
Tr-no_436.npz,notumor,Training,processed/kaggle_normalized/Training/notumor/Tr-no_436.npz,train
Tr-no_311.npz,notumor,Training,processed/kaggle_normalized/Training/notumor/Tr-no_311.npz,train
Tr-me_669.npz,meningioma,Training,processed/kaggle_normalized/Training/meningioma/Tr-me_669.npz,train
Tr-pi_827.npz,pituitary,Training,processed/kaggle_normalized/Training/pituitary/Tr-pi_827.npz,train
Tr-pi_1158.npz,pituitary,Training,processed/kaggle_normalized/Training/pituitary/Tr-pi_1158.npz,train
Tr-no_970.npz,notumor,Training,processed/kaggle_normalized/Training/notumor/Tr-no_970.npz,train
Tr-pi_717.npz,pituitary,Training,processed/kaggle_normalized/Training/pituitary/Tr-pi_717.npz,train
Tr-gl_770.npz,glioma,Training,processed/kaggle_normalized/Training/glioma/Tr-gl_770.npz,train
Tr-pi_1322.npz,pituitary,Training,processed/kaggle_normalized/Training/pituitary/Tr-pi_1322.npz,train
Tr-me_1017.npz,meningioma,Training,processed/kaggle_normalized/Training/meningioma/Tr-me_1017.npz,train
Tr-me_477.npz,meningioma,Training,processed/kaggle_normalized/Training/meningioma/Tr-me_477.npz,train
Tr-gl_802.npz,glioma,Training,processed/kaggle_normalized/Training/glioma/Tr-gl_802.npz,train
Tr-gl_156.npz,glioma,Training,processed/kaggle_normalized/Training/glioma/Tr-gl_156.npz,train
Tr-no_939.npz,notumor,Training,processed/kaggle_normalized/Training/notumor/Tr-no_939.npz,train
Tr-no_485.npz,notumor,Training,processed/kaggle_normalized/Training/notumor/Tr-no_485.npz,train
Tr-no_98.npz,notumor,Training,processed/kaggle_normalized/Training/notumor/Tr-no_98.npz,train
Tr-me_719.npz,meningioma,Training,processed/kaggle_normalized/Training/meningioma/Tr-me_719.npz,train
Tr-pi_830.npz,pituitary,Training,processed/kaggle_normalized/Training/pituitary/Tr-pi_830.npz,train
Tr-gl_1195.npz,glioma,Training,processed/kaggle_normalized/Training/glioma/Tr-gl_1195.npz,train
Tr-gl_1318.npz,glioma,Training,processed/kaggle_normalized/Training/glioma/Tr-gl_1318.npz,train
Tr-pi_343.npz,pituitary,Training,processed/kaggle_normalized/Training/pituitary/Tr-pi_343.npz,train
Tr-pi_483.npz,pituitary,Training,processed/kaggle_normalized/Training/pituitary/Tr-pi_483.npz,train
Tr-no_88.npz,notumor,Training,processed/kaggle_normalized/Training/notumor/Tr-no_88.npz,train
Tr-no_1184.npz,notumor,Training,processed/kaggle_normalized/Training/notumor/Tr-no_1184.npz,train
Tr-gl_891.npz,glioma,Training,processed/kaggle_normalized/Training/glioma/Tr-gl_891.npz,train
Tr-pi_1187.npz,pituitary,Training,processed/kaggle_normalized/Training/pituitary/Tr-pi_1187.npz,train
Tr-no_827.npz,notumor,Training,processed/kaggle_normalized/Training/notumor/Tr-no_827.npz,train
Tr-me_910.npz,meningioma,Training,processed/kaggle_normalized/Training/meningioma/Tr-me_910.npz,train
Tr-no_648.npz,notumor,Training,processed/kaggle_normalized/Training/notumor/Tr-no_648.npz,train
Tr-no_19.npz,notumor,Training,processed/kaggle_normalized/Training/notumor/Tr-no_19.npz,train
Tr-gl_461.npz,glioma,Training,processed/kaggle_normalized/Training/glioma/Tr-gl_461.npz,train
Tr-no_1084.npz,notumor,Training,processed/kaggle_normalized/Training/notumor/Tr-no_1084.npz,train
Tr-me_922.npz,meningioma,Training,processed/kaggle_normalized/Training/meningioma/Tr-me_922.npz,train
Tr-no_1087.npz,notumor,Training,processed/kaggle_normalized/Training/notumor/Tr-no_1087.npz,train
Tr-pi_628.npz,pituitary,Training,processed/kaggle_normalized/Training/pituitary/Tr-pi_628.npz,train
Tr-no_529.npz,notumor,Training,processed/kaggle_normalized/Training/notumor/Tr-no_529.npz,train
Tr-me_303.npz,meningioma,Training,processed/kaggle_normalized/Training/meningioma/Tr-me_303.npz,train
Tr-pi_1231.npz,pituitary,Training,processed/kaggle_normalized/Training/pituitary/Tr-pi_1231.npz,train
Tr-pi_1307.npz,pituitary,Training,processed/kaggle_normalized/Training/pituitary/Tr-pi_1307.npz,train
Tr-me_1270.npz,meningioma,Training,processed/kaggle_normalized/Training/meningioma/Tr-me_1270.npz,train
Tr-me_955.npz,meningioma,Training,processed/kaggle_normalized/Training/meningioma/Tr-me_955.npz,train
Tr-gl_544.npz,glioma,Training,processed/kaggle_normalized/Training/glioma/Tr-gl_544.npz,train
Tr-no_1026.npz,notumor,Training,processed/kaggle_normalized/Training/notumor/Tr-no_1026.npz,train
Tr-gl_424.npz,glioma,Training,processed/kaggle_normalized/Training/glioma/Tr-gl_424.npz,train
Tr-me_461.npz,meningioma,Training,processed/kaggle_normalized/Training/meningioma/Tr-me_461.npz,train
Tr-pi_223.npz,pituitary,Training,processed/kaggle_normalized/Training/pituitary/Tr-pi_223.npz,train
Tr-gl_835.npz,glioma,Training,processed/kaggle_normalized/Training/glioma/Tr-gl_835.npz,train
Tr-no_394.npz,notumor,Training,processed/kaggle_normalized/Training/notumor/Tr-no_394.npz,train
Tr-pi_906.npz,pituitary,Training,processed/kaggle_normalized/Training/pituitary/Tr-pi_906.npz,train
Tr-no_40.npz,notumor,Training,processed/kaggle_normalized/Training/notumor/Tr-no_40.npz,train
Tr-me_1077.npz,meningioma,Training,processed/kaggle_normalized/Training/meningioma/Tr-me_1077.npz,train
Tr-me_221.npz,meningioma,Training,processed/kaggle_normalized/Training/meningioma/Tr-me_221.npz,train
Tr-pi_510.npz,pituitary,Training,processed/kaggle_normalized/Training/pituitary/Tr-pi_510.npz,train
Tr-no_1371.npz,notumor,Training,processed/kaggle_normalized/Training/notumor/Tr-no_1371.npz,train
Tr-no_271.npz,notumor,Training,processed/kaggle_normalized/Training/notumor/Tr-no_271.npz,train
Tr-pi_399.npz,pituitary,Training,processed/kaggle_normalized/Training/pituitary/Tr-pi_399.npz,train
Tr-pi_1352.npz,pituitary,Training,processed/kaggle_normalized/Training/pituitary/Tr-pi_1352.npz,train
Tr-me_57.npz,meningioma,Training,processed/kaggle_normalized/Training/meningioma/Tr-me_57.npz,train
Tr-no_1003.npz,notumor,Training,processed/kaggle_normalized/Training/notumor/Tr-no_1003.npz,train
Tr-gl_34.npz,glioma,Training,processed/kaggle_normalized/Training/glioma/Tr-gl_34.npz,train
Tr-gl_130.npz,glioma,Training,processed/kaggle_normalized/Training/glioma/Tr-gl_130.npz,train
Tr-no_1257.npz,notumor,Training,processed/kaggle_normalized/Training/notumor/Tr-no_1257.npz,train
Tr-gl_1244.npz,glioma,Training,processed/kaggle_normalized/Training/glioma/Tr-gl_1244.npz,train
Tr-pi_337.npz,pituitary,Training,processed/kaggle_normalized/Training/pituitary/Tr-pi_337.npz,train
Tr-gl_501.npz,glioma,Training,processed/kaggle_normalized/Training/glioma/Tr-gl_501.npz,train
Tr-gl_504.npz,glioma,Training,processed/kaggle_normalized/Training/glioma/Tr-gl_504.npz,train
Tr-gl_259.npz,glioma,Training,processed/kaggle_normalized/Training/glioma/Tr-gl_259.npz,train
Tr-pi_1273.npz,pituitary,Training,processed/kaggle_normalized/Training/pituitary/Tr-pi_1273.npz,train
Tr-aug-me_48.npz,meningioma,Training,processed/kaggle_normalized/Training/meningioma/Tr-aug-me_48.npz,train
Tr-gl_93.npz,glioma,Training,processed/kaggle_normalized/Training/glioma/Tr-gl_93.npz,train
Tr-pi_539.npz,pituitary,Training,processed/kaggle_normalized/Training/pituitary/Tr-pi_539.npz,train
Tr-gl_1109.npz,glioma,Training,processed/kaggle_normalized/Training/glioma/Tr-gl_1109.npz,train
Tr-no_736.npz,notumor,Training,processed/kaggle_normalized/Training/notumor/Tr-no_736.npz,train
Tr-gl_882.npz,glioma,Training,processed/kaggle_normalized/Training/glioma/Tr-gl_882.npz,train
Tr-me_1149.npz,meningioma,Training,processed/kaggle_normalized/Training/meningioma/Tr-me_1149.npz,train
Tr-me_881.npz,meningioma,Training,processed/kaggle_normalized/Training/meningioma/Tr-me_881.npz,train
Tr-no_925.npz,notumor,Training,processed/kaggle_normalized/Training/notumor/Tr-no_925.npz,train
Tr-pi_781.npz,pituitary,Training,processed/kaggle_normalized/Training/pituitary/Tr-pi_781.npz,train
Tr-no_890.npz,notumor,Training,processed/kaggle_normalized/Training/notumor/Tr-no_890.npz,train
Tr-no_181.npz,notumor,Training,processed/kaggle_normalized/Training/notumor/Tr-no_181.npz,train
Tr-pi_540.npz,pituitary,Training,processed/kaggle_normalized/Training/pituitary/Tr-pi_540.npz,train
Tr-pi_551.npz,pituitary,Training,processed/kaggle_normalized/Training/pituitary/Tr-pi_551.npz,train
Tr-me_967.npz,meningioma,Training,processed/kaggle_normalized/Training/meningioma/Tr-me_967.npz,train
Tr-me_751.npz,meningioma,Training,processed/kaggle_normalized/Training/meningioma/Tr-me_751.npz,train
Tr-me_236.npz,meningioma,Training,processed/kaggle_normalized/Training/meningioma/Tr-me_236.npz,train
Tr-no_997.npz,notumor,Training,processed/kaggle_normalized/Training/notumor/Tr-no_997.npz,train
Tr-pi_848.npz,pituitary,Training,processed/kaggle_normalized/Training/pituitary/Tr-pi_848.npz,train
Tr-no_83.npz,notumor,Training,processed/kaggle_normalized/Training/notumor/Tr-no_83.npz,train
Tr-no_1365.npz,notumor,Training,processed/kaggle_normalized/Training/notumor/Tr-no_1365.npz,train
Tr-me_289.npz,meningioma,Training,processed/kaggle_normalized/Training/meningioma/Tr-me_289.npz,train
Tr-no_772.npz,notumor,Training,processed/kaggle_normalized/Training/notumor/Tr-no_772.npz,train
Tr-no_908.npz,notumor,Training,processed/kaggle_normalized/Training/notumor/Tr-no_908.npz,train
Tr-gl_1061.npz,glioma,Training,processed/kaggle_normalized/Training/glioma/Tr-gl_1061.npz,train
Tr-no_1189.npz,notumor,Training,processed/kaggle_normalized/Training/notumor/Tr-no_1189.npz,train
Tr-gl_221.npz,glioma,Training,processed/kaggle_normalized/Training/glioma/Tr-gl_221.npz,train
Tr-gl_715.npz,glioma,Training,processed/kaggle_normalized/Training/glioma/Tr-gl_715.npz,train
Tr-pi_136.npz,pituitary,Training,processed/kaggle_normalized/Training/pituitary/Tr-pi_136.npz,train
Tr-gl_150.npz,glioma,Training,processed/kaggle_normalized/Training/glioma/Tr-gl_150.npz,train
Tr-no_59.npz,notumor,Training,processed/kaggle_normalized/Training/notumor/Tr-no_59.npz,train
Tr-me_1298.npz,meningioma,Training,processed/kaggle_normalized/Training/meningioma/Tr-me_1298.npz,train
Tr-me_21.npz,meningioma,Training,processed/kaggle_normalized/Training/meningioma/Tr-me_21.npz,train
Tr-pi_778.npz,pituitary,Training,processed/kaggle_normalized/Training/pituitary/Tr-pi_778.npz,train
Tr-no_228.npz,notumor,Training,processed/kaggle_normalized/Training/notumor/Tr-no_228.npz,train
Tr-pi_1065.npz,pituitary,Training,processed/kaggle_normalized/Training/pituitary/Tr-pi_1065.npz,train
Tr-me_1004.npz,meningioma,Training,processed/kaggle_normalized/Training/meningioma/Tr-me_1004.npz,train
Tr-gl_680.npz,glioma,Training,processed/kaggle_normalized/Training/glioma/Tr-gl_680.npz,train
Tr-gl_1096.npz,glioma,Training,processed/kaggle_normalized/Training/glioma/Tr-gl_1096.npz,train
Tr-no_385.npz,notumor,Training,processed/kaggle_normalized/Training/notumor/Tr-no_385.npz,train
Tr-me_215.npz,meningioma,Training,processed/kaggle_normalized/Training/meningioma/Tr-me_215.npz,train
Tr-gl_408.npz,glioma,Training,processed/kaggle_normalized/Training/glioma/Tr-gl_408.npz,train
Tr-pi_1243.npz,pituitary,Training,processed/kaggle_normalized/Training/pituitary/Tr-pi_1243.npz,train
Tr-gl_874.npz,glioma,Training,processed/kaggle_normalized/Training/glioma/Tr-gl_874.npz,train
Tr-pi_957.npz,pituitary,Training,processed/kaggle_normalized/Training/pituitary/Tr-pi_957.npz,train
Tr-gl_250.npz,glioma,Training,processed/kaggle_normalized/Training/glioma/Tr-gl_250.npz,train
Tr-gl_92.npz,glioma,Training,processed/kaggle_normalized/Training/glioma/Tr-gl_92.npz,train
Tr-gl_1078.npz,glioma,Training,processed/kaggle_normalized/Training/glioma/Tr-gl_1078.npz,train
Tr-gl_917.npz,glioma,Training,processed/kaggle_normalized/Training/glioma/Tr-gl_917.npz,train
Tr-gl_513.npz,glioma,Training,processed/kaggle_normalized/Training/glioma/Tr-gl_513.npz,train
Tr-pi_43.npz,pituitary,Training,processed/kaggle_normalized/Training/pituitary/Tr-pi_43.npz,train
Tr-gl_710.npz,glioma,Training,processed/kaggle_normalized/Training/glioma/Tr-gl_710.npz,train
Tr-me_807.npz,meningioma,Training,processed/kaggle_normalized/Training/meningioma/Tr-me_807.npz,train
Tr-no_212.npz,notumor,Training,processed/kaggle_normalized/Training/notumor/Tr-no_212.npz,train
Tr-no_762.npz,notumor,Training,processed/kaggle_normalized/Training/notumor/Tr-no_762.npz,train
Tr-gl_45.npz,glioma,Training,processed/kaggle_normalized/Training/glioma/Tr-gl_45.npz,train
Tr-pi_1271.npz,pituitary,Training,processed/kaggle_normalized/Training/pituitary/Tr-pi_1271.npz,train
Tr-me_1048.npz,meningioma,Training,processed/kaggle_normalized/Training/meningioma/Tr-me_1048.npz,train
Tr-pi_428.npz,pituitary,Training,processed/kaggle_normalized/Training/pituitary/Tr-pi_428.npz,train
Tr-pi_1089.npz,pituitary,Training,processed/kaggle_normalized/Training/pituitary/Tr-pi_1089.npz,train
Tr-gl_248.npz,glioma,Training,processed/kaggle_normalized/Training/glioma/Tr-gl_248.npz,train
Tr-no_3.npz,notumor,Training,processed/kaggle_normalized/Training/notumor/Tr-no_3.npz,train
Tr-me_602.npz,meningioma,Training,processed/kaggle_normalized/Training/meningioma/Tr-me_602.npz,train
Tr-aug-me_96.npz,meningioma,Training,processed/kaggle_normalized/Training/meningioma/Tr-aug-me_96.npz,train
Tr-gl_311.npz,glioma,Training,processed/kaggle_normalized/Training/glioma/Tr-gl_311.npz,train
Tr-me_53.npz,meningioma,Training,processed/kaggle_normalized/Training/meningioma/Tr-me_53.npz,train
Tr-no_756.npz,notumor,Training,processed/kaggle_normalized/Training/notumor/Tr-no_756.npz,train
Tr-gl_1332.npz,glioma,Training,processed/kaggle_normalized/Training/glioma/Tr-gl_1332.npz,train
Tr-pi_1317.npz,pituitary,Training,processed/kaggle_normalized/Training/pituitary/Tr-pi_1317.npz,train
Tr-aug-me_90.npz,meningioma,Training,processed/kaggle_normalized/Training/meningioma/Tr-aug-me_90.npz,train
Tr-me_1286.npz,meningioma,Training,processed/kaggle_normalized/Training/meningioma/Tr-me_1286.npz,train
Tr-no_1385.npz,notumor,Training,processed/kaggle_normalized/Training/notumor/Tr-no_1385.npz,train
Tr-me_1108.npz,meningioma,Training,processed/kaggle_normalized/Training/meningioma/Tr-me_1108.npz,train
Tr-me_813.npz,meningioma,Training,processed/kaggle_normalized/Training/meningioma/Tr-me_813.npz,train
Tr-aug-me_33.npz,meningioma,Training,processed/kaggle_normalized/Training/meningioma/Tr-aug-me_33.npz,train
Tr-pi_1392.npz,pituitary,Training,processed/kaggle_normalized/Training/pituitary/Tr-pi_1392.npz,train
Tr-no_845.npz,notumor,Training,processed/kaggle_normalized/Training/notumor/Tr-no_845.npz,train
Tr-no_176.npz,notumor,Training,processed/kaggle_normalized/Training/notumor/Tr-no_176.npz,train
Tr-me_417.npz,meningioma,Training,processed/kaggle_normalized/Training/meningioma/Tr-me_417.npz,train
Tr-no_502.npz,notumor,Training,processed/kaggle_normalized/Training/notumor/Tr-no_502.npz,train
Tr-pi_1176.npz,pituitary,Training,processed/kaggle_normalized/Training/pituitary/Tr-pi_1176.npz,train
Tr-gl_565.npz,glioma,Training,processed/kaggle_normalized/Training/glioma/Tr-gl_565.npz,train
Tr-gl_1268.npz,glioma,Training,processed/kaggle_normalized/Training/glioma/Tr-gl_1268.npz,train
Tr-me_214.npz,meningioma,Training,processed/kaggle_normalized/Training/meningioma/Tr-me_214.npz,train
Tr-gl_1014.npz,glioma,Training,processed/kaggle_normalized/Training/glioma/Tr-gl_1014.npz,train
Tr-no_164.npz,notumor,Training,processed/kaggle_normalized/Training/notumor/Tr-no_164.npz,train
Tr-no_1023.npz,notumor,Training,processed/kaggle_normalized/Training/notumor/Tr-no_1023.npz,train
Tr-no_865.npz,notumor,Training,processed/kaggle_normalized/Training/notumor/Tr-no_865.npz,train
Tr-me_278.npz,meningioma,Training,processed/kaggle_normalized/Training/meningioma/Tr-me_278.npz,train
Tr-no_469.npz,notumor,Training,processed/kaggle_normalized/Training/notumor/Tr-no_469.npz,train
Tr-no_1016.npz,notumor,Training,processed/kaggle_normalized/Training/notumor/Tr-no_1016.npz,train
Tr-me_839.npz,meningioma,Training,processed/kaggle_normalized/Training/meningioma/Tr-me_839.npz,train
Tr-gl_643.npz,glioma,Training,processed/kaggle_normalized/Training/glioma/Tr-gl_643.npz,train
Tr-pi_592.npz,pituitary,Training,processed/kaggle_normalized/Training/pituitary/Tr-pi_592.npz,train
Tr-no_300.npz,notumor,Training,processed/kaggle_normalized/Training/notumor/Tr-no_300.npz,train
Tr-no_802.npz,notumor,Training,processed/kaggle_normalized/Training/notumor/Tr-no_802.npz,train
Tr-no_836.npz,notumor,Training,processed/kaggle_normalized/Training/notumor/Tr-no_836.npz,train
Tr-pi_267.npz,pituitary,Training,processed/kaggle_normalized/Training/pituitary/Tr-pi_267.npz,train
Tr-no_798.npz,notumor,Training,processed/kaggle_normalized/Training/notumor/Tr-no_798.npz,train
Tr-pi_720.npz,pituitary,Training,processed/kaggle_normalized/Training/pituitary/Tr-pi_720.npz,train
Tr-me_844.npz,meningioma,Training,processed/kaggle_normalized/Training/meningioma/Tr-me_844.npz,train
Tr-pi_580.npz,pituitary,Training,processed/kaggle_normalized/Training/pituitary/Tr-pi_580.npz,train
Tr-pi_536.npz,pituitary,Training,processed/kaggle_normalized/Training/pituitary/Tr-pi_536.npz,train
Tr-me_522.npz,meningioma,Training,processed/kaggle_normalized/Training/meningioma/Tr-me_522.npz,train
Tr-pi_194.npz,pituitary,Training,processed/kaggle_normalized/Training/pituitary/Tr-pi_194.npz,train
Tr-no_1067.npz,notumor,Training,processed/kaggle_normalized/Training/notumor/Tr-no_1067.npz,train
Tr-me_957.npz,meningioma,Training,processed/kaggle_normalized/Training/meningioma/Tr-me_957.npz,train
Tr-no_336.npz,notumor,Training,processed/kaggle_normalized/Training/notumor/Tr-no_336.npz,train
Tr-me_1116.npz,meningioma,Training,processed/kaggle_normalized/Training/meningioma/Tr-me_1116.npz,train
Tr-no_933.npz,notumor,Training,processed/kaggle_normalized/Training/notumor/Tr-no_933.npz,train
Tr-no_89.npz,notumor,Training,processed/kaggle_normalized/Training/notumor/Tr-no_89.npz,train
Tr-no_301.npz,notumor,Training,processed/kaggle_normalized/Training/notumor/Tr-no_301.npz,train
Tr-pi_610.npz,pituitary,Training,processed/kaggle_normalized/Training/pituitary/Tr-pi_610.npz,train
Tr-no_1028.npz,notumor,Training,processed/kaggle_normalized/Training/notumor/Tr-no_1028.npz,train
Tr-pi_490.npz,pituitary,Training,processed/kaggle_normalized/Training/pituitary/Tr-pi_490.npz,train
Tr-pi_1036.npz,pituitary,Training,processed/kaggle_normalized/Training/pituitary/Tr-pi_1036.npz,train
Tr-me_95.npz,meningioma,Training,processed/kaggle_normalized/Training/meningioma/Tr-me_95.npz,train
Tr-me_876.npz,meningioma,Training,processed/kaggle_normalized/Training/meningioma/Tr-me_876.npz,train
Tr-gl_1094.npz,glioma,Training,processed/kaggle_normalized/Training/glioma/Tr-gl_1094.npz,train
Tr-no_782.npz,notumor,Training,processed/kaggle_normalized/Training/notumor/Tr-no_782.npz,train
Tr-gl_754.npz,glioma,Training,processed/kaggle_normalized/Training/glioma/Tr-gl_754.npz,train
Tr-no_1283.npz,notumor,Training,processed/kaggle_normalized/Training/notumor/Tr-no_1283.npz,train
Tr-pi_416.npz,pituitary,Training,processed/kaggle_normalized/Training/pituitary/Tr-pi_416.npz,train
Tr-gl_180.npz,glioma,Training,processed/kaggle_normalized/Training/glioma/Tr-gl_180.npz,train
Tr-no_263.npz,notumor,Training,processed/kaggle_normalized/Training/notumor/Tr-no_263.npz,train
Tr-gl_189.npz,glioma,Training,processed/kaggle_normalized/Training/glioma/Tr-gl_189.npz,train
Tr-no_717.npz,notumor,Training,processed/kaggle_normalized/Training/notumor/Tr-no_717.npz,train
Tr-no_490.npz,notumor,Training,processed/kaggle_normalized/Training/notumor/Tr-no_490.npz,train
Tr-no_761.npz,notumor,Training,processed/kaggle_normalized/Training/notumor/Tr-no_761.npz,train
Tr-no_965.npz,notumor,Training,processed/kaggle_normalized/Training/notumor/Tr-no_965.npz,train
Tr-pi_836.npz,pituitary,Training,processed/kaggle_normalized/Training/pituitary/Tr-pi_836.npz,train
Tr-pi_1268.npz,pituitary,Training,processed/kaggle_normalized/Training/pituitary/Tr-pi_1268.npz,train
Tr-gl_1105.npz,glioma,Training,processed/kaggle_normalized/Training/glioma/Tr-gl_1105.npz,train
Tr-gl_708.npz,glioma,Training,processed/kaggle_normalized/Training/glioma/Tr-gl_708.npz,train
Tr-pi_1083.npz,pituitary,Training,processed/kaggle_normalized/Training/pituitary/Tr-pi_1083.npz,train
Tr-no_456.npz,notumor,Training,processed/kaggle_normalized/Training/notumor/Tr-no_456.npz,train
Tr-pi_1021.npz,pituitary,Training,processed/kaggle_normalized/Training/pituitary/Tr-pi_1021.npz,train
Tr-pi_549.npz,pituitary,Training,processed/kaggle_normalized/Training/pituitary/Tr-pi_549.npz,train
Tr-no_108.npz,notumor,Training,processed/kaggle_normalized/Training/notumor/Tr-no_108.npz,train
Tr-pi_83.npz,pituitary,Training,processed/kaggle_normalized/Training/pituitary/Tr-pi_83.npz,train
Tr-pi_779.npz,pituitary,Training,processed/kaggle_normalized/Training/pituitary/Tr-pi_779.npz,train
Tr-gl_839.npz,glioma,Training,processed/kaggle_normalized/Training/glioma/Tr-gl_839.npz,train
Tr-me_625.npz,meningioma,Training,processed/kaggle_normalized/Training/meningioma/Tr-me_625.npz,train
Tr-pi_365.npz,pituitary,Training,processed/kaggle_normalized/Training/pituitary/Tr-pi_365.npz,train
Tr-no_936.npz,notumor,Training,processed/kaggle_normalized/Training/notumor/Tr-no_936.npz,train
Tr-no_1225.npz,notumor,Training,processed/kaggle_normalized/Training/notumor/Tr-no_1225.npz,train
Tr-pi_621.npz,pituitary,Training,processed/kaggle_normalized/Training/pituitary/Tr-pi_621.npz,train
Tr-gl_421.npz,glioma,Training,processed/kaggle_normalized/Training/glioma/Tr-gl_421.npz,train
Tr-me_48.npz,meningioma,Training,processed/kaggle_normalized/Training/meningioma/Tr-me_48.npz,train
Tr-gl_234.npz,glioma,Training,processed/kaggle_normalized/Training/glioma/Tr-gl_234.npz,train
Tr-pi_507.npz,pituitary,Training,processed/kaggle_normalized/Training/pituitary/Tr-pi_507.npz,train
Tr-no_486.npz,notumor,Training,processed/kaggle_normalized/Training/notumor/Tr-no_486.npz,train
Tr-me_1040.npz,meningioma,Training,processed/kaggle_normalized/Training/meningioma/Tr-me_1040.npz,train
Tr-me_570.npz,meningioma,Training,processed/kaggle_normalized/Training/meningioma/Tr-me_570.npz,train
Tr-no_948.npz,notumor,Training,processed/kaggle_normalized/Training/notumor/Tr-no_948.npz,train
Tr-gl_1112.npz,glioma,Training,processed/kaggle_normalized/Training/glioma/Tr-gl_1112.npz,train
Tr-no_967.npz,notumor,Training,processed/kaggle_normalized/Training/notumor/Tr-no_967.npz,train
Tr-pi_1332.npz,pituitary,Training,processed/kaggle_normalized/Training/pituitary/Tr-pi_1332.npz,train
Tr-gl_1066.npz,glioma,Training,processed/kaggle_normalized/Training/glioma/Tr-gl_1066.npz,train
Tr-pi_911.npz,pituitary,Training,processed/kaggle_normalized/Training/pituitary/Tr-pi_911.npz,train
Tr-me_683.npz,meningioma,Training,processed/kaggle_normalized/Training/meningioma/Tr-me_683.npz,train
Tr-gl_609.npz,glioma,Training,processed/kaggle_normalized/Training/glioma/Tr-gl_609.npz,train
Tr-pi_494.npz,pituitary,Training,processed/kaggle_normalized/Training/pituitary/Tr-pi_494.npz,train
Tr-gl_1380.npz,glioma,Training,processed/kaggle_normalized/Training/glioma/Tr-gl_1380.npz,train
Tr-gl_1082.npz,glioma,Training,processed/kaggle_normalized/Training/glioma/Tr-gl_1082.npz,train
Tr-no_850.npz,notumor,Training,processed/kaggle_normalized/Training/notumor/Tr-no_850.npz,train
Tr-gl_132.npz,glioma,Training,processed/kaggle_normalized/Training/glioma/Tr-gl_132.npz,train
Tr-pi_21.npz,pituitary,Training,processed/kaggle_normalized/Training/pituitary/Tr-pi_21.npz,train
Tr-pi_237.npz,pituitary,Training,processed/kaggle_normalized/Training/pituitary/Tr-pi_237.npz,train
Tr-me_253.npz,meningioma,Training,processed/kaggle_normalized/Training/meningioma/Tr-me_253.npz,train
Tr-me_287.npz,meningioma,Training,processed/kaggle_normalized/Training/meningioma/Tr-me_287.npz,train
Tr-me_316.npz,meningioma,Training,processed/kaggle_normalized/Training/meningioma/Tr-me_316.npz,train
Tr-gl_1130.npz,glioma,Training,processed/kaggle_normalized/Training/glioma/Tr-gl_1130.npz,train
Tr-me_460.npz,meningioma,Training,processed/kaggle_normalized/Training/meningioma/Tr-me_460.npz,train
Tr-gl_1141.npz,glioma,Training,processed/kaggle_normalized/Training/glioma/Tr-gl_1141.npz,train
Tr-me_444.npz,meningioma,Training,processed/kaggle_normalized/Training/meningioma/Tr-me_444.npz,train
Tr-pi_5.npz,pituitary,Training,processed/kaggle_normalized/Training/pituitary/Tr-pi_5.npz,train
Tr-no_1281.npz,notumor,Training,processed/kaggle_normalized/Training/notumor/Tr-no_1281.npz,train
Tr-gl_1362.npz,glioma,Training,processed/kaggle_normalized/Training/glioma/Tr-gl_1362.npz,train
Tr-pi_842.npz,pituitary,Training,processed/kaggle_normalized/Training/pituitary/Tr-pi_842.npz,train
Tr-pi_690.npz,pituitary,Training,processed/kaggle_normalized/Training/pituitary/Tr-pi_690.npz,train
Tr-pi_1206.npz,pituitary,Training,processed/kaggle_normalized/Training/pituitary/Tr-pi_1206.npz,train
Tr-no_885.npz,notumor,Training,processed/kaggle_normalized/Training/notumor/Tr-no_885.npz,train
Tr-gl_220.npz,glioma,Training,processed/kaggle_normalized/Training/glioma/Tr-gl_220.npz,train
Tr-no_548.npz,notumor,Training,processed/kaggle_normalized/Training/notumor/Tr-no_548.npz,train
Tr-no_1289.npz,notumor,Training,processed/kaggle_normalized/Training/notumor/Tr-no_1289.npz,train
Tr-pi_1006.npz,pituitary,Training,processed/kaggle_normalized/Training/pituitary/Tr-pi_1006.npz,train
Tr-no_1163.npz,notumor,Training,processed/kaggle_normalized/Training/notumor/Tr-no_1163.npz,train
Tr-me_337.npz,meningioma,Training,processed/kaggle_normalized/Training/meningioma/Tr-me_337.npz,train
Tr-pi_1246.npz,pituitary,Training,processed/kaggle_normalized/Training/pituitary/Tr-pi_1246.npz,train
Tr-gl_1334.npz,glioma,Training,processed/kaggle_normalized/Training/glioma/Tr-gl_1334.npz,train
Tr-pi_986.npz,pituitary,Training,processed/kaggle_normalized/Training/pituitary/Tr-pi_986.npz,train
Tr-pi_12.npz,pituitary,Training,processed/kaggle_normalized/Training/pituitary/Tr-pi_12.npz,train
Tr-pi_1093.npz,pituitary,Training,processed/kaggle_normalized/Training/pituitary/Tr-pi_1093.npz,train
Tr-no_598.npz,notumor,Training,processed/kaggle_normalized/Training/notumor/Tr-no_598.npz,train
Tr-pi_1000.npz,pituitary,Training,processed/kaggle_normalized/Training/pituitary/Tr-pi_1000.npz,train
Tr-gl_31.npz,glioma,Training,processed/kaggle_normalized/Training/glioma/Tr-gl_31.npz,train
Tr-no_1349.npz,notumor,Training,processed/kaggle_normalized/Training/notumor/Tr-no_1349.npz,train
Tr-me_991.npz,meningioma,Training,processed/kaggle_normalized/Training/meningioma/Tr-me_991.npz,train
Tr-no_1055.npz,notumor,Training,processed/kaggle_normalized/Training/notumor/Tr-no_1055.npz,train
Tr-gl_1159.npz,glioma,Training,processed/kaggle_normalized/Training/glioma/Tr-gl_1159.npz,train
Tr-me_280.npz,meningioma,Training,processed/kaggle_normalized/Training/meningioma/Tr-me_280.npz,train
Tr-no_825.npz,notumor,Training,processed/kaggle_normalized/Training/notumor/Tr-no_825.npz,train
Tr-me_662.npz,meningioma,Training,processed/kaggle_normalized/Training/meningioma/Tr-me_662.npz,train
Tr-gl_1363.npz,glioma,Training,processed/kaggle_normalized/Training/glioma/Tr-gl_1363.npz,train
Tr-no_1399.npz,notumor,Training,processed/kaggle_normalized/Training/notumor/Tr-no_1399.npz,train
Tr-gl_726.npz,glioma,Training,processed/kaggle_normalized/Training/glioma/Tr-gl_726.npz,train
Tr-gl_830.npz,glioma,Training,processed/kaggle_normalized/Training/glioma/Tr-gl_830.npz,train
Tr-me_553.npz,meningioma,Training,processed/kaggle_normalized/Training/meningioma/Tr-me_553.npz,train
Tr-me_170.npz,meningioma,Training,processed/kaggle_normalized/Training/meningioma/Tr-me_170.npz,train
Tr-pi_498.npz,pituitary,Training,processed/kaggle_normalized/Training/pituitary/Tr-pi_498.npz,train
Tr-me_198.npz,meningioma,Training,processed/kaggle_normalized/Training/meningioma/Tr-me_198.npz,train
Tr-no_1114.npz,notumor,Training,processed/kaggle_normalized/Training/notumor/Tr-no_1114.npz,train
Tr-me_22.npz,meningioma,Training,processed/kaggle_normalized/Training/meningioma/Tr-me_22.npz,train
Tr-me_120.npz,meningioma,Training,processed/kaggle_normalized/Training/meningioma/Tr-me_120.npz,train
Tr-pi_710.npz,pituitary,Training,processed/kaggle_normalized/Training/pituitary/Tr-pi_710.npz,train
Tr-no_588.npz,notumor,Training,processed/kaggle_normalized/Training/notumor/Tr-no_588.npz,train
Tr-gl_175.npz,glioma,Training,processed/kaggle_normalized/Training/glioma/Tr-gl_175.npz,train
Tr-me_456.npz,meningioma,Training,processed/kaggle_normalized/Training/meningioma/Tr-me_456.npz,train
Tr-me_824.npz,meningioma,Training,processed/kaggle_normalized/Training/meningioma/Tr-me_824.npz,train
Tr-me_1193.npz,meningioma,Training,processed/kaggle_normalized/Training/meningioma/Tr-me_1193.npz,train
Tr-me_463.npz,meningioma,Training,processed/kaggle_normalized/Training/meningioma/Tr-me_463.npz,train
Tr-no_377.npz,notumor,Training,processed/kaggle_normalized/Training/notumor/Tr-no_377.npz,train
Tr-gl_1068.npz,glioma,Training,processed/kaggle_normalized/Training/glioma/Tr-gl_1068.npz,train
Tr-me_1046.npz,meningioma,Training,processed/kaggle_normalized/Training/meningioma/Tr-me_1046.npz,train
Tr-me_281.npz,meningioma,Training,processed/kaggle_normalized/Training/meningioma/Tr-me_281.npz,train
Tr-gl_325.npz,glioma,Training,processed/kaggle_normalized/Training/glioma/Tr-gl_325.npz,train
Tr-me_1278.npz,meningioma,Training,processed/kaggle_normalized/Training/meningioma/Tr-me_1278.npz,train
Tr-pi_184.npz,pituitary,Training,processed/kaggle_normalized/Training/pituitary/Tr-pi_184.npz,train
Tr-pi_950.npz,pituitary,Training,processed/kaggle_normalized/Training/pituitary/Tr-pi_950.npz,train
Tr-pi_462.npz,pituitary,Training,processed/kaggle_normalized/Training/pituitary/Tr-pi_462.npz,train
Tr-gl_1373.npz,glioma,Training,processed/kaggle_normalized/Training/glioma/Tr-gl_1373.npz,train
Tr-no_254.npz,notumor,Training,processed/kaggle_normalized/Training/notumor/Tr-no_254.npz,train
Tr-gl_788.npz,glioma,Training,processed/kaggle_normalized/Training/glioma/Tr-gl_788.npz,train
Tr-me_486.npz,meningioma,Training,processed/kaggle_normalized/Training/meningioma/Tr-me_486.npz,train
Tr-pi_37.npz,pituitary,Training,processed/kaggle_normalized/Training/pituitary/Tr-pi_37.npz,train
Tr-no_707.npz,notumor,Training,processed/kaggle_normalized/Training/notumor/Tr-no_707.npz,train
Tr-me_478.npz,meningioma,Training,processed/kaggle_normalized/Training/meningioma/Tr-me_478.npz,train
Tr-pi_1238.npz,pituitary,Training,processed/kaggle_normalized/Training/pituitary/Tr-pi_1238.npz,train
Tr-no_1245.npz,notumor,Training,processed/kaggle_normalized/Training/notumor/Tr-no_1245.npz,train
Tr-gl_648.npz,glioma,Training,processed/kaggle_normalized/Training/glioma/Tr-gl_648.npz,train
Tr-gl_58.npz,glioma,Training,processed/kaggle_normalized/Training/glioma/Tr-gl_58.npz,train
Tr-no_501.npz,notumor,Training,processed/kaggle_normalized/Training/notumor/Tr-no_501.npz,train
Tr-gl_569.npz,glioma,Training,processed/kaggle_normalized/Training/glioma/Tr-gl_569.npz,train
Tr-me_291.npz,meningioma,Training,processed/kaggle_normalized/Training/meningioma/Tr-me_291.npz,train
Tr-me_17.npz,meningioma,Training,processed/kaggle_normalized/Training/meningioma/Tr-me_17.npz,train
Tr-pi_1127.npz,pituitary,Training,processed/kaggle_normalized/Training/pituitary/Tr-pi_1127.npz,train
Tr-no_47.npz,notumor,Training,processed/kaggle_normalized/Training/notumor/Tr-no_47.npz,train
Tr-pi_492.npz,pituitary,Training,processed/kaggle_normalized/Training/pituitary/Tr-pi_492.npz,train
Tr-no_613.npz,notumor,Training,processed/kaggle_normalized/Training/notumor/Tr-no_613.npz,train
Tr-me_476.npz,meningioma,Training,processed/kaggle_normalized/Training/meningioma/Tr-me_476.npz,train
Tr-gl_1287.npz,glioma,Training,processed/kaggle_normalized/Training/glioma/Tr-gl_1287.npz,train
Tr-pi_879.npz,pituitary,Training,processed/kaggle_normalized/Training/pituitary/Tr-pi_879.npz,train
Tr-pi_513.npz,pituitary,Training,processed/kaggle_normalized/Training/pituitary/Tr-pi_513.npz,train
Tr-no_720.npz,notumor,Training,processed/kaggle_normalized/Training/notumor/Tr-no_720.npz,train
Tr-me_960.npz,meningioma,Training,processed/kaggle_normalized/Training/meningioma/Tr-me_960.npz,train
Tr-pi_103.npz,pituitary,Training,processed/kaggle_normalized/Training/pituitary/Tr-pi_103.npz,train
Tr-me_979.npz,meningioma,Training,processed/kaggle_normalized/Training/meningioma/Tr-me_979.npz,train
Tr-gl_188.npz,glioma,Training,processed/kaggle_normalized/Training/glioma/Tr-gl_188.npz,train
Tr-no_1063.npz,notumor,Training,processed/kaggle_normalized/Training/notumor/Tr-no_1063.npz,train
Tr-me_659.npz,meningioma,Training,processed/kaggle_normalized/Training/meningioma/Tr-me_659.npz,train
Tr-me_1123.npz,meningioma,Training,processed/kaggle_normalized/Training/meningioma/Tr-me_1123.npz,train
Tr-gl_872.npz,glioma,Training,processed/kaggle_normalized/Training/glioma/Tr-gl_872.npz,train
Tr-pi_602.npz,pituitary,Training,processed/kaggle_normalized/Training/pituitary/Tr-pi_602.npz,train
Tr-gl_535.npz,glioma,Training,processed/kaggle_normalized/Training/glioma/Tr-gl_535.npz,train
Tr-pi_824.npz,pituitary,Training,processed/kaggle_normalized/Training/pituitary/Tr-pi_824.npz,train
Tr-pi_615.npz,pituitary,Training,processed/kaggle_normalized/Training/pituitary/Tr-pi_615.npz,train
Tr-me_491.npz,meningioma,Training,processed/kaggle_normalized/Training/meningioma/Tr-me_491.npz,train
Tr-me_848.npz,meningioma,Training,processed/kaggle_normalized/Training/meningioma/Tr-me_848.npz,train
Tr-me_620.npz,meningioma,Training,processed/kaggle_normalized/Training/meningioma/Tr-me_620.npz,train
Tr-pi_576.npz,pituitary,Training,processed/kaggle_normalized/Training/pituitary/Tr-pi_576.npz,train
Tr-gl_577.npz,glioma,Training,processed/kaggle_normalized/Training/glioma/Tr-gl_577.npz,train
Tr-me_555.npz,meningioma,Training,processed/kaggle_normalized/Training/meningioma/Tr-me_555.npz,train
Tr-pi_435.npz,pituitary,Training,processed/kaggle_normalized/Training/pituitary/Tr-pi_435.npz,train
Tr-no_799.npz,notumor,Training,processed/kaggle_normalized/Training/notumor/Tr-no_799.npz,train
Tr-no_891.npz,notumor,Training,processed/kaggle_normalized/Training/notumor/Tr-no_891.npz,train
Tr-pi_453.npz,pituitary,Training,processed/kaggle_normalized/Training/pituitary/Tr-pi_453.npz,train
Tr-pi_1229.npz,pituitary,Training,processed/kaggle_normalized/Training/pituitary/Tr-pi_1229.npz,train
Tr-no_610.npz,notumor,Training,processed/kaggle_normalized/Training/notumor/Tr-no_610.npz,train
Tr-no_1272.npz,notumor,Training,processed/kaggle_normalized/Training/notumor/Tr-no_1272.npz,train
Tr-no_1213.npz,notumor,Training,processed/kaggle_normalized/Training/notumor/Tr-no_1213.npz,train
Tr-pi_1150.npz,pituitary,Training,processed/kaggle_normalized/Training/pituitary/Tr-pi_1150.npz,train
Tr-pi_185.npz,pituitary,Training,processed/kaggle_normalized/Training/pituitary/Tr-pi_185.npz,train
Tr-pi_153.npz,pituitary,Training,processed/kaggle_normalized/Training/pituitary/Tr-pi_153.npz,train
Tr-pi_176.npz,pituitary,Training,processed/kaggle_normalized/Training/pituitary/Tr-pi_176.npz,train
Tr-no_1362.npz,notumor,Training,processed/kaggle_normalized/Training/notumor/Tr-no_1362.npz,train
Tr-pi_1105.npz,pituitary,Training,processed/kaggle_normalized/Training/pituitary/Tr-pi_1105.npz,train
Tr-no_1127.npz,notumor,Training,processed/kaggle_normalized/Training/notumor/Tr-no_1127.npz,train
Tr-gl_1030.npz,glioma,Training,processed/kaggle_normalized/Training/glioma/Tr-gl_1030.npz,train
Tr-gl_744.npz,glioma,Training,processed/kaggle_normalized/Training/glioma/Tr-gl_744.npz,train
Tr-no_1228.npz,notumor,Training,processed/kaggle_normalized/Training/notumor/Tr-no_1228.npz,train
Tr-no_1279.npz,notumor,Training,processed/kaggle_normalized/Training/notumor/Tr-no_1279.npz,train
Tr-pi_114.npz,pituitary,Training,processed/kaggle_normalized/Training/pituitary/Tr-pi_114.npz,train
Tr-no_106.npz,notumor,Training,processed/kaggle_normalized/Training/notumor/Tr-no_106.npz,train
Tr-gl_998.npz,glioma,Training,processed/kaggle_normalized/Training/glioma/Tr-gl_998.npz,train
Tr-gl_36.npz,glioma,Training,processed/kaggle_normalized/Training/glioma/Tr-gl_36.npz,train
Tr-me_521.npz,meningioma,Training,processed/kaggle_normalized/Training/meningioma/Tr-me_521.npz,train
Tr-pi_761.npz,pituitary,Training,processed/kaggle_normalized/Training/pituitary/Tr-pi_761.npz,train
Tr-me_977.npz,meningioma,Training,processed/kaggle_normalized/Training/meningioma/Tr-me_977.npz,train
Tr-me_97.npz,meningioma,Training,processed/kaggle_normalized/Training/meningioma/Tr-me_97.npz,train
Tr-no_141.npz,notumor,Training,processed/kaggle_normalized/Training/notumor/Tr-no_141.npz,train
Tr-pi_688.npz,pituitary,Training,processed/kaggle_normalized/Training/pituitary/Tr-pi_688.npz,train
Tr-pi_360.npz,pituitary,Training,processed/kaggle_normalized/Training/pituitary/Tr-pi_360.npz,train
Tr-aug-me_69.npz,meningioma,Training,processed/kaggle_normalized/Training/meningioma/Tr-aug-me_69.npz,train
Tr-pi_159.npz,pituitary,Training,processed/kaggle_normalized/Training/pituitary/Tr-pi_159.npz,train
Tr-pi_545.npz,pituitary,Training,processed/kaggle_normalized/Training/pituitary/Tr-pi_545.npz,train
Tr-pi_444.npz,pituitary,Training,processed/kaggle_normalized/Training/pituitary/Tr-pi_444.npz,train
Tr-gl_474.npz,glioma,Training,processed/kaggle_normalized/Training/glioma/Tr-gl_474.npz,train
Tr-gl_811.npz,glioma,Training,processed/kaggle_normalized/Training/glioma/Tr-gl_811.npz,train
Tr-gl_303.npz,glioma,Training,processed/kaggle_normalized/Training/glioma/Tr-gl_303.npz,train
Tr-me_1092.npz,meningioma,Training,processed/kaggle_normalized/Training/meningioma/Tr-me_1092.npz,train
Tr-no_93.npz,notumor,Training,processed/kaggle_normalized/Training/notumor/Tr-no_93.npz,train
Tr-no_1005.npz,notumor,Training,processed/kaggle_normalized/Training/notumor/Tr-no_1005.npz,train
Tr-pi_1008.npz,pituitary,Training,processed/kaggle_normalized/Training/pituitary/Tr-pi_1008.npz,train
Tr-pi_11.npz,pituitary,Training,processed/kaggle_normalized/Training/pituitary/Tr-pi_11.npz,train
Tr-me_149.npz,meningioma,Training,processed/kaggle_normalized/Training/meningioma/Tr-me_149.npz,train
Tr-no_384.npz,notumor,Training,processed/kaggle_normalized/Training/notumor/Tr-no_384.npz,train
Tr-pi_1143.npz,pituitary,Training,processed/kaggle_normalized/Training/pituitary/Tr-pi_1143.npz,train
Tr-no_1287.npz,notumor,Training,processed/kaggle_normalized/Training/notumor/Tr-no_1287.npz,train
Tr-no_183.npz,notumor,Training,processed/kaggle_normalized/Training/notumor/Tr-no_183.npz,train
Tr-me_380.npz,meningioma,Training,processed/kaggle_normalized/Training/meningioma/Tr-me_380.npz,train
Tr-pi_632.npz,pituitary,Training,processed/kaggle_normalized/Training/pituitary/Tr-pi_632.npz,train
Tr-no_964.npz,notumor,Training,processed/kaggle_normalized/Training/notumor/Tr-no_964.npz,train
Tr-me_958.npz,meningioma,Training,processed/kaggle_normalized/Training/meningioma/Tr-me_958.npz,train
Tr-gl_464.npz,glioma,Training,processed/kaggle_normalized/Training/glioma/Tr-gl_464.npz,train
Tr-no_391.npz,notumor,Training,processed/kaggle_normalized/Training/notumor/Tr-no_391.npz,train
Tr-no_739.npz,notumor,Training,processed/kaggle_normalized/Training/notumor/Tr-no_739.npz,train
Tr-pi_1259.npz,pituitary,Training,processed/kaggle_normalized/Training/pituitary/Tr-pi_1259.npz,train
Tr-no_53.npz,notumor,Training,processed/kaggle_normalized/Training/notumor/Tr-no_53.npz,train
Tr-gl_671.npz,glioma,Training,processed/kaggle_normalized/Training/glioma/Tr-gl_671.npz,train
Tr-gl_401.npz,glioma,Training,processed/kaggle_normalized/Training/glioma/Tr-gl_401.npz,train
Tr-pi_914.npz,pituitary,Training,processed/kaggle_normalized/Training/pituitary/Tr-pi_914.npz,train
Tr-me_936.npz,meningioma,Training,processed/kaggle_normalized/Training/meningioma/Tr-me_936.npz,train
Tr-gl_1157.npz,glioma,Training,processed/kaggle_normalized/Training/glioma/Tr-gl_1157.npz,train
Tr-me_622.npz,meningioma,Training,processed/kaggle_normalized/Training/meningioma/Tr-me_622.npz,train
Tr-no_80.npz,notumor,Training,processed/kaggle_normalized/Training/notumor/Tr-no_80.npz,train
Tr-me_65.npz,meningioma,Training,processed/kaggle_normalized/Training/meningioma/Tr-me_65.npz,train
Tr-me_764.npz,meningioma,Training,processed/kaggle_normalized/Training/meningioma/Tr-me_764.npz,train
Tr-gl_359.npz,glioma,Training,processed/kaggle_normalized/Training/glioma/Tr-gl_359.npz,train
Tr-gl_61.npz,glioma,Training,processed/kaggle_normalized/Training/glioma/Tr-gl_61.npz,train
Tr-me_1018.npz,meningioma,Training,processed/kaggle_normalized/Training/meningioma/Tr-me_1018.npz,train
Tr-no_55.npz,notumor,Training,processed/kaggle_normalized/Training/notumor/Tr-no_55.npz,train
Tr-no_257.npz,notumor,Training,processed/kaggle_normalized/Training/notumor/Tr-no_257.npz,train
Tr-pi_923.npz,pituitary,Training,processed/kaggle_normalized/Training/pituitary/Tr-pi_923.npz,train
Tr-gl_1300.npz,glioma,Training,processed/kaggle_normalized/Training/glioma/Tr-gl_1300.npz,train
Tr-no_94.npz,notumor,Training,processed/kaggle_normalized/Training/notumor/Tr-no_94.npz,train
Tr-no_815.npz,notumor,Training,processed/kaggle_normalized/Training/notumor/Tr-no_815.npz,train
Tr-pi_697.npz,pituitary,Training,processed/kaggle_normalized/Training/pituitary/Tr-pi_697.npz,train
Tr-aug-me_65.npz,meningioma,Training,processed/kaggle_normalized/Training/meningioma/Tr-aug-me_65.npz,train
Tr-pi_1390.npz,pituitary,Training,processed/kaggle_normalized/Training/pituitary/Tr-pi_1390.npz,train
Tr-me_38.npz,meningioma,Training,processed/kaggle_normalized/Training/meningioma/Tr-me_38.npz,train
Tr-gl_152.npz,glioma,Training,processed/kaggle_normalized/Training/glioma/Tr-gl_152.npz,train
Tr-no_1359.npz,notumor,Training,processed/kaggle_normalized/Training/notumor/Tr-no_1359.npz,train
Tr-pi_395.npz,pituitary,Training,processed/kaggle_normalized/Training/pituitary/Tr-pi_395.npz,train
Tr-no_49.npz,notumor,Training,processed/kaggle_normalized/Training/notumor/Tr-no_49.npz,train
Tr-no_1319.npz,notumor,Training,processed/kaggle_normalized/Training/notumor/Tr-no_1319.npz,train
Tr-pi_640.npz,pituitary,Training,processed/kaggle_normalized/Training/pituitary/Tr-pi_640.npz,train
Tr-gl_1122.npz,glioma,Training,processed/kaggle_normalized/Training/glioma/Tr-gl_1122.npz,train
Tr-gl_854.npz,glioma,Training,processed/kaggle_normalized/Training/glioma/Tr-gl_854.npz,train
Tr-no_1218.npz,notumor,Training,processed/kaggle_normalized/Training/notumor/Tr-no_1218.npz,train
Tr-no_1389.npz,notumor,Training,processed/kaggle_normalized/Training/notumor/Tr-no_1389.npz,train
Tr-pi_991.npz,pituitary,Training,processed/kaggle_normalized/Training/pituitary/Tr-pi_991.npz,train
Tr-pi_371.npz,pituitary,Training,processed/kaggle_normalized/Training/pituitary/Tr-pi_371.npz,train
Tr-gl_166.npz,glioma,Training,processed/kaggle_normalized/Training/glioma/Tr-gl_166.npz,train
Tr-aug-me_99.npz,meningioma,Training,processed/kaggle_normalized/Training/meningioma/Tr-aug-me_99.npz,train
Tr-gl_1128.npz,glioma,Training,processed/kaggle_normalized/Training/glioma/Tr-gl_1128.npz,train
Tr-no_917.npz,notumor,Training,processed/kaggle_normalized/Training/notumor/Tr-no_917.npz,train
Tr-gl_780.npz,glioma,Training,processed/kaggle_normalized/Training/glioma/Tr-gl_780.npz,train
Tr-no_1110.npz,notumor,Training,processed/kaggle_normalized/Training/notumor/Tr-no_1110.npz,train
Tr-pi_502.npz,pituitary,Training,processed/kaggle_normalized/Training/pituitary/Tr-pi_502.npz,train
Tr-me_1071.npz,meningioma,Training,processed/kaggle_normalized/Training/meningioma/Tr-me_1071.npz,train
Tr-pi_72.npz,pituitary,Training,processed/kaggle_normalized/Training/pituitary/Tr-pi_72.npz,train
Tr-me_942.npz,meningioma,Training,processed/kaggle_normalized/Training/meningioma/Tr-me_942.npz,train
Tr-me_49.npz,meningioma,Training,processed/kaggle_normalized/Training/meningioma/Tr-me_49.npz,train
Tr-me_661.npz,meningioma,Training,processed/kaggle_normalized/Training/meningioma/Tr-me_661.npz,train
Tr-me_233.npz,meningioma,Training,processed/kaggle_normalized/Training/meningioma/Tr-me_233.npz,train
Tr-pi_1303.npz,pituitary,Training,processed/kaggle_normalized/Training/pituitary/Tr-pi_1303.npz,train
Tr-gl_916.npz,glioma,Training,processed/kaggle_normalized/Training/glioma/Tr-gl_916.npz,train
Tr-pi_859.npz,pituitary,Training,processed/kaggle_normalized/Training/pituitary/Tr-pi_859.npz,train
Tr-me_116.npz,meningioma,Training,processed/kaggle_normalized/Training/meningioma/Tr-me_116.npz,train
Tr-no_1122.npz,notumor,Training,processed/kaggle_normalized/Training/notumor/Tr-no_1122.npz,train
Tr-gl_520.npz,glioma,Training,processed/kaggle_normalized/Training/glioma/Tr-gl_520.npz,train
Tr-no_808.npz,notumor,Training,processed/kaggle_normalized/Training/notumor/Tr-no_808.npz,train
Tr-gl_415.npz,glioma,Training,processed/kaggle_normalized/Training/glioma/Tr-gl_415.npz,train
Tr-pi_1154.npz,pituitary,Training,processed/kaggle_normalized/Training/pituitary/Tr-pi_1154.npz,train
Tr-gl_1137.npz,glioma,Training,processed/kaggle_normalized/Training/glioma/Tr-gl_1137.npz,train
Tr-gl_767.npz,glioma,Training,processed/kaggle_normalized/Training/glioma/Tr-gl_767.npz,train
Tr-no_1090.npz,notumor,Training,processed/kaggle_normalized/Training/notumor/Tr-no_1090.npz,train
Tr-pi_255.npz,pituitary,Training,processed/kaggle_normalized/Training/pituitary/Tr-pi_255.npz,train
Tr-pi_195.npz,pituitary,Training,processed/kaggle_normalized/Training/pituitary/Tr-pi_195.npz,train
Tr-me_1025.npz,meningioma,Training,processed/kaggle_normalized/Training/meningioma/Tr-me_1025.npz,train
Tr-pi_299.npz,pituitary,Training,processed/kaggle_normalized/Training/pituitary/Tr-pi_299.npz,train
Tr-pi_347.npz,pituitary,Training,processed/kaggle_normalized/Training/pituitary/Tr-pi_347.npz,train
Tr-no_165.npz,notumor,Training,processed/kaggle_normalized/Training/notumor/Tr-no_165.npz,train
Tr-aug-me_83.npz,meningioma,Training,processed/kaggle_normalized/Training/meningioma/Tr-aug-me_83.npz,train
Tr-no_1293.npz,notumor,Training,processed/kaggle_normalized/Training/notumor/Tr-no_1293.npz,train
Tr-me_187.npz,meningioma,Training,processed/kaggle_normalized/Training/meningioma/Tr-me_187.npz,train
Tr-gl_923.npz,glioma,Training,processed/kaggle_normalized/Training/glioma/Tr-gl_923.npz,train
Tr-gl_343.npz,glioma,Training,processed/kaggle_normalized/Training/glioma/Tr-gl_343.npz,train
Tr-no_1296.npz,notumor,Training,processed/kaggle_normalized/Training/notumor/Tr-no_1296.npz,train
Tr-pi_226.npz,pituitary,Training,processed/kaggle_normalized/Training/pituitary/Tr-pi_226.npz,train
Tr-pi_967.npz,pituitary,Training,processed/kaggle_normalized/Training/pituitary/Tr-pi_967.npz,train
Tr-pi_976.npz,pituitary,Training,processed/kaggle_normalized/Training/pituitary/Tr-pi_976.npz,train
Tr-gl_76.npz,glioma,Training,processed/kaggle_normalized/Training/glioma/Tr-gl_76.npz,train
Tr-gl_449.npz,glioma,Training,processed/kaggle_normalized/Training/glioma/Tr-gl_449.npz,train
Tr-gl_927.npz,glioma,Training,processed/kaggle_normalized/Training/glioma/Tr-gl_927.npz,train
Tr-gl_782.npz,glioma,Training,processed/kaggle_normalized/Training/glioma/Tr-gl_782.npz,train
Tr-no_705.npz,notumor,Training,processed/kaggle_normalized/Training/notumor/Tr-no_705.npz,train
Tr-pi_235.npz,pituitary,Training,processed/kaggle_normalized/Training/pituitary/Tr-pi_235.npz,train
Tr-pi_471.npz,pituitary,Training,processed/kaggle_normalized/Training/pituitary/Tr-pi_471.npz,train
Tr-gl_729.npz,glioma,Training,processed/kaggle_normalized/Training/glioma/Tr-gl_729.npz,train
Tr-no_542.npz,notumor,Training,processed/kaggle_normalized/Training/notumor/Tr-no_542.npz,train
Tr-no_984.npz,notumor,Training,processed/kaggle_normalized/Training/notumor/Tr-no_984.npz,train
Tr-pi_561.npz,pituitary,Training,processed/kaggle_normalized/Training/pituitary/Tr-pi_561.npz,train
Tr-pi_866.npz,pituitary,Training,processed/kaggle_normalized/Training/pituitary/Tr-pi_866.npz,train
Tr-gl_1173.npz,glioma,Training,processed/kaggle_normalized/Training/glioma/Tr-gl_1173.npz,train
Tr-me_31.npz,meningioma,Training,processed/kaggle_normalized/Training/meningioma/Tr-me_31.npz,train
Tr-me_963.npz,meningioma,Training,processed/kaggle_normalized/Training/meningioma/Tr-me_963.npz,train
Tr-gl_1366.npz,glioma,Training,processed/kaggle_normalized/Training/glioma/Tr-gl_1366.npz,train
Tr-no_392.npz,notumor,Training,processed/kaggle_normalized/Training/notumor/Tr-no_392.npz,train
Tr-no_661.npz,notumor,Training,processed/kaggle_normalized/Training/notumor/Tr-no_661.npz,train
Tr-gl_420.npz,glioma,Training,processed/kaggle_normalized/Training/glioma/Tr-gl_420.npz,train
Tr-pi_504.npz,pituitary,Training,processed/kaggle_normalized/Training/pituitary/Tr-pi_504.npz,train
Tr-pi_1121.npz,pituitary,Training,processed/kaggle_normalized/Training/pituitary/Tr-pi_1121.npz,train
Tr-pi_952.npz,pituitary,Training,processed/kaggle_normalized/Training/pituitary/Tr-pi_952.npz,train
Tr-gl_570.npz,glioma,Training,processed/kaggle_normalized/Training/glioma/Tr-gl_570.npz,train
Tr-gl_797.npz,glioma,Training,processed/kaggle_normalized/Training/glioma/Tr-gl_797.npz,train
Tr-no_79.npz,notumor,Training,processed/kaggle_normalized/Training/notumor/Tr-no_79.npz,train
Tr-me_1162.npz,meningioma,Training,processed/kaggle_normalized/Training/meningioma/Tr-me_1162.npz,train
Tr-me_81.npz,meningioma,Training,processed/kaggle_normalized/Training/meningioma/Tr-me_81.npz,train
Tr-me_1300.npz,meningioma,Training,processed/kaggle_normalized/Training/meningioma/Tr-me_1300.npz,train
Tr-no_270.npz,notumor,Training,processed/kaggle_normalized/Training/notumor/Tr-no_270.npz,train
Tr-pi_862.npz,pituitary,Training,processed/kaggle_normalized/Training/pituitary/Tr-pi_862.npz,train
Tr-pi_597.npz,pituitary,Training,processed/kaggle_normalized/Training/pituitary/Tr-pi_597.npz,train
Tr-gl_920.npz,glioma,Training,processed/kaggle_normalized/Training/glioma/Tr-gl_920.npz,train
Tr-gl_91.npz,glioma,Training,processed/kaggle_normalized/Training/glioma/Tr-gl_91.npz,train
Tr-pi_1325.npz,pituitary,Training,processed/kaggle_normalized/Training/pituitary/Tr-pi_1325.npz,train
Tr-gl_606.npz,glioma,Training,processed/kaggle_normalized/Training/glioma/Tr-gl_606.npz,train
Tr-me_676.npz,meningioma,Training,processed/kaggle_normalized/Training/meningioma/Tr-me_676.npz,train
Tr-pi_1059.npz,pituitary,Training,processed/kaggle_normalized/Training/pituitary/Tr-pi_1059.npz,train
Tr-me_37.npz,meningioma,Training,processed/kaggle_normalized/Training/meningioma/Tr-me_37.npz,train
Tr-no_872.npz,notumor,Training,processed/kaggle_normalized/Training/notumor/Tr-no_872.npz,train
Tr-gl_736.npz,glioma,Training,processed/kaggle_normalized/Training/glioma/Tr-gl_736.npz,train
Tr-pi_959.npz,pituitary,Training,processed/kaggle_normalized/Training/pituitary/Tr-pi_959.npz,train
Tr-no_504.npz,notumor,Training,processed/kaggle_normalized/Training/notumor/Tr-no_504.npz,train
Tr-me_419.npz,meningioma,Training,processed/kaggle_normalized/Training/meningioma/Tr-me_419.npz,train
Tr-no_1251.npz,notumor,Training,processed/kaggle_normalized/Training/notumor/Tr-no_1251.npz,train
Tr-gl_371.npz,glioma,Training,processed/kaggle_normalized/Training/glioma/Tr-gl_371.npz,train
Tr-gl_672.npz,glioma,Training,processed/kaggle_normalized/Training/glioma/Tr-gl_672.npz,train
Tr-no_54.npz,notumor,Training,processed/kaggle_normalized/Training/notumor/Tr-no_54.npz,train
Tr-no_1197.npz,notumor,Training,processed/kaggle_normalized/Training/notumor/Tr-no_1197.npz,train
Tr-pi_245.npz,pituitary,Training,processed/kaggle_normalized/Training/pituitary/Tr-pi_245.npz,train
Tr-me_565.npz,meningioma,Training,processed/kaggle_normalized/Training/meningioma/Tr-me_565.npz,train
Tr-no_249.npz,notumor,Training,processed/kaggle_normalized/Training/notumor/Tr-no_249.npz,train
Tr-me_381.npz,meningioma,Training,processed/kaggle_normalized/Training/meningioma/Tr-me_381.npz,train
Tr-no_1271.npz,notumor,Training,processed/kaggle_normalized/Training/notumor/Tr-no_1271.npz,train
Tr-me_1260.npz,meningioma,Training,processed/kaggle_normalized/Training/meningioma/Tr-me_1260.npz,train
Tr-me_822.npz,meningioma,Training,processed/kaggle_normalized/Training/meningioma/Tr-me_822.npz,train
Tr-pi_636.npz,pituitary,Training,processed/kaggle_normalized/Training/pituitary/Tr-pi_636.npz,train
Tr-gl_1317.npz,glioma,Training,processed/kaggle_normalized/Training/glioma/Tr-gl_1317.npz,train
Tr-pi_26.npz,pituitary,Training,processed/kaggle_normalized/Training/pituitary/Tr-pi_26.npz,train
Tr-pi_71.npz,pituitary,Training,processed/kaggle_normalized/Training/pituitary/Tr-pi_71.npz,train
Tr-pi_616.npz,pituitary,Training,processed/kaggle_normalized/Training/pituitary/Tr-pi_616.npz,train
Tr-me_919.npz,meningioma,Training,processed/kaggle_normalized/Training/meningioma/Tr-me_919.npz,train
Tr-pi_620.npz,pituitary,Training,processed/kaggle_normalized/Training/pituitary/Tr-pi_620.npz,train
Tr-no_677.npz,notumor,Training,processed/kaggle_normalized/Training/notumor/Tr-no_677.npz,train
Tr-pi_1186.npz,pituitary,Training,processed/kaggle_normalized/Training/pituitary/Tr-pi_1186.npz,train
Tr-me_724.npz,meningioma,Training,processed/kaggle_normalized/Training/meningioma/Tr-me_724.npz,train
Tr-no_14.npz,notumor,Training,processed/kaggle_normalized/Training/notumor/Tr-no_14.npz,train
Tr-gl_261.npz,glioma,Training,processed/kaggle_normalized/Training/glioma/Tr-gl_261.npz,train
Tr-pi_181.npz,pituitary,Training,processed/kaggle_normalized/Training/pituitary/Tr-pi_181.npz,train
Tr-no_956.npz,notumor,Training,processed/kaggle_normalized/Training/notumor/Tr-no_956.npz,train
Tr-me_1121.npz,meningioma,Training,processed/kaggle_normalized/Training/meningioma/Tr-me_1121.npz,train
Tr-no_770.npz,notumor,Training,processed/kaggle_normalized/Training/notumor/Tr-no_770.npz,train
Tr-me_113.npz,meningioma,Training,processed/kaggle_normalized/Training/meningioma/Tr-me_113.npz,train
Tr-no_225.npz,notumor,Training,processed/kaggle_normalized/Training/notumor/Tr-no_225.npz,train
Tr-gl_563.npz,glioma,Training,processed/kaggle_normalized/Training/glioma/Tr-gl_563.npz,train
Tr-pi_1051.npz,pituitary,Training,processed/kaggle_normalized/Training/pituitary/Tr-pi_1051.npz,train
Tr-gl_1006.npz,glioma,Training,processed/kaggle_normalized/Training/glioma/Tr-gl_1006.npz,train
Tr-me_272.npz,meningioma,Training,processed/kaggle_normalized/Training/meningioma/Tr-me_272.npz,train
Tr-me_1205.npz,meningioma,Training,processed/kaggle_normalized/Training/meningioma/Tr-me_1205.npz,train
Tr-gl_826.npz,glioma,Training,processed/kaggle_normalized/Training/glioma/Tr-gl_826.npz,train
Tr-me_544.npz,meningioma,Training,processed/kaggle_normalized/Training/meningioma/Tr-me_544.npz,train
Tr-me_826.npz,meningioma,Training,processed/kaggle_normalized/Training/meningioma/Tr-me_826.npz,train
Tr-gl_1369.npz,glioma,Training,processed/kaggle_normalized/Training/glioma/Tr-gl_1369.npz,train
Tr-pi_1028.npz,pituitary,Training,processed/kaggle_normalized/Training/pituitary/Tr-pi_1028.npz,train
Tr-pi_1292.npz,pituitary,Training,processed/kaggle_normalized/Training/pituitary/Tr-pi_1292.npz,train
Tr-pi_214.npz,pituitary,Training,processed/kaggle_normalized/Training/pituitary/Tr-pi_214.npz,train
Tr-pi_198.npz,pituitary,Training,processed/kaggle_normalized/Training/pituitary/Tr-pi_198.npz,train
Tr-pi_1373.npz,pituitary,Training,processed/kaggle_normalized/Training/pituitary/Tr-pi_1373.npz,train
Tr-pi_315.npz,pituitary,Training,processed/kaggle_normalized/Training/pituitary/Tr-pi_315.npz,train
Tr-gl_642.npz,glioma,Training,processed/kaggle_normalized/Training/glioma/Tr-gl_642.npz,train
Tr-me_1073.npz,meningioma,Training,processed/kaggle_normalized/Training/meningioma/Tr-me_1073.npz,train
Tr-aug-me_26.npz,meningioma,Training,processed/kaggle_normalized/Training/meningioma/Tr-aug-me_26.npz,train
Tr-no_709.npz,notumor,Training,processed/kaggle_normalized/Training/notumor/Tr-no_709.npz,train
Tr-gl_434.npz,glioma,Training,processed/kaggle_normalized/Training/glioma/Tr-gl_434.npz,train
Tr-me_297.npz,meningioma,Training,processed/kaggle_normalized/Training/meningioma/Tr-me_297.npz,train
Tr-no_116.npz,notumor,Training,processed/kaggle_normalized/Training/notumor/Tr-no_116.npz,train
Tr-no_1077.npz,notumor,Training,processed/kaggle_normalized/Training/notumor/Tr-no_1077.npz,train
Tr-pi_649.npz,pituitary,Training,processed/kaggle_normalized/Training/pituitary/Tr-pi_649.npz,train
Tr-me_1175.npz,meningioma,Training,processed/kaggle_normalized/Training/meningioma/Tr-me_1175.npz,train
Tr-me_320.npz,meningioma,Training,processed/kaggle_normalized/Training/meningioma/Tr-me_320.npz,train
Tr-gl_67.npz,glioma,Training,processed/kaggle_normalized/Training/glioma/Tr-gl_67.npz,train
Tr-me_1008.npz,meningioma,Training,processed/kaggle_normalized/Training/meningioma/Tr-me_1008.npz,train
Tr-pi_1267.npz,pituitary,Training,processed/kaggle_normalized/Training/pituitary/Tr-pi_1267.npz,train
Tr-me_1174.npz,meningioma,Training,processed/kaggle_normalized/Training/meningioma/Tr-me_1174.npz,train
Tr-me_42.npz,meningioma,Training,processed/kaggle_normalized/Training/meningioma/Tr-me_42.npz,train
Tr-pi_786.npz,pituitary,Training,processed/kaggle_normalized/Training/pituitary/Tr-pi_786.npz,train
Tr-me_981.npz,meningioma,Training,processed/kaggle_normalized/Training/meningioma/Tr-me_981.npz,train
Tr-gl_216.npz,glioma,Training,processed/kaggle_normalized/Training/glioma/Tr-gl_216.npz,train
Tr-pi_1357.npz,pituitary,Training,processed/kaggle_normalized/Training/pituitary/Tr-pi_1357.npz,train
Tr-no_497.npz,notumor,Training,processed/kaggle_normalized/Training/notumor/Tr-no_497.npz,train
Tr-me_43.npz,meningioma,Training,processed/kaggle_normalized/Training/meningioma/Tr-me_43.npz,train
Tr-pi_352.npz,pituitary,Training,processed/kaggle_normalized/Training/pituitary/Tr-pi_352.npz,train
Tr-me_255.npz,meningioma,Training,processed/kaggle_normalized/Training/meningioma/Tr-me_255.npz,train
Tr-gl_1053.npz,glioma,Training,processed/kaggle_normalized/Training/glioma/Tr-gl_1053.npz,train
Tr-no_260.npz,notumor,Training,processed/kaggle_normalized/Training/notumor/Tr-no_260.npz,train
Tr-no_1134.npz,notumor,Training,processed/kaggle_normalized/Training/notumor/Tr-no_1134.npz,train
Tr-pi_792.npz,pituitary,Training,processed/kaggle_normalized/Training/pituitary/Tr-pi_792.npz,train
Tr-pi_1023.npz,pituitary,Training,processed/kaggle_normalized/Training/pituitary/Tr-pi_1023.npz,train
Tr-gl_733.npz,glioma,Training,processed/kaggle_normalized/Training/glioma/Tr-gl_733.npz,train
Tr-me_1169.npz,meningioma,Training,processed/kaggle_normalized/Training/meningioma/Tr-me_1169.npz,train
Tr-pi_1331.npz,pituitary,Training,processed/kaggle_normalized/Training/pituitary/Tr-pi_1331.npz,train
Tr-gl_676.npz,glioma,Training,processed/kaggle_normalized/Training/glioma/Tr-gl_676.npz,train
Tr-pi_951.npz,pituitary,Training,processed/kaggle_normalized/Training/pituitary/Tr-pi_951.npz,train
Tr-me_1241.npz,meningioma,Training,processed/kaggle_normalized/Training/meningioma/Tr-me_1241.npz,train
Tr-pi_486.npz,pituitary,Training,processed/kaggle_normalized/Training/pituitary/Tr-pi_486.npz,train
Tr-pi_1309.npz,pituitary,Training,processed/kaggle_normalized/Training/pituitary/Tr-pi_1309.npz,train
Tr-no_231.npz,notumor,Training,processed/kaggle_normalized/Training/notumor/Tr-no_231.npz,train
Tr-me_397.npz,meningioma,Training,processed/kaggle_normalized/Training/meningioma/Tr-me_397.npz,train
Tr-no_78.npz,notumor,Training,processed/kaggle_normalized/Training/notumor/Tr-no_78.npz,train
Tr-pi_975.npz,pituitary,Training,processed/kaggle_normalized/Training/pituitary/Tr-pi_975.npz,train
Tr-me_328.npz,meningioma,Training,processed/kaggle_normalized/Training/meningioma/Tr-me_328.npz,train
Tr-no_1267.npz,notumor,Training,processed/kaggle_normalized/Training/notumor/Tr-no_1267.npz,train
Tr-no_864.npz,notumor,Training,processed/kaggle_normalized/Training/notumor/Tr-no_864.npz,train
Tr-no_216.npz,notumor,Training,processed/kaggle_normalized/Training/notumor/Tr-no_216.npz,train
Tr-gl_1043.npz,glioma,Training,processed/kaggle_normalized/Training/glioma/Tr-gl_1043.npz,train
Tr-gl_1028.npz,glioma,Training,processed/kaggle_normalized/Training/glioma/Tr-gl_1028.npz,train
Tr-no_675.npz,notumor,Training,processed/kaggle_normalized/Training/notumor/Tr-no_675.npz,train
Tr-no_1360.npz,notumor,Training,processed/kaggle_normalized/Training/notumor/Tr-no_1360.npz,train
Tr-me_593.npz,meningioma,Training,processed/kaggle_normalized/Training/meningioma/Tr-me_593.npz,train
Tr-me_1159.npz,meningioma,Training,processed/kaggle_normalized/Training/meningioma/Tr-me_1159.npz,train
Tr-no_795.npz,notumor,Training,processed/kaggle_normalized/Training/notumor/Tr-no_795.npz,train
Tr-pi_581.npz,pituitary,Training,processed/kaggle_normalized/Training/pituitary/Tr-pi_581.npz,train
Tr-pi_1314.npz,pituitary,Training,processed/kaggle_normalized/Training/pituitary/Tr-pi_1314.npz,train
Tr-gl_1298.npz,glioma,Training,processed/kaggle_normalized/Training/glioma/Tr-gl_1298.npz,train
Tr-me_1206.npz,meningioma,Training,processed/kaggle_normalized/Training/meningioma/Tr-me_1206.npz,train
Tr-me_408.npz,meningioma,Training,processed/kaggle_normalized/Training/meningioma/Tr-me_408.npz,train
Tr-pi_1387.npz,pituitary,Training,processed/kaggle_normalized/Training/pituitary/Tr-pi_1387.npz,train
Tr-gl_534.npz,glioma,Training,processed/kaggle_normalized/Training/glioma/Tr-gl_534.npz,train
Tr-me_1024.npz,meningioma,Training,processed/kaggle_normalized/Training/meningioma/Tr-me_1024.npz,train
Tr-pi_152.npz,pituitary,Training,processed/kaggle_normalized/Training/pituitary/Tr-pi_152.npz,train
Tr-me_323.npz,meningioma,Training,processed/kaggle_normalized/Training/meningioma/Tr-me_323.npz,train
Tr-no_1366.npz,notumor,Training,processed/kaggle_normalized/Training/notumor/Tr-no_1366.npz,train
Tr-no_1350.npz,notumor,Training,processed/kaggle_normalized/Training/notumor/Tr-no_1350.npz,train
Tr-pi_1276.npz,pituitary,Training,processed/kaggle_normalized/Training/pituitary/Tr-pi_1276.npz,train
Tr-me_1033.npz,meningioma,Training,processed/kaggle_normalized/Training/meningioma/Tr-me_1033.npz,train
Tr-no_1088.npz,notumor,Training,processed/kaggle_normalized/Training/notumor/Tr-no_1088.npz,train
Tr-pi_1216.npz,pituitary,Training,processed/kaggle_normalized/Training/pituitary/Tr-pi_1216.npz,train
Tr-gl_14.npz,glioma,Training,processed/kaggle_normalized/Training/glioma/Tr-gl_14.npz,train
Tr-pi_981.npz,pituitary,Training,processed/kaggle_normalized/Training/pituitary/Tr-pi_981.npz,train
Tr-gl_1181.npz,glioma,Training,processed/kaggle_normalized/Training/glioma/Tr-gl_1181.npz,train
Tr-me_970.npz,meningioma,Training,processed/kaggle_normalized/Training/meningioma/Tr-me_970.npz,train
Tr-pi_238.npz,pituitary,Training,processed/kaggle_normalized/Training/pituitary/Tr-pi_238.npz,train
Tr-no_1113.npz,notumor,Training,processed/kaggle_normalized/Training/notumor/Tr-no_1113.npz,train
Tr-me_1099.npz,meningioma,Training,processed/kaggle_normalized/Training/meningioma/Tr-me_1099.npz,train
Tr-gl_1055.npz,glioma,Training,processed/kaggle_normalized/Training/glioma/Tr-gl_1055.npz,train
Tr-no_1344.npz,notumor,Training,processed/kaggle_normalized/Training/notumor/Tr-no_1344.npz,train
Tr-no_632.npz,notumor,Training,processed/kaggle_normalized/Training/notumor/Tr-no_632.npz,train
Tr-no_668.npz,notumor,Training,processed/kaggle_normalized/Training/notumor/Tr-no_668.npz,train
Tr-no_1024.npz,notumor,Training,processed/kaggle_normalized/Training/notumor/Tr-no_1024.npz,train
Tr-me_175.npz,meningioma,Training,processed/kaggle_normalized/Training/meningioma/Tr-me_175.npz,train
Tr-gl_318.npz,glioma,Training,processed/kaggle_normalized/Training/glioma/Tr-gl_318.npz,train
Tr-me_494.npz,meningioma,Training,processed/kaggle_normalized/Training/meningioma/Tr-me_494.npz,train
Tr-pi_806.npz,pituitary,Training,processed/kaggle_normalized/Training/pituitary/Tr-pi_806.npz,train
Tr-me_515.npz,meningioma,Training,processed/kaggle_normalized/Training/meningioma/Tr-me_515.npz,train
Tr-pi_1313.npz,pituitary,Training,processed/kaggle_normalized/Training/pituitary/Tr-pi_1313.npz,train
Tr-pi_884.npz,pituitary,Training,processed/kaggle_normalized/Training/pituitary/Tr-pi_884.npz,train
Tr-no_832.npz,notumor,Training,processed/kaggle_normalized/Training/notumor/Tr-no_832.npz,train
Tr-no_955.npz,notumor,Training,processed/kaggle_normalized/Training/notumor/Tr-no_955.npz,train
Tr-me_1215.npz,meningioma,Training,processed/kaggle_normalized/Training/meningioma/Tr-me_1215.npz,train
Tr-pi_132.npz,pituitary,Training,processed/kaggle_normalized/Training/pituitary/Tr-pi_132.npz,train
Tr-gl_553.npz,glioma,Training,processed/kaggle_normalized/Training/glioma/Tr-gl_553.npz,train
Tr-pi_140.npz,pituitary,Training,processed/kaggle_normalized/Training/pituitary/Tr-pi_140.npz,train
Tr-pi_2.npz,pituitary,Training,processed/kaggle_normalized/Training/pituitary/Tr-pi_2.npz,train
Tr-pi_219.npz,pituitary,Training,processed/kaggle_normalized/Training/pituitary/Tr-pi_219.npz,train
Tr-me_379.npz,meningioma,Training,processed/kaggle_normalized/Training/meningioma/Tr-me_379.npz,train
Tr-no_1091.npz,notumor,Training,processed/kaggle_normalized/Training/notumor/Tr-no_1091.npz,train
Tr-gl_1261.npz,glioma,Training,processed/kaggle_normalized/Training/glioma/Tr-gl_1261.npz,train
Tr-me_262.npz,meningioma,Training,processed/kaggle_normalized/Training/meningioma/Tr-me_262.npz,train
Tr-no_693.npz,notumor,Training,processed/kaggle_normalized/Training/notumor/Tr-no_693.npz,train
Tr-me_643.npz,meningioma,Training,processed/kaggle_normalized/Training/meningioma/Tr-me_643.npz,train
Tr-pi_1242.npz,pituitary,Training,processed/kaggle_normalized/Training/pituitary/Tr-pi_1242.npz,train
Tr-gl_1365.npz,glioma,Training,processed/kaggle_normalized/Training/glioma/Tr-gl_1365.npz,train
Tr-no_742.npz,notumor,Training,processed/kaggle_normalized/Training/notumor/Tr-no_742.npz,train
Tr-gl_747.npz,glioma,Training,processed/kaggle_normalized/Training/glioma/Tr-gl_747.npz,train
Tr-gl_796.npz,glioma,Training,processed/kaggle_normalized/Training/glioma/Tr-gl_796.npz,train
Tr-aug-me_32.npz,meningioma,Training,processed/kaggle_normalized/Training/meningioma/Tr-aug-me_32.npz,train
Tr-no_75.npz,notumor,Training,processed/kaggle_normalized/Training/notumor/Tr-no_75.npz,train
Tr-pi_583.npz,pituitary,Training,processed/kaggle_normalized/Training/pituitary/Tr-pi_583.npz,train
Tr-no_1381.npz,notumor,Training,processed/kaggle_normalized/Training/notumor/Tr-no_1381.npz,train
Tr-pi_131.npz,pituitary,Training,processed/kaggle_normalized/Training/pituitary/Tr-pi_131.npz,train
Tr-me_1009.npz,meningioma,Training,processed/kaggle_normalized/Training/meningioma/Tr-me_1009.npz,train
Tr-pi_406.npz,pituitary,Training,processed/kaggle_normalized/Training/pituitary/Tr-pi_406.npz,train
Tr-no_1141.npz,notumor,Training,processed/kaggle_normalized/Training/notumor/Tr-no_1141.npz,train
Tr-gl_1265.npz,glioma,Training,processed/kaggle_normalized/Training/glioma/Tr-gl_1265.npz,train
Tr-me_774.npz,meningioma,Training,processed/kaggle_normalized/Training/meningioma/Tr-me_774.npz,train
Tr-gl_1161.npz,glioma,Training,processed/kaggle_normalized/Training/glioma/Tr-gl_1161.npz,train
Tr-no_784.npz,notumor,Training,processed/kaggle_normalized/Training/notumor/Tr-no_784.npz,train
Tr-no_1269.npz,notumor,Training,processed/kaggle_normalized/Training/notumor/Tr-no_1269.npz,train
Tr-gl_326.npz,glioma,Training,processed/kaggle_normalized/Training/glioma/Tr-gl_326.npz,train
Tr-me_111.npz,meningioma,Training,processed/kaggle_normalized/Training/meningioma/Tr-me_111.npz,train
Tr-me_559.npz,meningioma,Training,processed/kaggle_normalized/Training/meningioma/Tr-me_559.npz,train
Tr-pi_947.npz,pituitary,Training,processed/kaggle_normalized/Training/pituitary/Tr-pi_947.npz,train
Tr-no_383.npz,notumor,Training,processed/kaggle_normalized/Training/notumor/Tr-no_383.npz,train
Tr-aug-me_62.npz,meningioma,Training,processed/kaggle_normalized/Training/meningioma/Tr-aug-me_62.npz,train
Tr-pi_756.npz,pituitary,Training,processed/kaggle_normalized/Training/pituitary/Tr-pi_756.npz,train
Tr-me_911.npz,meningioma,Training,processed/kaggle_normalized/Training/meningioma/Tr-me_911.npz,train
Tr-no_1208.npz,notumor,Training,processed/kaggle_normalized/Training/notumor/Tr-no_1208.npz,train
Tr-pi_672.npz,pituitary,Training,processed/kaggle_normalized/Training/pituitary/Tr-pi_672.npz,train
Tr-me_360.npz,meningioma,Training,processed/kaggle_normalized/Training/meningioma/Tr-me_360.npz,train
Tr-pi_754.npz,pituitary,Training,processed/kaggle_normalized/Training/pituitary/Tr-pi_754.npz,train
Tr-no_339.npz,notumor,Training,processed/kaggle_normalized/Training/notumor/Tr-no_339.npz,train
Tr-gl_960.npz,glioma,Training,processed/kaggle_normalized/Training/glioma/Tr-gl_960.npz,train
Tr-pi_639.npz,pituitary,Training,processed/kaggle_normalized/Training/pituitary/Tr-pi_639.npz,train
Tr-me_155.npz,meningioma,Training,processed/kaggle_normalized/Training/meningioma/Tr-me_155.npz,train
Tr-me_1122.npz,meningioma,Training,processed/kaggle_normalized/Training/meningioma/Tr-me_1122.npz,train
Tr-me_1130.npz,meningioma,Training,processed/kaggle_normalized/Training/meningioma/Tr-me_1130.npz,train
Tr-pi_1367.npz,pituitary,Training,processed/kaggle_normalized/Training/pituitary/Tr-pi_1367.npz,train
Tr-gl_1390.npz,glioma,Training,processed/kaggle_normalized/Training/glioma/Tr-gl_1390.npz,train
Tr-pi_170.npz,pituitary,Training,processed/kaggle_normalized/Training/pituitary/Tr-pi_170.npz,train
Tr-pi_24.npz,pituitary,Training,processed/kaggle_normalized/Training/pituitary/Tr-pi_24.npz,train
Tr-no_306.npz,notumor,Training,processed/kaggle_normalized/Training/notumor/Tr-no_306.npz,train
Tr-me_851.npz,meningioma,Training,processed/kaggle_normalized/Training/meningioma/Tr-me_851.npz,train
Tr-me_894.npz,meningioma,Training,processed/kaggle_normalized/Training/meningioma/Tr-me_894.npz,train
Tr-me_986.npz,meningioma,Training,processed/kaggle_normalized/Training/meningioma/Tr-me_986.npz,train
Tr-no_1216.npz,notumor,Training,processed/kaggle_normalized/Training/notumor/Tr-no_1216.npz,train
Tr-me_607.npz,meningioma,Training,processed/kaggle_normalized/Training/meningioma/Tr-me_607.npz,train
Tr-pi_960.npz,pituitary,Training,processed/kaggle_normalized/Training/pituitary/Tr-pi_960.npz,train
Tr-me_658.npz,meningioma,Training,processed/kaggle_normalized/Training/meningioma/Tr-me_658.npz,train
Tr-pi_229.npz,pituitary,Training,processed/kaggle_normalized/Training/pituitary/Tr-pi_229.npz,train
Tr-aug-me_59.npz,meningioma,Training,processed/kaggle_normalized/Training/meningioma/Tr-aug-me_59.npz,train
Tr-gl_883.npz,glioma,Training,processed/kaggle_normalized/Training/glioma/Tr-gl_883.npz,train
Tr-me_238.npz,meningioma,Training,processed/kaggle_normalized/Training/meningioma/Tr-me_238.npz,train
Tr-gl_164.npz,glioma,Training,processed/kaggle_normalized/Training/glioma/Tr-gl_164.npz,train
Tr-pi_626.npz,pituitary,Training,processed/kaggle_normalized/Training/pituitary/Tr-pi_626.npz,train
Tr-me_296.npz,meningioma,Training,processed/kaggle_normalized/Training/meningioma/Tr-me_296.npz,train
Tr-pi_501.npz,pituitary,Training,processed/kaggle_normalized/Training/pituitary/Tr-pi_501.npz,train
Tr-no_1065.npz,notumor,Training,processed/kaggle_normalized/Training/notumor/Tr-no_1065.npz,train
Tr-no_1311.npz,notumor,Training,processed/kaggle_normalized/Training/notumor/Tr-no_1311.npz,train
Tr-gl_734.npz,glioma,Training,processed/kaggle_normalized/Training/glioma/Tr-gl_734.npz,train
Tr-me_62.npz,meningioma,Training,processed/kaggle_normalized/Training/meningioma/Tr-me_62.npz,train
Tr-gl_791.npz,glioma,Training,processed/kaggle_normalized/Training/glioma/Tr-gl_791.npz,train
Tr-aug-me_92.npz,meningioma,Training,processed/kaggle_normalized/Training/meningioma/Tr-aug-me_92.npz,train
Tr-pi_458.npz,pituitary,Training,processed/kaggle_normalized/Training/pituitary/Tr-pi_458.npz,train
Tr-gl_1243.npz,glioma,Training,processed/kaggle_normalized/Training/glioma/Tr-gl_1243.npz,train
Tr-no_786.npz,notumor,Training,processed/kaggle_normalized/Training/notumor/Tr-no_786.npz,train
Tr-no_893.npz,notumor,Training,processed/kaggle_normalized/Training/notumor/Tr-no_893.npz,train
Tr-gl_336.npz,glioma,Training,processed/kaggle_normalized/Training/glioma/Tr-gl_336.npz,train
Tr-pi_907.npz,pituitary,Training,processed/kaggle_normalized/Training/pituitary/Tr-pi_907.npz,train
Tr-no_293.npz,notumor,Training,processed/kaggle_normalized/Training/notumor/Tr-no_293.npz,train
Tr-pi_49.npz,pituitary,Training,processed/kaggle_normalized/Training/pituitary/Tr-pi_49.npz,train
Tr-gl_109.npz,glioma,Training,processed/kaggle_normalized/Training/glioma/Tr-gl_109.npz,train
Tr-gl_717.npz,glioma,Training,processed/kaggle_normalized/Training/glioma/Tr-gl_717.npz,train
Tr-no_464.npz,notumor,Training,processed/kaggle_normalized/Training/notumor/Tr-no_464.npz,train
Tr-me_1178.npz,meningioma,Training,processed/kaggle_normalized/Training/meningioma/Tr-me_1178.npz,train
Tr-me_138.npz,meningioma,Training,processed/kaggle_normalized/Training/meningioma/Tr-me_138.npz,train
Tr-gl_566.npz,glioma,Training,processed/kaggle_normalized/Training/glioma/Tr-gl_566.npz,train
Tr-pi_148.npz,pituitary,Training,processed/kaggle_normalized/Training/pituitary/Tr-pi_148.npz,train
Tr-gl_1207.npz,glioma,Training,processed/kaggle_normalized/Training/glioma/Tr-gl_1207.npz,train
Tr-pi_247.npz,pituitary,Training,processed/kaggle_normalized/Training/pituitary/Tr-pi_247.npz,train
Tr-no_327.npz,notumor,Training,processed/kaggle_normalized/Training/notumor/Tr-no_327.npz,train
Tr-me_102.npz,meningioma,Training,processed/kaggle_normalized/Training/meningioma/Tr-me_102.npz,train
Tr-pi_222.npz,pituitary,Training,processed/kaggle_normalized/Training/pituitary/Tr-pi_222.npz,train
Tr-gl_1009.npz,glioma,Training,processed/kaggle_normalized/Training/glioma/Tr-gl_1009.npz,train
Tr-no_585.npz,notumor,Training,processed/kaggle_normalized/Training/notumor/Tr-no_585.npz,train
Tr-no_988.npz,notumor,Training,processed/kaggle_normalized/Training/notumor/Tr-no_988.npz,train
Tr-pi_178.npz,pituitary,Training,processed/kaggle_normalized/Training/pituitary/Tr-pi_178.npz,train
Tr-gl_416.npz,glioma,Training,processed/kaggle_normalized/Training/glioma/Tr-gl_416.npz,train
Tr-gl_846.npz,glioma,Training,processed/kaggle_normalized/Training/glioma/Tr-gl_846.npz,train
Tr-me_1063.npz,meningioma,Training,processed/kaggle_normalized/Training/meningioma/Tr-me_1063.npz,train
Tr-gl_990.npz,glioma,Training,processed/kaggle_normalized/Training/glioma/Tr-gl_990.npz,train
Tr-gl_340.npz,glioma,Training,processed/kaggle_normalized/Training/glioma/Tr-gl_340.npz,train
Tr-me_657.npz,meningioma,Training,processed/kaggle_normalized/Training/meningioma/Tr-me_657.npz,train
Tr-pi_446.npz,pituitary,Training,processed/kaggle_normalized/Training/pituitary/Tr-pi_446.npz,train
Tr-pi_735.npz,pituitary,Training,processed/kaggle_normalized/Training/pituitary/Tr-pi_735.npz,train
Tr-me_1072.npz,meningioma,Training,processed/kaggle_normalized/Training/meningioma/Tr-me_1072.npz,train
Tr-no_800.npz,notumor,Training,processed/kaggle_normalized/Training/notumor/Tr-no_800.npz,train
Tr-no_111.npz,notumor,Training,processed/kaggle_normalized/Training/notumor/Tr-no_111.npz,train
Tr-no_665.npz,notumor,Training,processed/kaggle_normalized/Training/notumor/Tr-no_665.npz,train
Tr-me_1045.npz,meningioma,Training,processed/kaggle_normalized/Training/meningioma/Tr-me_1045.npz,train
Tr-me_363.npz,meningioma,Training,processed/kaggle_normalized/Training/meningioma/Tr-me_363.npz,train
Tr-no_1076.npz,notumor,Training,processed/kaggle_normalized/Training/notumor/Tr-no_1076.npz,train
Tr-me_427.npz,meningioma,Training,processed/kaggle_normalized/Training/meningioma/Tr-me_427.npz,train
Tr-no_1397.npz,notumor,Training,processed/kaggle_normalized/Training/notumor/Tr-no_1397.npz,train
Tr-gl_1399.npz,glioma,Training,processed/kaggle_normalized/Training/glioma/Tr-gl_1399.npz,train
Tr-me_998.npz,meningioma,Training,processed/kaggle_normalized/Training/meningioma/Tr-me_998.npz,train
Tr-gl_632.npz,glioma,Training,processed/kaggle_normalized/Training/glioma/Tr-gl_632.npz,train
Tr-me_395.npz,meningioma,Training,processed/kaggle_normalized/Training/meningioma/Tr-me_395.npz,train
Tr-me_80.npz,meningioma,Training,processed/kaggle_normalized/Training/meningioma/Tr-me_80.npz,train
Tr-me_1281.npz,meningioma,Training,processed/kaggle_normalized/Training/meningioma/Tr-me_1281.npz,train
Tr-no_114.npz,notumor,Training,processed/kaggle_normalized/Training/notumor/Tr-no_114.npz,train
Tr-gl_471.npz,glioma,Training,processed/kaggle_normalized/Training/glioma/Tr-gl_471.npz,train
Tr-gl_1095.npz,glioma,Training,processed/kaggle_normalized/Training/glioma/Tr-gl_1095.npz,train
Tr-pi_623.npz,pituitary,Training,processed/kaggle_normalized/Training/pituitary/Tr-pi_623.npz,train
Tr-gl_973.npz,glioma,Training,processed/kaggle_normalized/Training/glioma/Tr-gl_973.npz,train
Tr-no_139.npz,notumor,Training,processed/kaggle_normalized/Training/notumor/Tr-no_139.npz,train
Tr-me_1000.npz,meningioma,Training,processed/kaggle_normalized/Training/meningioma/Tr-me_1000.npz,train
Tr-pi_1040.npz,pituitary,Training,processed/kaggle_normalized/Training/pituitary/Tr-pi_1040.npz,train
Tr-me_1094.npz,meningioma,Training,processed/kaggle_normalized/Training/meningioma/Tr-me_1094.npz,train
Tr-me_487.npz,meningioma,Training,processed/kaggle_normalized/Training/meningioma/Tr-me_487.npz,train
Tr-me_405.npz,meningioma,Training,processed/kaggle_normalized/Training/meningioma/Tr-me_405.npz,train
Tr-gl_1154.npz,glioma,Training,processed/kaggle_normalized/Training/glioma/Tr-gl_1154.npz,train
Tr-gl_875.npz,glioma,Training,processed/kaggle_normalized/Training/glioma/Tr-gl_875.npz,train
Tr-me_594.npz,meningioma,Training,processed/kaggle_normalized/Training/meningioma/Tr-me_594.npz,train
Tr-gl_759.npz,glioma,Training,processed/kaggle_normalized/Training/glioma/Tr-gl_759.npz,train
Tr-pi_910.npz,pituitary,Training,processed/kaggle_normalized/Training/pituitary/Tr-pi_910.npz,train
Tr-gl_251.npz,glioma,Training,processed/kaggle_normalized/Training/glioma/Tr-gl_251.npz,train
Tr-gl_774.npz,glioma,Training,processed/kaggle_normalized/Training/glioma/Tr-gl_774.npz,train
Tr-me_128.npz,meningioma,Training,processed/kaggle_normalized/Training/meningioma/Tr-me_128.npz,train
Tr-me_868.npz,meningioma,Training,processed/kaggle_normalized/Training/meningioma/Tr-me_868.npz,train
Tr-no_234.npz,notumor,Training,processed/kaggle_normalized/Training/notumor/Tr-no_234.npz,train
Tr-pi_469.npz,pituitary,Training,processed/kaggle_normalized/Training/pituitary/Tr-pi_469.npz,train
Tr-me_654.npz,meningioma,Training,processed/kaggle_normalized/Training/meningioma/Tr-me_654.npz,train
Tr-gl_1227.npz,glioma,Training,processed/kaggle_normalized/Training/glioma/Tr-gl_1227.npz,train
Tr-no_26.npz,notumor,Training,processed/kaggle_normalized/Training/notumor/Tr-no_26.npz,train
Tr-pi_407.npz,pituitary,Training,processed/kaggle_normalized/Training/pituitary/Tr-pi_407.npz,train
Tr-me_710.npz,meningioma,Training,processed/kaggle_normalized/Training/meningioma/Tr-me_710.npz,train
Tr-pi_783.npz,pituitary,Training,processed/kaggle_normalized/Training/pituitary/Tr-pi_783.npz,train
Tr-no_72.npz,notumor,Training,processed/kaggle_normalized/Training/notumor/Tr-no_72.npz,train
Tr-me_1243.npz,meningioma,Training,processed/kaggle_normalized/Training/meningioma/Tr-me_1243.npz,train
Tr-gl_1238.npz,glioma,Training,processed/kaggle_normalized/Training/glioma/Tr-gl_1238.npz,train
Tr-no_833.npz,notumor,Training,processed/kaggle_normalized/Training/notumor/Tr-no_833.npz,train
Tr-gl_322.npz,glioma,Training,processed/kaggle_normalized/Training/glioma/Tr-gl_322.npz,train
Tr-me_103.npz,meningioma,Training,processed/kaggle_normalized/Training/meningioma/Tr-me_103.npz,train
Tr-gl_1072.npz,glioma,Training,processed/kaggle_normalized/Training/glioma/Tr-gl_1072.npz,train
Tr-me_880.npz,meningioma,Training,processed/kaggle_normalized/Training/meningioma/Tr-me_880.npz,train
Tr-me_353.npz,meningioma,Training,processed/kaggle_normalized/Training/meningioma/Tr-me_353.npz,train
Tr-pi_969.npz,pituitary,Training,processed/kaggle_normalized/Training/pituitary/Tr-pi_969.npz,train
Tr-pi_1300.npz,pituitary,Training,processed/kaggle_normalized/Training/pituitary/Tr-pi_1300.npz,train
Tr-pi_867.npz,pituitary,Training,processed/kaggle_normalized/Training/pituitary/Tr-pi_867.npz,train
Tr-no_643.npz,notumor,Training,processed/kaggle_normalized/Training/notumor/Tr-no_643.npz,train
Tr-gl_1189.npz,glioma,Training,processed/kaggle_normalized/Training/glioma/Tr-gl_1189.npz,train
Tr-pi_1320.npz,pituitary,Training,processed/kaggle_normalized/Training/pituitary/Tr-pi_1320.npz,train
Tr-pi_815.npz,pituitary,Training,processed/kaggle_normalized/Training/pituitary/Tr-pi_815.npz,train
Tr-me_776.npz,meningioma,Training,processed/kaggle_normalized/Training/meningioma/Tr-me_776.npz,train
Tr-gl_129.npz,glioma,Training,processed/kaggle_normalized/Training/glioma/Tr-gl_129.npz,train
Tr-me_340.npz,meningioma,Training,processed/kaggle_normalized/Training/meningioma/Tr-me_340.npz,train
Tr-gl_996.npz,glioma,Training,processed/kaggle_normalized/Training/glioma/Tr-gl_996.npz,train
Tr-no_511.npz,notumor,Training,processed/kaggle_normalized/Training/notumor/Tr-no_511.npz,train
Tr-pi_355.npz,pituitary,Training,processed/kaggle_normalized/Training/pituitary/Tr-pi_355.npz,train
Tr-gl_230.npz,glioma,Training,processed/kaggle_normalized/Training/glioma/Tr-gl_230.npz,train
Tr-pi_915.npz,pituitary,Training,processed/kaggle_normalized/Training/pituitary/Tr-pi_915.npz,train
Tr-me_299.npz,meningioma,Training,processed/kaggle_normalized/Training/meningioma/Tr-me_299.npz,train
Tr-me_969.npz,meningioma,Training,processed/kaggle_normalized/Training/meningioma/Tr-me_969.npz,train
Tr-gl_751.npz,glioma,Training,processed/kaggle_normalized/Training/glioma/Tr-gl_751.npz,train
Tr-gl_1123.npz,glioma,Training,processed/kaggle_normalized/Training/glioma/Tr-gl_1123.npz,train
Tr-gl_1070.npz,glioma,Training,processed/kaggle_normalized/Training/glioma/Tr-gl_1070.npz,train
Tr-gl_90.npz,glioma,Training,processed/kaggle_normalized/Training/glioma/Tr-gl_90.npz,train
Tr-me_834.npz,meningioma,Training,processed/kaggle_normalized/Training/meningioma/Tr-me_834.npz,train
Tr-gl_422.npz,glioma,Training,processed/kaggle_normalized/Training/glioma/Tr-gl_422.npz,train
Tr-me_603.npz,meningioma,Training,processed/kaggle_normalized/Training/meningioma/Tr-me_603.npz,train
Tr-no_1019.npz,notumor,Training,processed/kaggle_normalized/Training/notumor/Tr-no_1019.npz,train
Tr-gl_1103.npz,glioma,Training,processed/kaggle_normalized/Training/glioma/Tr-gl_1103.npz,train
Tr-pi_770.npz,pituitary,Training,processed/kaggle_normalized/Training/pituitary/Tr-pi_770.npz,train
Tr-gl_863.npz,glioma,Training,processed/kaggle_normalized/Training/glioma/Tr-gl_863.npz,train
Tr-me_348.npz,meningioma,Training,processed/kaggle_normalized/Training/meningioma/Tr-me_348.npz,train
Tr-me_723.npz,meningioma,Training,processed/kaggle_normalized/Training/meningioma/Tr-me_723.npz,train
Tr-pi_278.npz,pituitary,Training,processed/kaggle_normalized/Training/pituitary/Tr-pi_278.npz,train
Tr-me_1037.npz,meningioma,Training,processed/kaggle_normalized/Training/meningioma/Tr-me_1037.npz,train
Tr-pi_1366.npz,pituitary,Training,processed/kaggle_normalized/Training/pituitary/Tr-pi_1366.npz,train
Tr-no_1123.npz,notumor,Training,processed/kaggle_normalized/Training/notumor/Tr-no_1123.npz,train
Tr-gl_240.npz,glioma,Training,processed/kaggle_normalized/Training/glioma/Tr-gl_240.npz,train
Tr-gl_1393.npz,glioma,Training,processed/kaggle_normalized/Training/glioma/Tr-gl_1393.npz,train
Tr-gl_1245.npz,glioma,Training,processed/kaggle_normalized/Training/glioma/Tr-gl_1245.npz,train
Tr-no_841.npz,notumor,Training,processed/kaggle_normalized/Training/notumor/Tr-no_841.npz,train
Tr-gl_568.npz,glioma,Training,processed/kaggle_normalized/Training/glioma/Tr-gl_568.npz,train
Tr-no_1102.npz,notumor,Training,processed/kaggle_normalized/Training/notumor/Tr-no_1102.npz,train
Tr-no_779.npz,notumor,Training,processed/kaggle_normalized/Training/notumor/Tr-no_779.npz,train
Tr-me_370.npz,meningioma,Training,processed/kaggle_normalized/Training/meningioma/Tr-me_370.npz,train
Tr-no_1288.npz,notumor,Training,processed/kaggle_normalized/Training/notumor/Tr-no_1288.npz,train
Tr-gl_381.npz,glioma,Training,processed/kaggle_normalized/Training/glioma/Tr-gl_381.npz,train
Tr-gl_930.npz,glioma,Training,processed/kaggle_normalized/Training/glioma/Tr-gl_930.npz,train
Tr-pi_456.npz,pituitary,Training,processed/kaggle_normalized/Training/pituitary/Tr-pi_456.npz,train
Tr-no_1217.npz,notumor,Training,processed/kaggle_normalized/Training/notumor/Tr-no_1217.npz,train
Tr-no_135.npz,notumor,Training,processed/kaggle_normalized/Training/notumor/Tr-no_135.npz,train
Tr-gl_161.npz,glioma,Training,processed/kaggle_normalized/Training/glioma/Tr-gl_161.npz,train
Tr-gl_745.npz,glioma,Training,processed/kaggle_normalized/Training/glioma/Tr-gl_745.npz,train
Tr-gl_1047.npz,glioma,Training,processed/kaggle_normalized/Training/glioma/Tr-gl_1047.npz,train
Tr-gl_452.npz,glioma,Training,processed/kaggle_normalized/Training/glioma/Tr-gl_452.npz,train
Tr-pi_419.npz,pituitary,Training,processed/kaggle_normalized/Training/pituitary/Tr-pi_419.npz,train
Tr-gl_866.npz,glioma,Training,processed/kaggle_normalized/Training/glioma/Tr-gl_866.npz,train
Tr-no_1054.npz,notumor,Training,processed/kaggle_normalized/Training/notumor/Tr-no_1054.npz,train
Tr-pi_1070.npz,pituitary,Training,processed/kaggle_normalized/Training/pituitary/Tr-pi_1070.npz,train
Tr-no_728.npz,notumor,Training,processed/kaggle_normalized/Training/notumor/Tr-no_728.npz,train
Tr-gl_837.npz,glioma,Training,processed/kaggle_normalized/Training/glioma/Tr-gl_837.npz,train
Tr-gl_603.npz,glioma,Training,processed/kaggle_normalized/Training/glioma/Tr-gl_603.npz,train
Tr-pi_332.npz,pituitary,Training,processed/kaggle_normalized/Training/pituitary/Tr-pi_332.npz,train
Tr-aug-me_3.npz,meningioma,Training,processed/kaggle_normalized/Training/meningioma/Tr-aug-me_3.npz,train
Tr-pi_338.npz,pituitary,Training,processed/kaggle_normalized/Training/pituitary/Tr-pi_338.npz,train
Tr-pi_758.npz,pituitary,Training,processed/kaggle_normalized/Training/pituitary/Tr-pi_758.npz,train
Tr-gl_981.npz,glioma,Training,processed/kaggle_normalized/Training/glioma/Tr-gl_981.npz,train
Tr-gl_1190.npz,glioma,Training,processed/kaggle_normalized/Training/glioma/Tr-gl_1190.npz,train
Tr-aug-me_50.npz,meningioma,Training,processed/kaggle_normalized/Training/meningioma/Tr-aug-me_50.npz,train
Tr-me_142.npz,meningioma,Training,processed/kaggle_normalized/Training/meningioma/Tr-me_142.npz,train
Tr-gl_468.npz,glioma,Training,processed/kaggle_normalized/Training/glioma/Tr-gl_468.npz,train
Tr-pi_1060.npz,pituitary,Training,processed/kaggle_normalized/Training/pituitary/Tr-pi_1060.npz,train
Tr-pi_349.npz,pituitary,Training,processed/kaggle_normalized/Training/pituitary/Tr-pi_349.npz,train
Tr-me_1022.npz,meningioma,Training,processed/kaggle_normalized/Training/meningioma/Tr-me_1022.npz,train
Tr-pi_521.npz,pituitary,Training,processed/kaggle_normalized/Training/pituitary/Tr-pi_521.npz,train
Tr-me_1274.npz,meningioma,Training,processed/kaggle_normalized/Training/meningioma/Tr-me_1274.npz,train
Tr-me_897.npz,meningioma,Training,processed/kaggle_normalized/Training/meningioma/Tr-me_897.npz,train
Tr-pi_1294.npz,pituitary,Training,processed/kaggle_normalized/Training/pituitary/Tr-pi_1294.npz,train
Tr-pi_345.npz,pituitary,Training,processed/kaggle_normalized/Training/pituitary/Tr-pi_345.npz,train
Tr-pi_363.npz,pituitary,Training,processed/kaggle_normalized/Training/pituitary/Tr-pi_363.npz,train
Tr-gl_1385.npz,glioma,Training,processed/kaggle_normalized/Training/glioma/Tr-gl_1385.npz,train
Tr-gl_1140.npz,glioma,Training,processed/kaggle_normalized/Training/glioma/Tr-gl_1140.npz,train
Tr-me_1105.npz,meningioma,Training,processed/kaggle_normalized/Training/meningioma/Tr-me_1105.npz,train
Tr-pi_514.npz,pituitary,Training,processed/kaggle_normalized/Training/pituitary/Tr-pi_514.npz,train
Tr-me_1137.npz,meningioma,Training,processed/kaggle_normalized/Training/meningioma/Tr-me_1137.npz,train
Tr-aug-me_45.npz,meningioma,Training,processed/kaggle_normalized/Training/meningioma/Tr-aug-me_45.npz,train
Tr-me_336.npz,meningioma,Training,processed/kaggle_normalized/Training/meningioma/Tr-me_336.npz,train
Tr-gl_911.npz,glioma,Training,processed/kaggle_normalized/Training/glioma/Tr-gl_911.npz,train
Tr-no_242.npz,notumor,Training,processed/kaggle_normalized/Training/notumor/Tr-no_242.npz,train
Tr-me_1287.npz,meningioma,Training,processed/kaggle_normalized/Training/meningioma/Tr-me_1287.npz,train
Tr-no_875.npz,notumor,Training,processed/kaggle_normalized/Training/notumor/Tr-no_875.npz,train
Tr-no_449.npz,notumor,Training,processed/kaggle_normalized/Training/notumor/Tr-no_449.npz,train
Tr-no_895.npz,notumor,Training,processed/kaggle_normalized/Training/notumor/Tr-no_895.npz,train
Tr-no_593.npz,notumor,Training,processed/kaggle_normalized/Training/notumor/Tr-no_593.npz,train
Tr-me_962.npz,meningioma,Training,processed/kaggle_normalized/Training/meningioma/Tr-me_962.npz,train
Tr-pi_417.npz,pituitary,Training,processed/kaggle_normalized/Training/pituitary/Tr-pi_417.npz,train
Tr-pi_784.npz,pituitary,Training,processed/kaggle_normalized/Training/pituitary/Tr-pi_784.npz,train
Tr-no_347.npz,notumor,Training,processed/kaggle_normalized/Training/notumor/Tr-no_347.npz,train
Tr-pi_326.npz,pituitary,Training,processed/kaggle_normalized/Training/pituitary/Tr-pi_326.npz,train
Tr-pi_1239.npz,pituitary,Training,processed/kaggle_normalized/Training/pituitary/Tr-pi_1239.npz,train
Tr-gl_1170.npz,glioma,Training,processed/kaggle_normalized/Training/glioma/Tr-gl_1170.npz,train
Tr-gl_652.npz,glioma,Training,processed/kaggle_normalized/Training/glioma/Tr-gl_652.npz,train
Tr-pi_495.npz,pituitary,Training,processed/kaggle_normalized/Training/pituitary/Tr-pi_495.npz,train
Tr-gl_124.npz,glioma,Training,processed/kaggle_normalized/Training/glioma/Tr-gl_124.npz,train
Tr-pi_606.npz,pituitary,Training,processed/kaggle_normalized/Training/pituitary/Tr-pi_606.npz,train
Tr-gl_1144.npz,glioma,Training,processed/kaggle_normalized/Training/glioma/Tr-gl_1144.npz,train
Tr-no_919.npz,notumor,Training,processed/kaggle_normalized/Training/notumor/Tr-no_919.npz,train
Tr-me_769.npz,meningioma,Training,processed/kaggle_normalized/Training/meningioma/Tr-me_769.npz,train
Tr-pi_542.npz,pituitary,Training,processed/kaggle_normalized/Training/pituitary/Tr-pi_542.npz,train
Tr-no_179.npz,notumor,Training,processed/kaggle_normalized/Training/notumor/Tr-no_179.npz,train
Tr-pi_1001.npz,pituitary,Training,processed/kaggle_normalized/Training/pituitary/Tr-pi_1001.npz,train
Tr-me_326.npz,meningioma,Training,processed/kaggle_normalized/Training/meningioma/Tr-me_326.npz,train
Tr-me_216.npz,meningioma,Training,processed/kaggle_normalized/Training/meningioma/Tr-me_216.npz,train
Tr-me_817.npz,meningioma,Training,processed/kaggle_normalized/Training/meningioma/Tr-me_817.npz,train
Tr-me_41.npz,meningioma,Training,processed/kaggle_normalized/Training/meningioma/Tr-me_41.npz,train
Tr-pi_704.npz,pituitary,Training,processed/kaggle_normalized/Training/pituitary/Tr-pi_704.npz,train
Tr-gl_140.npz,glioma,Training,processed/kaggle_normalized/Training/glioma/Tr-gl_140.npz,train
Tr-gl_1019.npz,glioma,Training,processed/kaggle_normalized/Training/glioma/Tr-gl_1019.npz,train
Tr-pi_918.npz,pituitary,Training,processed/kaggle_normalized/Training/pituitary/Tr-pi_918.npz,train
Tr-gl_1283.npz,glioma,Training,processed/kaggle_normalized/Training/glioma/Tr-gl_1283.npz,train
Tr-no_532.npz,notumor,Training,processed/kaggle_normalized/Training/notumor/Tr-no_532.npz,train
Tr-pi_336.npz,pituitary,Training,processed/kaggle_normalized/Training/pituitary/Tr-pi_336.npz,train
Tr-me_846.npz,meningioma,Training,processed/kaggle_normalized/Training/meningioma/Tr-me_846.npz,train
Tr-no_514.npz,notumor,Training,processed/kaggle_normalized/Training/notumor/Tr-no_514.npz,train
Tr-pi_881.npz,pituitary,Training,processed/kaggle_normalized/Training/pituitary/Tr-pi_881.npz,train
Tr-no_1205.npz,notumor,Training,processed/kaggle_normalized/Training/notumor/Tr-no_1205.npz,train
Tr-me_2.npz,meningioma,Training,processed/kaggle_normalized/Training/meningioma/Tr-me_2.npz,train
Tr-pi_420.npz,pituitary,Training,processed/kaggle_normalized/Training/pituitary/Tr-pi_420.npz,train
Tr-gl_413.npz,glioma,Training,processed/kaggle_normalized/Training/glioma/Tr-gl_413.npz,train
Tr-pi_364.npz,pituitary,Training,processed/kaggle_normalized/Training/pituitary/Tr-pi_364.npz,train
Tr-gl_1242.npz,glioma,Training,processed/kaggle_normalized/Training/glioma/Tr-gl_1242.npz,train
Tr-aug-me_68.npz,meningioma,Training,processed/kaggle_normalized/Training/meningioma/Tr-aug-me_68.npz,train
Tr-pi_642.npz,pituitary,Training,processed/kaggle_normalized/Training/pituitary/Tr-pi_642.npz,train
Tr-no_1273.npz,notumor,Training,processed/kaggle_normalized/Training/notumor/Tr-no_1273.npz,train
Tr-me_101.npz,meningioma,Training,processed/kaggle_normalized/Training/meningioma/Tr-me_101.npz,train
Tr-me_1031.npz,meningioma,Training,processed/kaggle_normalized/Training/meningioma/Tr-me_1031.npz,train
Tr-pi_418.npz,pituitary,Training,processed/kaggle_normalized/Training/pituitary/Tr-pi_418.npz,train
Tr-no_954.npz,notumor,Training,processed/kaggle_normalized/Training/notumor/Tr-no_954.npz,train
Tr-pi_163.npz,pituitary,Training,processed/kaggle_normalized/Training/pituitary/Tr-pi_163.npz,train
Tr-me_1053.npz,meningioma,Training,processed/kaggle_normalized/Training/meningioma/Tr-me_1053.npz,train
Tr-pi_367.npz,pituitary,Training,processed/kaggle_normalized/Training/pituitary/Tr-pi_367.npz,train
Tr-gl_1163.npz,glioma,Training,processed/kaggle_normalized/Training/glioma/Tr-gl_1163.npz,train
Tr-me_1299.npz,meningioma,Training,processed/kaggle_normalized/Training/meningioma/Tr-me_1299.npz,train
Tr-no_1302.npz,notumor,Training,processed/kaggle_normalized/Training/notumor/Tr-no_1302.npz,train
Tr-me_629.npz,meningioma,Training,processed/kaggle_normalized/Training/meningioma/Tr-me_629.npz,train
Tr-pi_166.npz,pituitary,Training,processed/kaggle_normalized/Training/pituitary/Tr-pi_166.npz,train
Tr-pi_972.npz,pituitary,Training,processed/kaggle_normalized/Training/pituitary/Tr-pi_972.npz,train
Tr-me_770.npz,meningioma,Training,processed/kaggle_normalized/Training/meningioma/Tr-me_770.npz,train
Tr-gl_295.npz,glioma,Training,processed/kaggle_normalized/Training/glioma/Tr-gl_295.npz,train
Tr-no_702.npz,notumor,Training,processed/kaggle_normalized/Training/notumor/Tr-no_702.npz,train
Tr-pi_932.npz,pituitary,Training,processed/kaggle_normalized/Training/pituitary/Tr-pi_932.npz,train
Tr-gl_1065.npz,glioma,Training,processed/kaggle_normalized/Training/glioma/Tr-gl_1065.npz,train
Tr-pi_105.npz,pituitary,Training,processed/kaggle_normalized/Training/pituitary/Tr-pi_105.npz,train
Tr-me_267.npz,meningioma,Training,processed/kaggle_normalized/Training/meningioma/Tr-me_267.npz,train
Tr-pi_1025.npz,pituitary,Training,processed/kaggle_normalized/Training/pituitary/Tr-pi_1025.npz,train
Tr-gl_775.npz,glioma,Training,processed/kaggle_normalized/Training/glioma/Tr-gl_775.npz,train
Tr-me_389.npz,meningioma,Training,processed/kaggle_normalized/Training/meningioma/Tr-me_389.npz,train
Tr-gl_361.npz,glioma,Training,processed/kaggle_normalized/Training/glioma/Tr-gl_361.npz,train
Tr-pi_1351.npz,pituitary,Training,processed/kaggle_normalized/Training/pituitary/Tr-pi_1351.npz,train
Tr-no_158.npz,notumor,Training,processed/kaggle_normalized/Training/notumor/Tr-no_158.npz,train
Tr-gl_157.npz,glioma,Training,processed/kaggle_normalized/Training/glioma/Tr-gl_157.npz,train
Tr-gl_262.npz,glioma,Training,processed/kaggle_normalized/Training/glioma/Tr-gl_262.npz,train
Tr-pi_669.npz,pituitary,Training,processed/kaggle_normalized/Training/pituitary/Tr-pi_669.npz,train
Tr-me_1044.npz,meningioma,Training,processed/kaggle_normalized/Training/meningioma/Tr-me_1044.npz,train
Tr-gl_209.npz,glioma,Training,processed/kaggle_normalized/Training/glioma/Tr-gl_209.npz,train
Tr-gl_490.npz,glioma,Training,processed/kaggle_normalized/Training/glioma/Tr-gl_490.npz,val
Tr-me_1057.npz,meningioma,Training,processed/kaggle_normalized/Training/meningioma/Tr-me_1057.npz,val
Tr-pi_452.npz,pituitary,Training,processed/kaggle_normalized/Training/pituitary/Tr-pi_452.npz,val
Tr-gl_857.npz,glioma,Training,processed/kaggle_normalized/Training/glioma/Tr-gl_857.npz,val
Tr-gl_724.npz,glioma,Training,processed/kaggle_normalized/Training/glioma/Tr-gl_724.npz,val
Tr-pi_525.npz,pituitary,Training,processed/kaggle_normalized/Training/pituitary/Tr-pi_525.npz,val
Tr-pi_582.npz,pituitary,Training,processed/kaggle_normalized/Training/pituitary/Tr-pi_582.npz,val
Tr-pi_1295.npz,pituitary,Training,processed/kaggle_normalized/Training/pituitary/Tr-pi_1295.npz,val
Tr-gl_794.npz,glioma,Training,processed/kaggle_normalized/Training/glioma/Tr-gl_794.npz,val
Tr-gl_395.npz,glioma,Training,processed/kaggle_normalized/Training/glioma/Tr-gl_395.npz,val
Tr-no_340.npz,notumor,Training,processed/kaggle_normalized/Training/notumor/Tr-no_340.npz,val
Tr-gl_1361.npz,glioma,Training,processed/kaggle_normalized/Training/glioma/Tr-gl_1361.npz,val
Tr-no_674.npz,notumor,Training,processed/kaggle_normalized/Training/notumor/Tr-no_674.npz,val
Tr-no_574.npz,notumor,Training,processed/kaggle_normalized/Training/notumor/Tr-no_574.npz,val
Tr-me_872.npz,meningioma,Training,processed/kaggle_normalized/Training/meningioma/Tr-me_872.npz,val
Tr-no_1057.npz,notumor,Training,processed/kaggle_normalized/Training/notumor/Tr-no_1057.npz,val
Tr-pi_262.npz,pituitary,Training,processed/kaggle_normalized/Training/pituitary/Tr-pi_262.npz,val
Tr-gl_266.npz,glioma,Training,processed/kaggle_normalized/Training/glioma/Tr-gl_266.npz,val
Tr-no_747.npz,notumor,Training,processed/kaggle_normalized/Training/notumor/Tr-no_747.npz,val
Tr-gl_761.npz,glioma,Training,processed/kaggle_normalized/Training/glioma/Tr-gl_761.npz,val
Tr-no_778.npz,notumor,Training,processed/kaggle_normalized/Training/notumor/Tr-no_778.npz,val
Tr-gl_165.npz,glioma,Training,processed/kaggle_normalized/Training/glioma/Tr-gl_165.npz,val
Tr-no_237.npz,notumor,Training,processed/kaggle_normalized/Training/notumor/Tr-no_237.npz,val
Tr-pi_1289.npz,pituitary,Training,processed/kaggle_normalized/Training/pituitary/Tr-pi_1289.npz,val
Tr-pi_59.npz,pituitary,Training,processed/kaggle_normalized/Training/pituitary/Tr-pi_59.npz,val
Tr-pi_1343.npz,pituitary,Training,processed/kaggle_normalized/Training/pituitary/Tr-pi_1343.npz,val
Tr-gl_877.npz,glioma,Training,processed/kaggle_normalized/Training/glioma/Tr-gl_877.npz,val
Tr-pi_1245.npz,pituitary,Training,processed/kaggle_normalized/Training/pituitary/Tr-pi_1245.npz,val
Tr-me_239.npz,meningioma,Training,processed/kaggle_normalized/Training/meningioma/Tr-me_239.npz,val
Tr-pi_1324.npz,pituitary,Training,processed/kaggle_normalized/Training/pituitary/Tr-pi_1324.npz,val
Tr-gl_777.npz,glioma,Training,processed/kaggle_normalized/Training/glioma/Tr-gl_777.npz,val
Tr-gl_853.npz,glioma,Training,processed/kaggle_normalized/Training/glioma/Tr-gl_853.npz,val
Tr-gl_1375.npz,glioma,Training,processed/kaggle_normalized/Training/glioma/Tr-gl_1375.npz,val
Tr-pi_1016.npz,pituitary,Training,processed/kaggle_normalized/Training/pituitary/Tr-pi_1016.npz,val
Tr-me_1297.npz,meningioma,Training,processed/kaggle_normalized/Training/meningioma/Tr-me_1297.npz,val
Tr-pi_1247.npz,pituitary,Training,processed/kaggle_normalized/Training/pituitary/Tr-pi_1247.npz,val
Tr-gl_1107.npz,glioma,Training,processed/kaggle_normalized/Training/glioma/Tr-gl_1107.npz,val
Tr-no_432.npz,notumor,Training,processed/kaggle_normalized/Training/notumor/Tr-no_432.npz,val
Tr-no_914.npz,notumor,Training,processed/kaggle_normalized/Training/notumor/Tr-no_914.npz,val
Tr-pi_192.npz,pituitary,Training,processed/kaggle_normalized/Training/pituitary/Tr-pi_192.npz,val
Tr-no_738.npz,notumor,Training,processed/kaggle_normalized/Training/notumor/Tr-no_738.npz,val
Tr-no_718.npz,notumor,Training,processed/kaggle_normalized/Training/notumor/Tr-no_718.npz,val
Tr-gl_101.npz,glioma,Training,processed/kaggle_normalized/Training/glioma/Tr-gl_101.npz,val
Tr-gl_752.npz,glioma,Training,processed/kaggle_normalized/Training/glioma/Tr-gl_752.npz,val
Tr-no_439.npz,notumor,Training,processed/kaggle_normalized/Training/notumor/Tr-no_439.npz,val
Tr-me_410.npz,meningioma,Training,processed/kaggle_normalized/Training/meningioma/Tr-me_410.npz,val
Tr-no_530.npz,notumor,Training,processed/kaggle_normalized/Training/notumor/Tr-no_530.npz,val
Tr-pi_1085.npz,pituitary,Training,processed/kaggle_normalized/Training/pituitary/Tr-pi_1085.npz,val
Tr-me_401.npz,meningioma,Training,processed/kaggle_normalized/Training/meningioma/Tr-me_401.npz,val
Tr-gl_886.npz,glioma,Training,processed/kaggle_normalized/Training/glioma/Tr-gl_886.npz,val
Tr-pi_70.npz,pituitary,Training,processed/kaggle_normalized/Training/pituitary/Tr-pi_70.npz,val
Tr-pi_33.npz,pituitary,Training,processed/kaggle_normalized/Training/pituitary/Tr-pi_33.npz,val
Tr-gl_456.npz,glioma,Training,processed/kaggle_normalized/Training/glioma/Tr-gl_456.npz,val
Tr-pi_384.npz,pituitary,Training,processed/kaggle_normalized/Training/pituitary/Tr-pi_384.npz,val
Tr-no_35.npz,notumor,Training,processed/kaggle_normalized/Training/notumor/Tr-no_35.npz,val
Tr-no_189.npz,notumor,Training,processed/kaggle_normalized/Training/notumor/Tr-no_189.npz,val
Tr-no_537.npz,notumor,Training,processed/kaggle_normalized/Training/notumor/Tr-no_537.npz,val
Tr-me_1246.npz,meningioma,Training,processed/kaggle_normalized/Training/meningioma/Tr-me_1246.npz,val
Tr-no_7.npz,notumor,Training,processed/kaggle_normalized/Training/notumor/Tr-no_7.npz,val
Tr-gl_1180.npz,glioma,Training,processed/kaggle_normalized/Training/glioma/Tr-gl_1180.npz,val
Tr-pi_149.npz,pituitary,Training,processed/kaggle_normalized/Training/pituitary/Tr-pi_149.npz,val
Tr-gl_453.npz,glioma,Training,processed/kaggle_normalized/Training/glioma/Tr-gl_453.npz,val
Tr-no_494.npz,notumor,Training,processed/kaggle_normalized/Training/notumor/Tr-no_494.npz,val
Tr-me_271.npz,meningioma,Training,processed/kaggle_normalized/Training/meningioma/Tr-me_271.npz,val
Tr-gl_1284.npz,glioma,Training,processed/kaggle_normalized/Training/glioma/Tr-gl_1284.npz,val
Tr-gl_23.npz,glioma,Training,processed/kaggle_normalized/Training/glioma/Tr-gl_23.npz,val
Tr-pi_1173.npz,pituitary,Training,processed/kaggle_normalized/Training/pituitary/Tr-pi_1173.npz,val
Tr-pi_344.npz,pituitary,Training,processed/kaggle_normalized/Training/pituitary/Tr-pi_344.npz,val
Tr-me_1147.npz,meningioma,Training,processed/kaggle_normalized/Training/meningioma/Tr-me_1147.npz,val
Tr-me_1080.npz,meningioma,Training,processed/kaggle_normalized/Training/meningioma/Tr-me_1080.npz,val
Tr-aug-me_41.npz,meningioma,Training,processed/kaggle_normalized/Training/meningioma/Tr-aug-me_41.npz,val
Tr-pi_1014.npz,pituitary,Training,processed/kaggle_normalized/Training/pituitary/Tr-pi_1014.npz,val
Tr-me_164.npz,meningioma,Training,processed/kaggle_normalized/Training/meningioma/Tr-me_164.npz,val
Tr-pi_1223.npz,pituitary,Training,processed/kaggle_normalized/Training/pituitary/Tr-pi_1223.npz,val
Tr-pi_651.npz,pituitary,Training,processed/kaggle_normalized/Training/pituitary/Tr-pi_651.npz,val
Tr-pi_91.npz,pituitary,Training,processed/kaggle_normalized/Training/pituitary/Tr-pi_91.npz,val
Tr-no_333.npz,notumor,Training,processed/kaggle_normalized/Training/notumor/Tr-no_333.npz,val
Tr-me_810.npz,meningioma,Training,processed/kaggle_normalized/Training/meningioma/Tr-me_810.npz,val
Tr-gl_145.npz,glioma,Training,processed/kaggle_normalized/Training/glioma/Tr-gl_145.npz,val
Tr-no_1339.npz,notumor,Training,processed/kaggle_normalized/Training/notumor/Tr-no_1339.npz,val
Tr-pi_354.npz,pituitary,Training,processed/kaggle_normalized/Training/pituitary/Tr-pi_354.npz,val
Tr-me_650.npz,meningioma,Training,processed/kaggle_normalized/Training/meningioma/Tr-me_650.npz,val
Tr-no_411.npz,notumor,Training,processed/kaggle_normalized/Training/notumor/Tr-no_411.npz,val
Tr-pi_869.npz,pituitary,Training,processed/kaggle_normalized/Training/pituitary/Tr-pi_869.npz,val
Tr-gl_6.npz,glioma,Training,processed/kaggle_normalized/Training/glioma/Tr-gl_6.npz,val
Tr-gl_178.npz,glioma,Training,processed/kaggle_normalized/Training/glioma/Tr-gl_178.npz,val
Tr-me_1012.npz,meningioma,Training,processed/kaggle_normalized/Training/meningioma/Tr-me_1012.npz,val
Tr-gl_463.npz,glioma,Training,processed/kaggle_normalized/Training/glioma/Tr-gl_463.npz,val
Tr-gl_1021.npz,glioma,Training,processed/kaggle_normalized/Training/glioma/Tr-gl_1021.npz,val
Tr-no_9.npz,notumor,Training,processed/kaggle_normalized/Training/notumor/Tr-no_9.npz,val
Tr-pi_1298.npz,pituitary,Training,processed/kaggle_normalized/Training/pituitary/Tr-pi_1298.npz,val
Tr-pi_480.npz,pituitary,Training,processed/kaggle_normalized/Training/pituitary/Tr-pi_480.npz,val
Tr-no_575.npz,notumor,Training,processed/kaggle_normalized/Training/notumor/Tr-no_575.npz,val
Tr-pi_330.npz,pituitary,Training,processed/kaggle_normalized/Training/pituitary/Tr-pi_330.npz,val
Tr-gl_905.npz,glioma,Training,processed/kaggle_normalized/Training/glioma/Tr-gl_905.npz,val
Tr-gl_902.npz,glioma,Training,processed/kaggle_normalized/Training/glioma/Tr-gl_902.npz,val
Tr-gl_391.npz,glioma,Training,processed/kaggle_normalized/Training/glioma/Tr-gl_391.npz,val
Tr-gl_1184.npz,glioma,Training,processed/kaggle_normalized/Training/glioma/Tr-gl_1184.npz,val
Tr-me_517.npz,meningioma,Training,processed/kaggle_normalized/Training/meningioma/Tr-me_517.npz,val
Tr-me_1183.npz,meningioma,Training,processed/kaggle_normalized/Training/meningioma/Tr-me_1183.npz,val
Tr-pi_1380.npz,pituitary,Training,processed/kaggle_normalized/Training/pituitary/Tr-pi_1380.npz,val
Tr-no_1034.npz,notumor,Training,processed/kaggle_normalized/Training/notumor/Tr-no_1034.npz,val
Tr-me_1236.npz,meningioma,Training,processed/kaggle_normalized/Training/meningioma/Tr-me_1236.npz,val
Tr-pi_1054.npz,pituitary,Training,processed/kaggle_normalized/Training/pituitary/Tr-pi_1054.npz,val
Tr-me_377.npz,meningioma,Training,processed/kaggle_normalized/Training/meningioma/Tr-me_377.npz,val
Tr-me_1154.npz,meningioma,Training,processed/kaggle_normalized/Training/meningioma/Tr-me_1154.npz,val
Tr-gl_1193.npz,glioma,Training,processed/kaggle_normalized/Training/glioma/Tr-gl_1193.npz,val
Tr-no_1310.npz,notumor,Training,processed/kaggle_normalized/Training/notumor/Tr-no_1310.npz,val
Tr-me_590.npz,meningioma,Training,processed/kaggle_normalized/Training/meningioma/Tr-me_590.npz,val
Tr-me_263.npz,meningioma,Training,processed/kaggle_normalized/Training/meningioma/Tr-me_263.npz,val
Tr-pi_297.npz,pituitary,Training,processed/kaggle_normalized/Training/pituitary/Tr-pi_297.npz,val
Tr-gl_509.npz,glioma,Training,processed/kaggle_normalized/Training/glioma/Tr-gl_509.npz,val
Tr-pi_543.npz,pituitary,Training,processed/kaggle_normalized/Training/pituitary/Tr-pi_543.npz,val
Tr-no_1363.npz,notumor,Training,processed/kaggle_normalized/Training/notumor/Tr-no_1363.npz,val
Tr-pi_321.npz,pituitary,Training,processed/kaggle_normalized/Training/pituitary/Tr-pi_321.npz,val
Tr-no_987.npz,notumor,Training,processed/kaggle_normalized/Training/notumor/Tr-no_987.npz,val
Tr-gl_693.npz,glioma,Training,processed/kaggle_normalized/Training/glioma/Tr-gl_693.npz,val
Tr-aug-me_82.npz,meningioma,Training,processed/kaggle_normalized/Training/meningioma/Tr-aug-me_82.npz,val
Tr-gl_155.npz,glioma,Training,processed/kaggle_normalized/Training/glioma/Tr-gl_155.npz,val
Tr-gl_893.npz,glioma,Training,processed/kaggle_normalized/Training/glioma/Tr-gl_893.npz,val
Tr-no_105.npz,notumor,Training,processed/kaggle_normalized/Training/notumor/Tr-no_105.npz,val
Tr-me_1133.npz,meningioma,Training,processed/kaggle_normalized/Training/meningioma/Tr-me_1133.npz,val
Tr-gl_1309.npz,glioma,Training,processed/kaggle_normalized/Training/glioma/Tr-gl_1309.npz,val
Tr-me_180.npz,meningioma,Training,processed/kaggle_normalized/Training/meningioma/Tr-me_180.npz,val
Tr-pi_46.npz,pituitary,Training,processed/kaggle_normalized/Training/pituitary/Tr-pi_46.npz,val
Tr-no_167.npz,notumor,Training,processed/kaggle_normalized/Training/notumor/Tr-no_167.npz,val
Tr-gl_1205.npz,glioma,Training,processed/kaggle_normalized/Training/glioma/Tr-gl_1205.npz,val
Tr-no_544.npz,notumor,Training,processed/kaggle_normalized/Training/notumor/Tr-no_544.npz,val
Tr-pi_1135.npz,pituitary,Training,processed/kaggle_normalized/Training/pituitary/Tr-pi_1135.npz,val
Tr-no_1356.npz,notumor,Training,processed/kaggle_normalized/Training/notumor/Tr-no_1356.npz,val
Tr-pi_1012.npz,pituitary,Training,processed/kaggle_normalized/Training/pituitary/Tr-pi_1012.npz,val
Tr-me_1265.npz,meningioma,Training,processed/kaggle_normalized/Training/meningioma/Tr-me_1265.npz,val
Tr-no_629.npz,notumor,Training,processed/kaggle_normalized/Training/notumor/Tr-no_629.npz,val
Tr-pi_909.npz,pituitary,Training,processed/kaggle_normalized/Training/pituitary/Tr-pi_909.npz,val
Tr-no_758.npz,notumor,Training,processed/kaggle_normalized/Training/notumor/Tr-no_758.npz,val
Tr-no_658.npz,notumor,Training,processed/kaggle_normalized/Training/notumor/Tr-no_658.npz,val
Tr-pi_392.npz,pituitary,Training,processed/kaggle_normalized/Training/pituitary/Tr-pi_392.npz,val
Tr-pi_1283.npz,pituitary,Training,processed/kaggle_normalized/Training/pituitary/Tr-pi_1283.npz,val
Tr-no_617.npz,notumor,Training,processed/kaggle_normalized/Training/notumor/Tr-no_617.npz,val
Tr-gl_897.npz,glioma,Training,processed/kaggle_normalized/Training/glioma/Tr-gl_897.npz,val
Tr-gl_10.npz,glioma,Training,processed/kaggle_normalized/Training/glioma/Tr-gl_10.npz,val
Tr-no_282.npz,notumor,Training,processed/kaggle_normalized/Training/notumor/Tr-no_282.npz,val
Tr-no_1125.npz,notumor,Training,processed/kaggle_normalized/Training/notumor/Tr-no_1125.npz,val
Tr-pi_497.npz,pituitary,Training,processed/kaggle_normalized/Training/pituitary/Tr-pi_497.npz,val
Tr-no_217.npz,notumor,Training,processed/kaggle_normalized/Training/notumor/Tr-no_217.npz,val
Tr-pi_1101.npz,pituitary,Training,processed/kaggle_normalized/Training/pituitary/Tr-pi_1101.npz,val
Tr-me_268.npz,meningioma,Training,processed/kaggle_normalized/Training/meningioma/Tr-me_268.npz,val
Tr-me_91.npz,meningioma,Training,processed/kaggle_normalized/Training/meningioma/Tr-me_91.npz,val
Tr-me_508.npz,meningioma,Training,processed/kaggle_normalized/Training/meningioma/Tr-me_508.npz,val
Tr-pi_995.npz,pituitary,Training,processed/kaggle_normalized/Training/pituitary/Tr-pi_995.npz,val
Tr-no_980.npz,notumor,Training,processed/kaggle_normalized/Training/notumor/Tr-no_980.npz,val
Tr-me_1095.npz,meningioma,Training,processed/kaggle_normalized/Training/meningioma/Tr-me_1095.npz,val
Tr-gl_540.npz,glioma,Training,processed/kaggle_normalized/Training/glioma/Tr-gl_540.npz,val
Tr-no_1020.npz,notumor,Training,processed/kaggle_normalized/Training/notumor/Tr-no_1020.npz,val
Tr-pi_846.npz,pituitary,Training,processed/kaggle_normalized/Training/pituitary/Tr-pi_846.npz,val
Tr-no_719.npz,notumor,Training,processed/kaggle_normalized/Training/notumor/Tr-no_719.npz,val
Tr-no_1258.npz,notumor,Training,processed/kaggle_normalized/Training/notumor/Tr-no_1258.npz,val
Tr-pi_1212.npz,pituitary,Training,processed/kaggle_normalized/Training/pituitary/Tr-pi_1212.npz,val
Tr-me_529.npz,meningioma,Training,processed/kaggle_normalized/Training/meningioma/Tr-me_529.npz,val
Tr-no_856.npz,notumor,Training,processed/kaggle_normalized/Training/notumor/Tr-no_856.npz,val
Tr-me_534.npz,meningioma,Training,processed/kaggle_normalized/Training/meningioma/Tr-me_534.npz,val
Tr-pi_1120.npz,pituitary,Training,processed/kaggle_normalized/Training/pituitary/Tr-pi_1120.npz,val
Tr-gl_113.npz,glioma,Training,processed/kaggle_normalized/Training/glioma/Tr-gl_113.npz,val
Tr-gl_239.npz,glioma,Training,processed/kaggle_normalized/Training/glioma/Tr-gl_239.npz,val
Tr-me_150.npz,meningioma,Training,processed/kaggle_normalized/Training/meningioma/Tr-me_150.npz,val
Tr-aug-me_84.npz,meningioma,Training,processed/kaggle_normalized/Training/meningioma/Tr-aug-me_84.npz,val
Tr-pi_676.npz,pituitary,Training,processed/kaggle_normalized/Training/pituitary/Tr-pi_676.npz,val
Tr-me_678.npz,meningioma,Training,processed/kaggle_normalized/Training/meningioma/Tr-me_678.npz,val
Tr-no_279.npz,notumor,Training,processed/kaggle_normalized/Training/notumor/Tr-no_279.npz,val
Tr-me_583.npz,meningioma,Training,processed/kaggle_normalized/Training/meningioma/Tr-me_583.npz,val
Tr-no_289.npz,notumor,Training,processed/kaggle_normalized/Training/notumor/Tr-no_289.npz,val
Tr-gl_980.npz,glioma,Training,processed/kaggle_normalized/Training/glioma/Tr-gl_980.npz,val
Tr-pi_333.npz,pituitary,Training,processed/kaggle_normalized/Training/pituitary/Tr-pi_333.npz,val
Tr-me_1291.npz,meningioma,Training,processed/kaggle_normalized/Training/meningioma/Tr-me_1291.npz,val
Tr-gl_634.npz,glioma,Training,processed/kaggle_normalized/Training/glioma/Tr-gl_634.npz,val
Tr-gl_206.npz,glioma,Training,processed/kaggle_normalized/Training/glioma/Tr-gl_206.npz,val
Tr-gl_521.npz,glioma,Training,processed/kaggle_normalized/Training/glioma/Tr-gl_521.npz,val
Tr-me_473.npz,meningioma,Training,processed/kaggle_normalized/Training/meningioma/Tr-me_473.npz,val
Tr-me_470.npz,meningioma,Training,processed/kaggle_normalized/Training/meningioma/Tr-me_470.npz,val
Tr-me_666.npz,meningioma,Training,processed/kaggle_normalized/Training/meningioma/Tr-me_666.npz,val
Tr-aug-me_91.npz,meningioma,Training,processed/kaggle_normalized/Training/meningioma/Tr-aug-me_91.npz,val
Tr-me_1269.npz,meningioma,Training,processed/kaggle_normalized/Training/meningioma/Tr-me_1269.npz,val
Tr-no_1153.npz,notumor,Training,processed/kaggle_normalized/Training/notumor/Tr-no_1153.npz,val
Tr-gl_167.npz,glioma,Training,processed/kaggle_normalized/Training/glioma/Tr-gl_167.npz,val
Tr-no_357.npz,notumor,Training,processed/kaggle_normalized/Training/notumor/Tr-no_357.npz,val
Tr-gl_673.npz,glioma,Training,processed/kaggle_normalized/Training/glioma/Tr-gl_673.npz,val
Tr-me_1087.npz,meningioma,Training,processed/kaggle_normalized/Training/meningioma/Tr-me_1087.npz,val
Tr-no_971.npz,notumor,Training,processed/kaggle_normalized/Training/notumor/Tr-no_971.npz,val
Tr-gl_1169.npz,glioma,Training,processed/kaggle_normalized/Training/glioma/Tr-gl_1169.npz,val
Tr-pi_249.npz,pituitary,Training,processed/kaggle_normalized/Training/pituitary/Tr-pi_249.npz,val
Tr-no_1116.npz,notumor,Training,processed/kaggle_normalized/Training/notumor/Tr-no_1116.npz,val
Tr-me_989.npz,meningioma,Training,processed/kaggle_normalized/Training/meningioma/Tr-me_989.npz,val
Tr-pi_141.npz,pituitary,Training,processed/kaggle_normalized/Training/pituitary/Tr-pi_141.npz,val
Tr-me_1256.npz,meningioma,Training,processed/kaggle_normalized/Training/meningioma/Tr-me_1256.npz,val
Tr-me_961.npz,meningioma,Training,processed/kaggle_normalized/Training/meningioma/Tr-me_961.npz,val
Tr-me_1231.npz,meningioma,Training,processed/kaggle_normalized/Training/meningioma/Tr-me_1231.npz,val
Tr-me_896.npz,meningioma,Training,processed/kaggle_normalized/Training/meningioma/Tr-me_896.npz,val
Tr-no_976.npz,notumor,Training,processed/kaggle_normalized/Training/notumor/Tr-no_976.npz,val
Tr-pi_890.npz,pituitary,Training,processed/kaggle_normalized/Training/pituitary/Tr-pi_890.npz,val
Tr-pi_804.npz,pituitary,Training,processed/kaggle_normalized/Training/pituitary/Tr-pi_804.npz,val
Tr-no_195.npz,notumor,Training,processed/kaggle_normalized/Training/notumor/Tr-no_195.npz,val
Tr-me_10.npz,meningioma,Training,processed/kaggle_normalized/Training/meningioma/Tr-me_10.npz,val
Tr-gl_533.npz,glioma,Training,processed/kaggle_normalized/Training/glioma/Tr-gl_533.npz,val
Tr-no_191.npz,notumor,Training,processed/kaggle_normalized/Training/notumor/Tr-no_191.npz,val
Tr-pi_1037.npz,pituitary,Training,processed/kaggle_normalized/Training/pituitary/Tr-pi_1037.npz,val
Tr-no_1230.npz,notumor,Training,processed/kaggle_normalized/Training/notumor/Tr-no_1230.npz,val
Tr-me_206.npz,meningioma,Training,processed/kaggle_normalized/Training/meningioma/Tr-me_206.npz,val
Tr-no_1081.npz,notumor,Training,processed/kaggle_normalized/Training/notumor/Tr-no_1081.npz,val
Tr-pi_837.npz,pituitary,Training,processed/kaggle_normalized/Training/pituitary/Tr-pi_837.npz,val
Tr-no_725.npz,notumor,Training,processed/kaggle_normalized/Training/notumor/Tr-no_725.npz,val
Tr-gl_233.npz,glioma,Training,processed/kaggle_normalized/Training/glioma/Tr-gl_233.npz,val
Tr-pi_1280.npz,pituitary,Training,processed/kaggle_normalized/Training/pituitary/Tr-pi_1280.npz,val
Tr-pi_961.npz,pituitary,Training,processed/kaggle_normalized/Training/pituitary/Tr-pi_961.npz,val
Tr-pi_306.npz,pituitary,Training,processed/kaggle_normalized/Training/pituitary/Tr-pi_306.npz,val
Tr-no_1240.npz,notumor,Training,processed/kaggle_normalized/Training/notumor/Tr-no_1240.npz,val
Tr-pi_552.npz,pituitary,Training,processed/kaggle_normalized/Training/pituitary/Tr-pi_552.npz,val
Tr-pi_695.npz,pituitary,Training,processed/kaggle_normalized/Training/pituitary/Tr-pi_695.npz,val
Tr-me_533.npz,meningioma,Training,processed/kaggle_normalized/Training/meningioma/Tr-me_533.npz,val
Tr-gl_778.npz,glioma,Training,processed/kaggle_normalized/Training/glioma/Tr-gl_778.npz,val
Tr-gl_1350.npz,glioma,Training,processed/kaggle_normalized/Training/glioma/Tr-gl_1350.npz,val
Tr-pi_511.npz,pituitary,Training,processed/kaggle_normalized/Training/pituitary/Tr-pi_511.npz,val
Tr-gl_732.npz,glioma,Training,processed/kaggle_normalized/Training/glioma/Tr-gl_732.npz,val
Tr-no_776.npz,notumor,Training,processed/kaggle_normalized/Training/notumor/Tr-no_776.npz,val
Tr-me_1128.npz,meningioma,Training,processed/kaggle_normalized/Training/meningioma/Tr-me_1128.npz,val
Tr-me_749.npz,meningioma,Training,processed/kaggle_normalized/Training/meningioma/Tr-me_749.npz,val
Tr-me_1152.npz,meningioma,Training,processed/kaggle_normalized/Training/meningioma/Tr-me_1152.npz,val
Tr-me_605.npz,meningioma,Training,processed/kaggle_normalized/Training/meningioma/Tr-me_605.npz,val
Tr-pi_1296.npz,pituitary,Training,processed/kaggle_normalized/Training/pituitary/Tr-pi_1296.npz,val
Tr-gl_32.npz,glioma,Training,processed/kaggle_normalized/Training/glioma/Tr-gl_32.npz,val
Tr-pi_1123.npz,pituitary,Training,processed/kaggle_normalized/Training/pituitary/Tr-pi_1123.npz,val
Tr-gl_737.npz,glioma,Training,processed/kaggle_normalized/Training/glioma/Tr-gl_737.npz,val
Tr-pi_254.npz,pituitary,Training,processed/kaggle_normalized/Training/pituitary/Tr-pi_254.npz,val
Tr-gl_1262.npz,glioma,Training,processed/kaggle_normalized/Training/glioma/Tr-gl_1262.npz,val
Tr-gl_319.npz,glioma,Training,processed/kaggle_normalized/Training/glioma/Tr-gl_319.npz,val
Tr-pi_464.npz,pituitary,Training,processed/kaggle_normalized/Training/pituitary/Tr-pi_464.npz,val
Tr-me_108.npz,meningioma,Training,processed/kaggle_normalized/Training/meningioma/Tr-me_108.npz,val
Tr-me_895.npz,meningioma,Training,processed/kaggle_normalized/Training/meningioma/Tr-me_895.npz,val
Tr-pi_199.npz,pituitary,Training,processed/kaggle_normalized/Training/pituitary/Tr-pi_199.npz,val
Tr-no_1346.npz,notumor,Training,processed/kaggle_normalized/Training/notumor/Tr-no_1346.npz,val
Tr-gl_529.npz,glioma,Training,processed/kaggle_normalized/Training/glioma/Tr-gl_529.npz,val
Tr-gl_800.npz,glioma,Training,processed/kaggle_normalized/Training/glioma/Tr-gl_800.npz,val
Tr-pi_1172.npz,pituitary,Training,processed/kaggle_normalized/Training/pituitary/Tr-pi_1172.npz,val
Tr-gl_436.npz,glioma,Training,processed/kaggle_normalized/Training/glioma/Tr-gl_436.npz,val
Tr-me_1288.npz,meningioma,Training,processed/kaggle_normalized/Training/meningioma/Tr-me_1288.npz,val
Tr-me_1093.npz,meningioma,Training,processed/kaggle_normalized/Training/meningioma/Tr-me_1093.npz,val
Tr-no_768.npz,notumor,Training,processed/kaggle_normalized/Training/notumor/Tr-no_768.npz,val
Tr-no_44.npz,notumor,Training,processed/kaggle_normalized/Training/notumor/Tr-no_44.npz,val
Tr-no_149.npz,notumor,Training,processed/kaggle_normalized/Training/notumor/Tr-no_149.npz,val
Tr-gl_924.npz,glioma,Training,processed/kaggle_normalized/Training/glioma/Tr-gl_924.npz,val
Tr-no_17.npz,notumor,Training,processed/kaggle_normalized/Training/notumor/Tr-no_17.npz,val
Tr-me_209.npz,meningioma,Training,processed/kaggle_normalized/Training/meningioma/Tr-me_209.npz,val
Tr-pi_242.npz,pituitary,Training,processed/kaggle_normalized/Training/pituitary/Tr-pi_242.npz,val
Tr-me_1280.npz,meningioma,Training,processed/kaggle_normalized/Training/meningioma/Tr-me_1280.npz,val
Tr-gl_1077.npz,glioma,Training,processed/kaggle_normalized/Training/glioma/Tr-gl_1077.npz,val
Tr-no_296.npz,notumor,Training,processed/kaggle_normalized/Training/notumor/Tr-no_296.npz,val
Tr-me_727.npz,meningioma,Training,processed/kaggle_normalized/Training/meningioma/Tr-me_727.npz,val
Tr-pi_547.npz,pituitary,Training,processed/kaggle_normalized/Training/pituitary/Tr-pi_547.npz,val
Tr-pi_231.npz,pituitary,Training,processed/kaggle_normalized/Training/pituitary/Tr-pi_231.npz,val
Tr-no_701.npz,notumor,Training,processed/kaggle_normalized/Training/notumor/Tr-no_701.npz,val
Tr-pi_694.npz,pituitary,Training,processed/kaggle_normalized/Training/pituitary/Tr-pi_694.npz,val
Tr-me_415.npz,meningioma,Training,processed/kaggle_normalized/Training/meningioma/Tr-me_415.npz,val
Tr-gl_664.npz,glioma,Training,processed/kaggle_normalized/Training/glioma/Tr-gl_664.npz,val
Tr-me_624.npz,meningioma,Training,processed/kaggle_normalized/Training/meningioma/Tr-me_624.npz,val
Tr-gl_495.npz,glioma,Training,processed/kaggle_normalized/Training/glioma/Tr-gl_495.npz,val
Tr-me_265.npz,meningioma,Training,processed/kaggle_normalized/Training/meningioma/Tr-me_265.npz,val
Tr-gl_271.npz,glioma,Training,processed/kaggle_normalized/Training/glioma/Tr-gl_271.npz,val
Tr-no_1059.npz,notumor,Training,processed/kaggle_normalized/Training/notumor/Tr-no_1059.npz,val
Tr-gl_487.npz,glioma,Training,processed/kaggle_normalized/Training/glioma/Tr-gl_487.npz,val
Tr-me_787.npz,meningioma,Training,processed/kaggle_normalized/Training/meningioma/Tr-me_787.npz,val
Tr-pi_84.npz,pituitary,Training,processed/kaggle_normalized/Training/pituitary/Tr-pi_84.npz,val
Tr-pi_579.npz,pituitary,Training,processed/kaggle_normalized/Training/pituitary/Tr-pi_579.npz,val
Tr-me_480.npz,meningioma,Training,processed/kaggle_normalized/Training/meningioma/Tr-me_480.npz,val
Tr-me_1248.npz,meningioma,Training,processed/kaggle_normalized/Training/meningioma/Tr-me_1248.npz,val
Tr-no_1361.npz,notumor,Training,processed/kaggle_normalized/Training/notumor/Tr-no_1361.npz,val
Tr-pi_666.npz,pituitary,Training,processed/kaggle_normalized/Training/pituitary/Tr-pi_666.npz,val
Tr-gl_1360.npz,glioma,Training,processed/kaggle_normalized/Training/glioma/Tr-gl_1360.npz,val
Tr-gl_11.npz,glioma,Training,processed/kaggle_normalized/Training/glioma/Tr-gl_11.npz,val
Tr-no_232.npz,notumor,Training,processed/kaggle_normalized/Training/notumor/Tr-no_232.npz,val
Tr-pi_1218.npz,pituitary,Training,processed/kaggle_normalized/Training/pituitary/Tr-pi_1218.npz,val
Tr-gl_702.npz,glioma,Training,processed/kaggle_normalized/Training/glioma/Tr-gl_702.npz,val
Tr-pi_662.npz,pituitary,Training,processed/kaggle_normalized/Training/pituitary/Tr-pi_662.npz,val
Tr-pi_852.npz,pituitary,Training,processed/kaggle_normalized/Training/pituitary/Tr-pi_852.npz,val
Tr-no_625.npz,notumor,Training,processed/kaggle_normalized/Training/notumor/Tr-no_625.npz,val
Tr-pi_1066.npz,pituitary,Training,processed/kaggle_normalized/Training/pituitary/Tr-pi_1066.npz,val
Tr-no_1249.npz,notumor,Training,processed/kaggle_normalized/Training/notumor/Tr-no_1249.npz,val
Tr-gl_810.npz,glioma,Training,processed/kaggle_normalized/Training/glioma/Tr-gl_810.npz,val
Tr-no_476.npz,notumor,Training,processed/kaggle_normalized/Training/notumor/Tr-no_476.npz,val
Tr-pi_484.npz,pituitary,Training,processed/kaggle_normalized/Training/pituitary/Tr-pi_484.npz,val
Tr-me_501.npz,meningioma,Training,processed/kaggle_normalized/Training/meningioma/Tr-me_501.npz,val
Tr-me_147.npz,meningioma,Training,processed/kaggle_normalized/Training/meningioma/Tr-me_147.npz,val
Tr-me_382.npz,meningioma,Training,processed/kaggle_normalized/Training/meningioma/Tr-me_382.npz,val
Tr-pi_413.npz,pituitary,Training,processed/kaggle_normalized/Training/pituitary/Tr-pi_413.npz,val
Tr-gl_1108.npz,glioma,Training,processed/kaggle_normalized/Training/glioma/Tr-gl_1108.npz,val
Tr-gl_1134.npz,glioma,Training,processed/kaggle_normalized/Training/glioma/Tr-gl_1134.npz,val
Tr-no_435.npz,notumor,Training,processed/kaggle_normalized/Training/notumor/Tr-no_435.npz,val
Tr-me_455.npz,meningioma,Training,processed/kaggle_normalized/Training/meningioma/Tr-me_455.npz,val
Tr-no_395.npz,notumor,Training,processed/kaggle_normalized/Training/notumor/Tr-no_395.npz,val
Tr-no_1297.npz,notumor,Training,processed/kaggle_normalized/Training/notumor/Tr-no_1297.npz,val
Tr-no_1154.npz,notumor,Training,processed/kaggle_normalized/Training/notumor/Tr-no_1154.npz,val
Tr-gl_411.npz,glioma,Training,processed/kaggle_normalized/Training/glioma/Tr-gl_411.npz,val
Tr-no_39.npz,notumor,Training,processed/kaggle_normalized/Training/notumor/Tr-no_39.npz,val
Tr-me_554.npz,meningioma,Training,processed/kaggle_normalized/Training/meningioma/Tr-me_554.npz,val
Tr-no_302.npz,notumor,Training,processed/kaggle_normalized/Training/notumor/Tr-no_302.npz,val
Tr-me_1267.npz,meningioma,Training,processed/kaggle_normalized/Training/meningioma/Tr-me_1267.npz,val
Tr-pi_903.npz,pituitary,Training,processed/kaggle_normalized/Training/pituitary/Tr-pi_903.npz,val
Tr-gl_755.npz,glioma,Training,processed/kaggle_normalized/Training/glioma/Tr-gl_755.npz,val
Tr-gl_414.npz,glioma,Training,processed/kaggle_normalized/Training/glioma/Tr-gl_414.npz,val
Tr-gl_967.npz,glioma,Training,processed/kaggle_normalized/Training/glioma/Tr-gl_967.npz,val
Tr-gl_134.npz,glioma,Training,processed/kaggle_normalized/Training/glioma/Tr-gl_134.npz,val
Tr-me_146.npz,meningioma,Training,processed/kaggle_normalized/Training/meningioma/Tr-me_146.npz,val
Tr-pi_1061.npz,pituitary,Training,processed/kaggle_normalized/Training/pituitary/Tr-pi_1061.npz,val
Tr-me_1101.npz,meningioma,Training,processed/kaggle_normalized/Training/meningioma/Tr-me_1101.npz,val
Tr-no_1174.npz,notumor,Training,processed/kaggle_normalized/Training/notumor/Tr-no_1174.npz,val
Tr-me_645.npz,meningioma,Training,processed/kaggle_normalized/Training/meningioma/Tr-me_645.npz,val
Tr-no_434.npz,notumor,Training,processed/kaggle_normalized/Training/notumor/Tr-no_434.npz,val
Tr-pi_898.npz,pituitary,Training,processed/kaggle_normalized/Training/pituitary/Tr-pi_898.npz,val
Tr-me_309.npz,meningioma,Training,processed/kaggle_normalized/Training/meningioma/Tr-me_309.npz,val
Tr-pi_603.npz,pituitary,Training,processed/kaggle_normalized/Training/pituitary/Tr-pi_603.npz,val
Tr-no_267.npz,notumor,Training,processed/kaggle_normalized/Training/notumor/Tr-no_267.npz,val
Tr-pi_807.npz,pituitary,Training,processed/kaggle_normalized/Training/pituitary/Tr-pi_807.npz,val
Tr-gl_616.npz,glioma,Training,processed/kaggle_normalized/Training/glioma/Tr-gl_616.npz,val
Tr-pi_1258.npz,pituitary,Training,processed/kaggle_normalized/Training/pituitary/Tr-pi_1258.npz,val
Tr-pi_1081.npz,pituitary,Training,processed/kaggle_normalized/Training/pituitary/Tr-pi_1081.npz,val
Tr-no_1301.npz,notumor,Training,processed/kaggle_normalized/Training/notumor/Tr-no_1301.npz,val
Tr-me_874.npz,meningioma,Training,processed/kaggle_normalized/Training/meningioma/Tr-me_874.npz,val
Tr-me_1250.npz,meningioma,Training,processed/kaggle_normalized/Training/meningioma/Tr-me_1250.npz,val
Tr-pi_295.npz,pituitary,Training,processed/kaggle_normalized/Training/pituitary/Tr-pi_295.npz,val
Tr-no_57.npz,notumor,Training,processed/kaggle_normalized/Training/notumor/Tr-no_57.npz,val
Tr-me_923.npz,meningioma,Training,processed/kaggle_normalized/Training/meningioma/Tr-me_923.npz,val
Tr-gl_125.npz,glioma,Training,processed/kaggle_normalized/Training/glioma/Tr-gl_125.npz,val
Tr-pi_106.npz,pituitary,Training,processed/kaggle_normalized/Training/pituitary/Tr-pi_106.npz,val
Tr-no_913.npz,notumor,Training,processed/kaggle_normalized/Training/notumor/Tr-no_913.npz,val
Tr-gl_357.npz,glioma,Training,processed/kaggle_normalized/Training/glioma/Tr-gl_357.npz,val
Tr-aug-me_23.npz,meningioma,Training,processed/kaggle_normalized/Training/meningioma/Tr-aug-me_23.npz,val
Tr-gl_356.npz,glioma,Training,processed/kaggle_normalized/Training/glioma/Tr-gl_356.npz,val
Tr-pi_826.npz,pituitary,Training,processed/kaggle_normalized/Training/pituitary/Tr-pi_826.npz,val
Tr-gl_1029.npz,glioma,Training,processed/kaggle_normalized/Training/glioma/Tr-gl_1029.npz,val
Tr-pi_974.npz,pituitary,Training,processed/kaggle_normalized/Training/pituitary/Tr-pi_974.npz,val
Tr-me_371.npz,meningioma,Training,processed/kaggle_normalized/Training/meningioma/Tr-me_371.npz,val
Tr-no_174.npz,notumor,Training,processed/kaggle_normalized/Training/notumor/Tr-no_174.npz,val
Tr-me_92.npz,meningioma,Training,processed/kaggle_normalized/Training/meningioma/Tr-me_92.npz,val
Tr-pi_1196.npz,pituitary,Training,processed/kaggle_normalized/Training/pituitary/Tr-pi_1196.npz,val
Tr-me_812.npz,meningioma,Training,processed/kaggle_normalized/Training/meningioma/Tr-me_812.npz,val
Tr-gl_3.npz,glioma,Training,processed/kaggle_normalized/Training/glioma/Tr-gl_3.npz,val
Tr-no_1345.npz,notumor,Training,processed/kaggle_normalized/Training/notumor/Tr-no_1345.npz,val
Tr-me_875.npz,meningioma,Training,processed/kaggle_normalized/Training/meningioma/Tr-me_875.npz,val
Tr-gl_21.npz,glioma,Training,processed/kaggle_normalized/Training/glioma/Tr-gl_21.npz,val
Tr-gl_454.npz,glioma,Training,processed/kaggle_normalized/Training/glioma/Tr-gl_454.npz,val
Tr-me_975.npz,meningioma,Training,processed/kaggle_normalized/Training/meningioma/Tr-me_975.npz,val
Tr-no_592.npz,notumor,Training,processed/kaggle_normalized/Training/notumor/Tr-no_592.npz,val
Tr-aug-me_18.npz,meningioma,Training,processed/kaggle_normalized/Training/meningioma/Tr-aug-me_18.npz,val
Tr-me_372.npz,meningioma,Training,processed/kaggle_normalized/Training/meningioma/Tr-me_372.npz,val
Tr-gl_1183.npz,glioma,Training,processed/kaggle_normalized/Training/glioma/Tr-gl_1183.npz,val
Tr-pi_318.npz,pituitary,Training,processed/kaggle_normalized/Training/pituitary/Tr-pi_318.npz,val
Tr-gl_320.npz,glioma,Training,processed/kaggle_normalized/Training/glioma/Tr-gl_320.npz,val
Tr-pi_993.npz,pituitary,Training,processed/kaggle_normalized/Training/pituitary/Tr-pi_993.npz,val
Tr-no_1041.npz,notumor,Training,processed/kaggle_normalized/Training/notumor/Tr-no_1041.npz,val
Tr-pi_488.npz,pituitary,Training,processed/kaggle_normalized/Training/pituitary/Tr-pi_488.npz,val
Tr-no_1336.npz,notumor,Training,processed/kaggle_normalized/Training/notumor/Tr-no_1336.npz,val
Tr-me_920.npz,meningioma,Training,processed/kaggle_normalized/Training/meningioma/Tr-me_920.npz,val
Tr-me_591.npz,meningioma,Training,processed/kaggle_normalized/Training/meningioma/Tr-me_591.npz,val
Tr-no_508.npz,notumor,Training,processed/kaggle_normalized/Training/notumor/Tr-no_508.npz,val
Tr-pi_645.npz,pituitary,Training,processed/kaggle_normalized/Training/pituitary/Tr-pi_645.npz,val
Tr-me_388.npz,meningioma,Training,processed/kaggle_normalized/Training/meningioma/Tr-me_388.npz,val
Tr-no_667.npz,notumor,Training,processed/kaggle_normalized/Training/notumor/Tr-no_667.npz,val
Tr-gl_1167.npz,glioma,Training,processed/kaggle_normalized/Training/glioma/Tr-gl_1167.npz,val
Tr-no_852.npz,notumor,Training,processed/kaggle_normalized/Training/notumor/Tr-no_852.npz,val
Tr-me_12.npz,meningioma,Training,processed/kaggle_normalized/Training/meningioma/Tr-me_12.npz,val
Tr-no_516.npz,notumor,Training,processed/kaggle_normalized/Training/notumor/Tr-no_516.npz,val
Tr-gl_545.npz,glioma,Training,processed/kaggle_normalized/Training/glioma/Tr-gl_545.npz,val
Tr-gl_1296.npz,glioma,Training,processed/kaggle_normalized/Training/glioma/Tr-gl_1296.npz,val
Tr-pi_656.npz,pituitary,Training,processed/kaggle_normalized/Training/pituitary/Tr-pi_656.npz,val
Tr-me_189.npz,meningioma,Training,processed/kaggle_normalized/Training/meningioma/Tr-me_189.npz,val
Tr-no_1396.npz,notumor,Training,processed/kaggle_normalized/Training/notumor/Tr-no_1396.npz,val
Tr-me_365.npz,meningioma,Training,processed/kaggle_normalized/Training/meningioma/Tr-me_365.npz,val
Tr-me_599.npz,meningioma,Training,processed/kaggle_normalized/Training/meningioma/Tr-me_599.npz,val
Tr-no_513.npz,notumor,Training,processed/kaggle_normalized/Training/notumor/Tr-no_513.npz,val
Tr-pi_1108.npz,pituitary,Training,processed/kaggle_normalized/Training/pituitary/Tr-pi_1108.npz,val
Tr-no_236.npz,notumor,Training,processed/kaggle_normalized/Training/notumor/Tr-no_236.npz,val
Tr-gl_942.npz,glioma,Training,processed/kaggle_normalized/Training/glioma/Tr-gl_942.npz,val
Tr-gl_148.npz,glioma,Training,processed/kaggle_normalized/Training/glioma/Tr-gl_148.npz,val
Tr-gl_943.npz,glioma,Training,processed/kaggle_normalized/Training/glioma/Tr-gl_943.npz,val
Tr-gl_8.npz,glioma,Training,processed/kaggle_normalized/Training/glioma/Tr-gl_8.npz,val
Tr-pi_1222.npz,pituitary,Training,processed/kaggle_normalized/Training/pituitary/Tr-pi_1222.npz,val
Tr-gl_1253.npz,glioma,Training,processed/kaggle_normalized/Training/glioma/Tr-gl_1253.npz,val
Tr-me_464.npz,meningioma,Training,processed/kaggle_normalized/Training/meningioma/Tr-me_464.npz,val
Tr-pi_304.npz,pituitary,Training,processed/kaggle_normalized/Training/pituitary/Tr-pi_304.npz,val
Tr-me_205.npz,meningioma,Training,processed/kaggle_normalized/Training/meningioma/Tr-me_205.npz,val
Tr-gl_507.npz,glioma,Training,processed/kaggle_normalized/Training/glioma/Tr-gl_507.npz,val
Tr-gl_997.npz,glioma,Training,processed/kaggle_normalized/Training/glioma/Tr-gl_997.npz,val
Tr-me_836.npz,meningioma,Training,processed/kaggle_normalized/Training/meningioma/Tr-me_836.npz,val
Tr-no_124.npz,notumor,Training,processed/kaggle_normalized/Training/notumor/Tr-no_124.npz,val
Tr-pi_899.npz,pituitary,Training,processed/kaggle_normalized/Training/pituitary/Tr-pi_899.npz,val
Tr-no_321.npz,notumor,Training,processed/kaggle_normalized/Training/notumor/Tr-no_321.npz,val
Tr-pi_828.npz,pituitary,Training,processed/kaggle_normalized/Training/pituitary/Tr-pi_828.npz,val
Tr-no_974.npz,notumor,Training,processed/kaggle_normalized/Training/notumor/Tr-no_974.npz,val
Tr-gl_700.npz,glioma,Training,processed/kaggle_normalized/Training/glioma/Tr-gl_700.npz,val
Tr-no_1236.npz,notumor,Training,processed/kaggle_normalized/Training/notumor/Tr-no_1236.npz,val
Tr-me_251.npz,meningioma,Training,processed/kaggle_normalized/Training/meningioma/Tr-me_251.npz,val
Tr-pi_861.npz,pituitary,Training,processed/kaggle_normalized/Training/pituitary/Tr-pi_861.npz,val
Tr-pi_42.npz,pituitary,Training,processed/kaggle_normalized/Training/pituitary/Tr-pi_42.npz,val
Tr-no_1231.npz,notumor,Training,processed/kaggle_normalized/Training/notumor/Tr-no_1231.npz,val
Tr-gl_876.npz,glioma,Training,processed/kaggle_normalized/Training/glioma/Tr-gl_876.npz,val
Tr-pi_648.npz,pituitary,Training,processed/kaggle_normalized/Training/pituitary/Tr-pi_648.npz,val
Tr-no_1220.npz,notumor,Training,processed/kaggle_normalized/Training/notumor/Tr-no_1220.npz,val
Tr-no_911.npz,notumor,Training,processed/kaggle_normalized/Training/notumor/Tr-no_911.npz,val
Tr-me_450.npz,meningioma,Training,processed/kaggle_normalized/Training/meningioma/Tr-me_450.npz,val
Tr-pi_575.npz,pituitary,Training,processed/kaggle_normalized/Training/pituitary/Tr-pi_575.npz,val
Tr-pi_1044.npz,pituitary,Training,processed/kaggle_normalized/Training/pituitary/Tr-pi_1044.npz,val
Tr-me_571.npz,meningioma,Training,processed/kaggle_normalized/Training/meningioma/Tr-me_571.npz,val
Tr-pi_817.npz,pituitary,Training,processed/kaggle_normalized/Training/pituitary/Tr-pi_817.npz,val
Tr-gl_478.npz,glioma,Training,processed/kaggle_normalized/Training/glioma/Tr-gl_478.npz,val
Tr-gl_879.npz,glioma,Training,processed/kaggle_normalized/Training/glioma/Tr-gl_879.npz,val
Tr-no_240.npz,notumor,Training,processed/kaggle_normalized/Training/notumor/Tr-no_240.npz,val
Tr-gl_60.npz,glioma,Training,processed/kaggle_normalized/Training/glioma/Tr-gl_60.npz,val
Tr-gl_749.npz,glioma,Training,processed/kaggle_normalized/Training/glioma/Tr-gl_749.npz,val
Tr-me_424.npz,meningioma,Training,processed/kaggle_normalized/Training/meningioma/Tr-me_424.npz,val
Tr-pi_994.npz,pituitary,Training,processed/kaggle_normalized/Training/pituitary/Tr-pi_994.npz,val
Tr-no_649.npz,notumor,Training,processed/kaggle_normalized/Training/notumor/Tr-no_649.npz,val
Tr-no_1364.npz,notumor,Training,processed/kaggle_normalized/Training/notumor/Tr-no_1364.npz,val
Tr-me_761.npz,meningioma,Training,processed/kaggle_normalized/Training/meningioma/Tr-me_761.npz,val
Tr-me_257.npz,meningioma,Training,processed/kaggle_normalized/Training/meningioma/Tr-me_257.npz,val
Tr-gl_697.npz,glioma,Training,processed/kaggle_normalized/Training/glioma/Tr-gl_697.npz,val
Tr-pi_1252.npz,pituitary,Training,processed/kaggle_normalized/Training/pituitary/Tr-pi_1252.npz,val
Tr-pi_1270.npz,pituitary,Training,processed/kaggle_normalized/Training/pituitary/Tr-pi_1270.npz,val
Tr-pi_473.npz,pituitary,Training,processed/kaggle_normalized/Training/pituitary/Tr-pi_473.npz,val
Tr-pi_23.npz,pituitary,Training,processed/kaggle_normalized/Training/pituitary/Tr-pi_23.npz,val
Tr-me_1209.npz,meningioma,Training,processed/kaggle_normalized/Training/meningioma/Tr-me_1209.npz,val
Tr-me_173.npz,meningioma,Training,processed/kaggle_normalized/Training/meningioma/Tr-me_173.npz,val
Tr-no_446.npz,notumor,Training,processed/kaggle_normalized/Training/notumor/Tr-no_446.npz,val
Tr-no_146.npz,notumor,Training,processed/kaggle_normalized/Training/notumor/Tr-no_146.npz,val
Tr-no_66.npz,notumor,Training,processed/kaggle_normalized/Training/notumor/Tr-no_66.npz,val
Tr-no_491.npz,notumor,Training,processed/kaggle_normalized/Training/notumor/Tr-no_491.npz,val
Tr-gl_658.npz,glioma,Training,processed/kaggle_normalized/Training/glioma/Tr-gl_658.npz,val
Tr-gl_1080.npz,glioma,Training,processed/kaggle_normalized/Training/glioma/Tr-gl_1080.npz,val
Tr-me_700.npz,meningioma,Training,processed/kaggle_normalized/Training/meningioma/Tr-me_700.npz,val
Tr-no_166.npz,notumor,Training,processed/kaggle_normalized/Training/notumor/Tr-no_166.npz,val
Tr-aug-me_28.npz,meningioma,Training,processed/kaggle_normalized/Training/meningioma/Tr-aug-me_28.npz,val
Tr-pi_339.npz,pituitary,Training,processed/kaggle_normalized/Training/pituitary/Tr-pi_339.npz,val
Tr-no_596.npz,notumor,Training,processed/kaggle_normalized/Training/notumor/Tr-no_596.npz,val
Tr-me_219.npz,meningioma,Training,processed/kaggle_normalized/Training/meningioma/Tr-me_219.npz,val
Tr-me_69.npz,meningioma,Training,processed/kaggle_normalized/Training/meningioma/Tr-me_69.npz,val
Tr-gl_428.npz,glioma,Training,processed/kaggle_normalized/Training/glioma/Tr-gl_428.npz,val
Tr-pi_487.npz,pituitary,Training,processed/kaggle_normalized/Training/pituitary/Tr-pi_487.npz,val
Tr-aug-me_100.npz,meningioma,Training,processed/kaggle_normalized/Training/meningioma/Tr-aug-me_100.npz,val
Tr-pi_1164.npz,pituitary,Training,processed/kaggle_normalized/Training/pituitary/Tr-pi_1164.npz,val
Tr-no_889.npz,notumor,Training,processed/kaggle_normalized/Training/notumor/Tr-no_889.npz,val
Tr-me_201.npz,meningioma,Training,processed/kaggle_normalized/Training/meningioma/Tr-me_201.npz,val
Tr-gl_316.npz,glioma,Training,processed/kaggle_normalized/Training/glioma/Tr-gl_316.npz,val
Tr-me_982.npz,meningioma,Training,processed/kaggle_normalized/Training/meningioma/Tr-me_982.npz,val
Tr-no_727.npz,notumor,Training,processed/kaggle_normalized/Training/notumor/Tr-no_727.npz,val
Tr-aug-me_27.npz,meningioma,Training,processed/kaggle_normalized/Training/meningioma/Tr-aug-me_27.npz,val
Tr-gl_1034.npz,glioma,Training,processed/kaggle_normalized/Training/glioma/Tr-gl_1034.npz,val
Tr-no_774.npz,notumor,Training,processed/kaggle_normalized/Training/notumor/Tr-no_774.npz,val
Tr-no_1255.npz,notumor,Training,processed/kaggle_normalized/Training/notumor/Tr-no_1255.npz,val
Tr-no_541.npz,notumor,Training,processed/kaggle_normalized/Training/notumor/Tr-no_541.npz,val
Tr-me_615.npz,meningioma,Training,processed/kaggle_normalized/Training/meningioma/Tr-me_615.npz,val
Tr-me_420.npz,meningioma,Training,processed/kaggle_normalized/Training/meningioma/Tr-me_420.npz,val
Tr-no_1179.npz,notumor,Training,processed/kaggle_normalized/Training/notumor/Tr-no_1179.npz,val
Tr-no_307.npz,notumor,Training,processed/kaggle_normalized/Training/notumor/Tr-no_307.npz,val
Tr-pi_887.npz,pituitary,Training,processed/kaggle_normalized/Training/pituitary/Tr-pi_887.npz,val
Tr-me_888.npz,meningioma,Training,processed/kaggle_normalized/Training/meningioma/Tr-me_888.npz,val
Tr-me_1109.npz,meningioma,Training,processed/kaggle_normalized/Training/meningioma/Tr-me_1109.npz,val
Tr-me_771.npz,meningioma,Training,processed/kaggle_normalized/Training/meningioma/Tr-me_771.npz,val
Tr-me_788.npz,meningioma,Training,processed/kaggle_normalized/Training/meningioma/Tr-me_788.npz,val
Tr-me_459.npz,meningioma,Training,processed/kaggle_normalized/Training/meningioma/Tr-me_459.npz,val
Tr-pi_1369.npz,pituitary,Training,processed/kaggle_normalized/Training/pituitary/Tr-pi_1369.npz,val
Tr-me_837.npz,meningioma,Training,processed/kaggle_normalized/Training/meningioma/Tr-me_837.npz,val
Tr-me_93.npz,meningioma,Training,processed/kaggle_normalized/Training/meningioma/Tr-me_93.npz,val
Tr-gl_114.npz,glioma,Training,processed/kaggle_normalized/Training/glioma/Tr-gl_114.npz,val
Tr-gl_906.npz,glioma,Training,processed/kaggle_normalized/Training/glioma/Tr-gl_906.npz,val
Tr-no_1069.npz,notumor,Training,processed/kaggle_normalized/Training/notumor/Tr-no_1069.npz,val
Tr-pi_405.npz,pituitary,Training,processed/kaggle_normalized/Training/pituitary/Tr-pi_405.npz,val
Tr-me_454.npz,meningioma,Training,processed/kaggle_normalized/Training/meningioma/Tr-me_454.npz,val
Tr-pi_1376.npz,pituitary,Training,processed/kaggle_normalized/Training/pituitary/Tr-pi_1376.npz,val
Tr-no_590.npz,notumor,Training,processed/kaggle_normalized/Training/notumor/Tr-no_590.npz,val
Tr-pi_35.npz,pituitary,Training,processed/kaggle_normalized/Training/pituitary/Tr-pi_35.npz,val
Tr-no_651.npz,notumor,Training,processed/kaggle_normalized/Training/notumor/Tr-no_651.npz,val
Tr-no_639.npz,notumor,Training,processed/kaggle_normalized/Training/notumor/Tr-no_639.npz,val
Tr-gl_410.npz,glioma,Training,processed/kaggle_normalized/Training/glioma/Tr-gl_410.npz,val
Tr-me_87.npz,meningioma,Training,processed/kaggle_normalized/Training/meningioma/Tr-me_87.npz,val
Tr-me_757.npz,meningioma,Training,processed/kaggle_normalized/Training/meningioma/Tr-me_757.npz,val
Tr-me_653.npz,meningioma,Training,processed/kaggle_normalized/Training/meningioma/Tr-me_653.npz,val
Tr-gl_1143.npz,glioma,Training,processed/kaggle_normalized/Training/glioma/Tr-gl_1143.npz,val
Tr-gl_1351.npz,glioma,Training,processed/kaggle_normalized/Training/glioma/Tr-gl_1351.npz,val
Tr-me_999.npz,meningioma,Training,processed/kaggle_normalized/Training/meningioma/Tr-me_999.npz,val
Tr-no_1242.npz,notumor,Training,processed/kaggle_normalized/Training/notumor/Tr-no_1242.npz,val
Tr-gl_894.npz,glioma,Training,processed/kaggle_normalized/Training/glioma/Tr-gl_894.npz,val
Tr-me_792.npz,meningioma,Training,processed/kaggle_normalized/Training/meningioma/Tr-me_792.npz,val
Tr-no_805.npz,notumor,Training,processed/kaggle_normalized/Training/notumor/Tr-no_805.npz,val
Tr-gl_1179.npz,glioma,Training,processed/kaggle_normalized/Training/glioma/Tr-gl_1179.npz,val
Tr-me_110.npz,meningioma,Training,processed/kaggle_normalized/Training/meningioma/Tr-me_110.npz,val
Tr-gl_437.npz,glioma,Training,processed/kaggle_normalized/Training/glioma/Tr-gl_437.npz,val
Tr-me_809.npz,meningioma,Training,processed/kaggle_normalized/Training/meningioma/Tr-me_809.npz,val
Tr-gl_707.npz,glioma,Training,processed/kaggle_normalized/Training/glioma/Tr-gl_707.npz,val
Tr-gl_824.npz,glioma,Training,processed/kaggle_normalized/Training/glioma/Tr-gl_824.npz,val
Tr-pi_477.npz,pituitary,Training,processed/kaggle_normalized/Training/pituitary/Tr-pi_477.npz,val
Tr-gl_174.npz,glioma,Training,processed/kaggle_normalized/Training/glioma/Tr-gl_174.npz,val
Tr-pi_725.npz,pituitary,Training,processed/kaggle_normalized/Training/pituitary/Tr-pi_725.npz,val
Tr-me_947.npz,meningioma,Training,processed/kaggle_normalized/Training/meningioma/Tr-me_947.npz,val
Tr-me_121.npz,meningioma,Training,processed/kaggle_normalized/Training/meningioma/Tr-me_121.npz,val
Tr-gl_988.npz,glioma,Training,processed/kaggle_normalized/Training/glioma/Tr-gl_988.npz,val
Tr-gl_937.npz,glioma,Training,processed/kaggle_normalized/Training/glioma/Tr-gl_937.npz,val
Tr-pi_1384.npz,pituitary,Training,processed/kaggle_normalized/Training/pituitary/Tr-pi_1384.npz,val
Tr-gl_1264.npz,glioma,Training,processed/kaggle_normalized/Training/glioma/Tr-gl_1264.npz,val
Tr-no_415.npz,notumor,Training,processed/kaggle_normalized/Training/notumor/Tr-no_415.npz,val
Tr-no_1072.npz,notumor,Training,processed/kaggle_normalized/Training/notumor/Tr-no_1072.npz,val
Tr-gl_712.npz,glioma,Training,processed/kaggle_normalized/Training/glioma/Tr-gl_712.npz,val
Tr-gl_703.npz,glioma,Training,processed/kaggle_normalized/Training/glioma/Tr-gl_703.npz,val
Tr-me_567.npz,meningioma,Training,processed/kaggle_normalized/Training/meningioma/Tr-me_567.npz,val
Tr-pi_275.npz,pituitary,Training,processed/kaggle_normalized/Training/pituitary/Tr-pi_275.npz,val
Tr-me_713.npz,meningioma,Training,processed/kaggle_normalized/Training/meningioma/Tr-me_713.npz,val
Tr-pi_1302.npz,pituitary,Training,processed/kaggle_normalized/Training/pituitary/Tr-pi_1302.npz,val
Tr-no_620.npz,notumor,Training,processed/kaggle_normalized/Training/notumor/Tr-no_620.npz,val
Tr-pi_1171.npz,pituitary,Training,processed/kaggle_normalized/Training/pituitary/Tr-pi_1171.npz,val
Tr-me_908.npz,meningioma,Training,processed/kaggle_normalized/Training/meningioma/Tr-me_908.npz,val
Tr-me_762.npz,meningioma,Training,processed/kaggle_normalized/Training/meningioma/Tr-me_762.npz,val
Tr-me_939.npz,meningioma,Training,processed/kaggle_normalized/Training/meningioma/Tr-me_939.npz,val
Tr-no_932.npz,notumor,Training,processed/kaggle_normalized/Training/notumor/Tr-no_932.npz,val
Tr-pi_241.npz,pituitary,Training,processed/kaggle_normalized/Training/pituitary/Tr-pi_241.npz,val
Tr-me_181.npz,meningioma,Training,processed/kaggle_normalized/Training/meningioma/Tr-me_181.npz,val
Tr-no_1327.npz,notumor,Training,processed/kaggle_normalized/Training/notumor/Tr-no_1327.npz,val
Tr-me_542.npz,meningioma,Training,processed/kaggle_normalized/Training/meningioma/Tr-me_542.npz,val
Tr-no_818.npz,notumor,Training,processed/kaggle_normalized/Training/notumor/Tr-no_818.npz,val
Tr-no_915.npz,notumor,Training,processed/kaggle_normalized/Training/notumor/Tr-no_915.npz,val
Tr-gl_964.npz,glioma,Training,processed/kaggle_normalized/Training/glioma/Tr-gl_964.npz,val
Tr-pi_311.npz,pituitary,Training,processed/kaggle_normalized/Training/pituitary/Tr-pi_311.npz,val
Tr-pi_382.npz,pituitary,Training,processed/kaggle_normalized/Training/pituitary/Tr-pi_382.npz,val
Tr-pi_614.npz,pituitary,Training,processed/kaggle_normalized/Training/pituitary/Tr-pi_614.npz,val
Tr-gl_685.npz,glioma,Training,processed/kaggle_normalized/Training/glioma/Tr-gl_685.npz,val
Tr-no_290.npz,notumor,Training,processed/kaggle_normalized/Training/notumor/Tr-no_290.npz,val
Tr-gl_575.npz,glioma,Training,processed/kaggle_normalized/Training/glioma/Tr-gl_575.npz,val
Tr-pi_605.npz,pituitary,Training,processed/kaggle_normalized/Training/pituitary/Tr-pi_605.npz,val
Tr-me_968.npz,meningioma,Training,processed/kaggle_normalized/Training/meningioma/Tr-me_968.npz,val
Tr-gl_1017.npz,glioma,Training,processed/kaggle_normalized/Training/glioma/Tr-gl_1017.npz,val
Tr-no_1066.npz,notumor,Training,processed/kaggle_normalized/Training/notumor/Tr-no_1066.npz,val
Tr-gl_198.npz,glioma,Training,processed/kaggle_normalized/Training/glioma/Tr-gl_198.npz,val
Tr-pi_308.npz,pituitary,Training,processed/kaggle_normalized/Training/pituitary/Tr-pi_308.npz,val
Tr-pi_296.npz,pituitary,Training,processed/kaggle_normalized/Training/pituitary/Tr-pi_296.npz,val
Tr-pi_1359.npz,pituitary,Training,processed/kaggle_normalized/Training/pituitary/Tr-pi_1359.npz,val
Tr-no_1304.npz,notumor,Training,processed/kaggle_normalized/Training/notumor/Tr-no_1304.npz,val
Tr-me_890.npz,meningioma,Training,processed/kaggle_normalized/Training/meningioma/Tr-me_890.npz,val
Tr-gl_1258.npz,glioma,Training,processed/kaggle_normalized/Training/glioma/Tr-gl_1258.npz,val
Tr-pi_179.npz,pituitary,Training,processed/kaggle_normalized/Training/pituitary/Tr-pi_179.npz,val
Tr-no_1195.npz,notumor,Training,processed/kaggle_normalized/Training/notumor/Tr-no_1195.npz,val
Tr-no_1109.npz,notumor,Training,processed/kaggle_normalized/Training/notumor/Tr-no_1109.npz,val
Tr-gl_818.npz,glioma,Training,processed/kaggle_normalized/Training/glioma/Tr-gl_818.npz,val
Tr-no_349.npz,notumor,Training,processed/kaggle_normalized/Training/notumor/Tr-no_349.npz,val
Tr-me_167.npz,meningioma,Training,processed/kaggle_normalized/Training/meningioma/Tr-me_167.npz,val
Tr-me_1173.npz,meningioma,Training,processed/kaggle_normalized/Training/meningioma/Tr-me_1173.npz,val
Tr-me_26.npz,meningioma,Training,processed/kaggle_normalized/Training/meningioma/Tr-me_26.npz,val
Tr-pi_387.npz,pituitary,Training,processed/kaggle_normalized/Training/pituitary/Tr-pi_387.npz,val
Tr-gl_224.npz,glioma,Training,processed/kaggle_normalized/Training/glioma/Tr-gl_224.npz,val
Tr-pi_489.npz,pituitary,Training,processed/kaggle_normalized/Training/pituitary/Tr-pi_489.npz,val
Tr-gl_286.npz,glioma,Training,processed/kaggle_normalized/Training/glioma/Tr-gl_286.npz,val
Tr-gl_1056.npz,glioma,Training,processed/kaggle_normalized/Training/glioma/Tr-gl_1056.npz,val
Tr-gl_315.npz,glioma,Training,processed/kaggle_normalized/Training/glioma/Tr-gl_315.npz,val
Tr-me_366.npz,meningioma,Training,processed/kaggle_normalized/Training/meningioma/Tr-me_366.npz,val
Tr-gl_785.npz,glioma,Training,processed/kaggle_normalized/Training/glioma/Tr-gl_785.npz,val
Tr-gl_1046.npz,glioma,Training,processed/kaggle_normalized/Training/glioma/Tr-gl_1046.npz,val
Tr-no_552.npz,notumor,Training,processed/kaggle_normalized/Training/notumor/Tr-no_552.npz,val
Tr-me_402.npz,meningioma,Training,processed/kaggle_normalized/Training/meningioma/Tr-me_402.npz,val
Tr-me_886.npz,meningioma,Training,processed/kaggle_normalized/Training/meningioma/Tr-me_886.npz,val
Tr-gl_68.npz,glioma,Training,processed/kaggle_normalized/Training/glioma/Tr-gl_68.npz,val
Tr-me_1255.npz,meningioma,Training,processed/kaggle_normalized/Training/meningioma/Tr-me_1255.npz,val
Tr-pi_409.npz,pituitary,Training,processed/kaggle_normalized/Training/pituitary/Tr-pi_409.npz,val
Tr-no_470.npz,notumor,Training,processed/kaggle_normalized/Training/notumor/Tr-no_470.npz,val
Tr-gl_307.npz,glioma,Training,processed/kaggle_normalized/Training/glioma/Tr-gl_307.npz,val
Tr-me_399.npz,meningioma,Training,processed/kaggle_normalized/Training/meningioma/Tr-me_399.npz,val
Tr-no_223.npz,notumor,Training,processed/kaggle_normalized/Training/notumor/Tr-no_223.npz,val
Tr-pi_89.npz,pituitary,Training,processed/kaggle_normalized/Training/pituitary/Tr-pi_89.npz,val
Tr-gl_314.npz,glioma,Training,processed/kaggle_normalized/Training/glioma/Tr-gl_314.npz,val
Tr-gl_899.npz,glioma,Training,processed/kaggle_normalized/Training/glioma/Tr-gl_899.npz,val
Tr-gl_512.npz,glioma,Training,processed/kaggle_normalized/Training/glioma/Tr-gl_512.npz,val
Tr-gl_462.npz,glioma,Training,processed/kaggle_normalized/Training/glioma/Tr-gl_462.npz,val
Tr-me_684.npz,meningioma,Training,processed/kaggle_normalized/Training/meningioma/Tr-me_684.npz,val
Tr-pi_715.npz,pituitary,Training,processed/kaggle_normalized/Training/pituitary/Tr-pi_715.npz,val
Tr-no_1172.npz,notumor,Training,processed/kaggle_normalized/Training/notumor/Tr-no_1172.npz,val
Tr-gl_932.npz,glioma,Training,processed/kaggle_normalized/Training/glioma/Tr-gl_932.npz,val
Tr-no_369.npz,notumor,Training,processed/kaggle_normalized/Training/notumor/Tr-no_369.npz,val
Tr-gl_196.npz,glioma,Training,processed/kaggle_normalized/Training/glioma/Tr-gl_196.npz,val
Tr-me_790.npz,meningioma,Training,processed/kaggle_normalized/Training/meningioma/Tr-me_790.npz,val
Tr-no_37.npz,notumor,Training,processed/kaggle_normalized/Training/notumor/Tr-no_37.npz,val
Tr-pi_1197.npz,pituitary,Training,processed/kaggle_normalized/Training/pituitary/Tr-pi_1197.npz,val
Tr-me_701.npz,meningioma,Training,processed/kaggle_normalized/Training/meningioma/Tr-me_701.npz,val
Tr-pi_577.npz,pituitary,Training,processed/kaggle_normalized/Training/pituitary/Tr-pi_577.npz,val
Tr-gl_1344.npz,glioma,Training,processed/kaggle_normalized/Training/glioma/Tr-gl_1344.npz,val
Tr-me_358.npz,meningioma,Training,processed/kaggle_normalized/Training/meningioma/Tr-me_358.npz,val
Tr-pi_586.npz,pituitary,Training,processed/kaggle_normalized/Training/pituitary/Tr-pi_586.npz,val
Tr-no_171.npz,notumor,Training,processed/kaggle_normalized/Training/notumor/Tr-no_171.npz,val
Tr-pi_702.npz,pituitary,Training,processed/kaggle_normalized/Training/pituitary/Tr-pi_702.npz,val
Tr-no_1190.npz,notumor,Training,processed/kaggle_normalized/Training/notumor/Tr-no_1190.npz,val
Tr-gl_1087.npz,glioma,Training,processed/kaggle_normalized/Training/glioma/Tr-gl_1087.npz,val
Tr-gl_1176.npz,glioma,Training,processed/kaggle_normalized/Training/glioma/Tr-gl_1176.npz,val
Tr-me_356.npz,meningioma,Training,processed/kaggle_normalized/Training/meningioma/Tr-me_356.npz,val
Tr-gl_657.npz,glioma,Training,processed/kaggle_normalized/Training/glioma/Tr-gl_657.npz,val
Tr-me_387.npz,meningioma,Training,processed/kaggle_normalized/Training/meningioma/Tr-me_387.npz,val
Tr-gl_1247.npz,glioma,Training,processed/kaggle_normalized/Training/glioma/Tr-gl_1247.npz,val
Tr-pi_1124.npz,pituitary,Training,processed/kaggle_normalized/Training/pituitary/Tr-pi_1124.npz,val
Tr-me_52.npz,meningioma,Training,processed/kaggle_normalized/Training/meningioma/Tr-me_52.npz,val
Tr-me_481.npz,meningioma,Training,processed/kaggle_normalized/Training/meningioma/Tr-me_481.npz,val
Tr-pi_1155.npz,pituitary,Training,processed/kaggle_normalized/Training/pituitary/Tr-pi_1155.npz,val
Tr-no_248.npz,notumor,Training,processed/kaggle_normalized/Training/notumor/Tr-no_248.npz,val
Tr-pi_508.npz,pituitary,Training,processed/kaggle_normalized/Training/pituitary/Tr-pi_508.npz,val
Tr-no_1387.npz,notumor,Training,processed/kaggle_normalized/Training/notumor/Tr-no_1387.npz,val
Tr-me_1180.npz,meningioma,Training,processed/kaggle_normalized/Training/meningioma/Tr-me_1180.npz,val
Tr-me_151.npz,meningioma,Training,processed/kaggle_normalized/Training/meningioma/Tr-me_151.npz,val
Tr-no_1078.npz,notumor,Training,processed/kaggle_normalized/Training/notumor/Tr-no_1078.npz,val
Tr-pi_785.npz,pituitary,Training,processed/kaggle_normalized/Training/pituitary/Tr-pi_785.npz,val
Tr-pi_298.npz,pituitary,Training,processed/kaggle_normalized/Training/pituitary/Tr-pi_298.npz,val
Tr-gl_1200.npz,glioma,Training,processed/kaggle_normalized/Training/glioma/Tr-gl_1200.npz,val
Tr-gl_353.npz,glioma,Training,processed/kaggle_normalized/Training/glioma/Tr-gl_353.npz,val
Tr-me_623.npz,meningioma,Training,processed/kaggle_normalized/Training/meningioma/Tr-me_623.npz,val
Tr-no_1395.npz,notumor,Training,processed/kaggle_normalized/Training/notumor/Tr-no_1395.npz,val
Tr-gl_351.npz,glioma,Training,processed/kaggle_normalized/Training/glioma/Tr-gl_351.npz,val
Tr-aug-me_57.npz,meningioma,Training,processed/kaggle_normalized/Training/meningioma/Tr-aug-me_57.npz,val
Tr-no_363.npz,notumor,Training,processed/kaggle_normalized/Training/notumor/Tr-no_363.npz,val
Tr-gl_832.npz,glioma,Training,processed/kaggle_normalized/Training/glioma/Tr-gl_832.npz,val
Tr-gl_856.npz,glioma,Training,processed/kaggle_normalized/Training/glioma/Tr-gl_856.npz,val
Tr-aug-me_8.npz,meningioma,Training,processed/kaggle_normalized/Training/meningioma/Tr-aug-me_8.npz,val
Tr-me_1027.npz,meningioma,Training,processed/kaggle_normalized/Training/meningioma/Tr-me_1027.npz,val
Tr-me_1039.npz,meningioma,Training,processed/kaggle_normalized/Training/meningioma/Tr-me_1039.npz,val
Tr-no_483.npz,notumor,Training,processed/kaggle_normalized/Training/notumor/Tr-no_483.npz,val
Tr-me_1228.npz,meningioma,Training,processed/kaggle_normalized/Training/meningioma/Tr-me_1228.npz,val
Tr-gl_118.npz,glioma,Training,processed/kaggle_normalized/Training/glioma/Tr-gl_118.npz,val
Tr-pi_64.npz,pituitary,Training,processed/kaggle_normalized/Training/pituitary/Tr-pi_64.npz,val
Tr-pi_430.npz,pituitary,Training,processed/kaggle_normalized/Training/pituitary/Tr-pi_430.npz,val
Tr-no_182.npz,notumor,Training,processed/kaggle_normalized/Training/notumor/Tr-no_182.npz,val
Tr-pi_1106.npz,pituitary,Training,processed/kaggle_normalized/Training/pituitary/Tr-pi_1106.npz,val
Tr-me_284.npz,meningioma,Training,processed/kaggle_normalized/Training/meningioma/Tr-me_284.npz,val
Tr-gl_793.npz,glioma,Training,processed/kaggle_normalized/Training/glioma/Tr-gl_793.npz,val
Tr-pi_313.npz,pituitary,Training,processed/kaggle_normalized/Training/pituitary/Tr-pi_313.npz,val
Tr-gl_472.npz,glioma,Training,processed/kaggle_normalized/Training/glioma/Tr-gl_472.npz,val
Tr-me_717.npz,meningioma,Training,processed/kaggle_normalized/Training/meningioma/Tr-me_717.npz,val
Tr-gl_938.npz,glioma,Training,processed/kaggle_normalized/Training/glioma/Tr-gl_938.npz,val
Tr-pi_956.npz,pituitary,Training,processed/kaggle_normalized/Training/pituitary/Tr-pi_956.npz,val
Tr-no_587.npz,notumor,Training,processed/kaggle_normalized/Training/notumor/Tr-no_587.npz,val
Tr-no_724.npz,notumor,Training,processed/kaggle_normalized/Training/notumor/Tr-no_724.npz,val
Tr-gl_1345.npz,glioma,Training,processed/kaggle_normalized/Training/glioma/Tr-gl_1345.npz,val
Tr-no_253.npz,notumor,Training,processed/kaggle_normalized/Training/notumor/Tr-no_253.npz,val
Tr-aug-me_34.npz,meningioma,Training,processed/kaggle_normalized/Training/meningioma/Tr-aug-me_34.npz,val
Tr-pi_1263.npz,pituitary,Training,processed/kaggle_normalized/Training/pituitary/Tr-pi_1263.npz,val
Tr-gl_163.npz,glioma,Training,processed/kaggle_normalized/Training/glioma/Tr-gl_163.npz,val
Tr-pi_1049.npz,pituitary,Training,processed/kaggle_normalized/Training/pituitary/Tr-pi_1049.npz,val
Tr-aug-me_63.npz,meningioma,Training,processed/kaggle_normalized/Training/meningioma/Tr-aug-me_63.npz,val
Tr-pi_819.npz,pituitary,Training,processed/kaggle_normalized/Training/pituitary/Tr-pi_819.npz,val
Tr-pi_432.npz,pituitary,Training,processed/kaggle_normalized/Training/pituitary/Tr-pi_432.npz,val
Tr-gl_1225.npz,glioma,Training,processed/kaggle_normalized/Training/glioma/Tr-gl_1225.npz,val
Tr-pi_113.npz,pituitary,Training,processed/kaggle_normalized/Training/pituitary/Tr-pi_113.npz,val
Tr-gl_968.npz,glioma,Training,processed/kaggle_normalized/Training/glioma/Tr-gl_968.npz,val
Tr-no_1243.npz,notumor,Training,processed/kaggle_normalized/Training/notumor/Tr-no_1243.npz,val
Tr-me_535.npz,meningioma,Training,processed/kaggle_normalized/Training/meningioma/Tr-me_535.npz,val
Tr-pi_665.npz,pituitary,Training,processed/kaggle_normalized/Training/pituitary/Tr-pi_665.npz,val
Tr-me_627.npz,meningioma,Training,processed/kaggle_normalized/Training/meningioma/Tr-me_627.npz,val
Tr-no_1115.npz,notumor,Training,processed/kaggle_normalized/Training/notumor/Tr-no_1115.npz,val
Tr-no_881.npz,notumor,Training,processed/kaggle_normalized/Training/notumor/Tr-no_881.npz,val
Tr-pi_1183.npz,pituitary,Training,processed/kaggle_normalized/Training/pituitary/Tr-pi_1183.npz,val
Tr-pi_627.npz,pituitary,Training,processed/kaggle_normalized/Training/pituitary/Tr-pi_627.npz,val
Tr-no_390.npz,notumor,Training,processed/kaggle_normalized/Training/notumor/Tr-no_390.npz,val
Tr-gl_1339.npz,glioma,Training,processed/kaggle_normalized/Training/glioma/Tr-gl_1339.npz,val
Tr-me_502.npz,meningioma,Training,processed/kaggle_normalized/Training/meningioma/Tr-me_502.npz,val
Tr-no_1274.npz,notumor,Training,processed/kaggle_normalized/Training/notumor/Tr-no_1274.npz,val
Tr-gl_386.npz,glioma,Training,processed/kaggle_normalized/Training/glioma/Tr-gl_386.npz,val
Tr-no_1284.npz,notumor,Training,processed/kaggle_normalized/Training/notumor/Tr-no_1284.npz,val
Tr-pi_530.npz,pituitary,Training,processed/kaggle_normalized/Training/pituitary/Tr-pi_530.npz,val
Tr-no_1159.npz,notumor,Training,processed/kaggle_normalized/Training/notumor/Tr-no_1159.npz,val
Tr-me_27.npz,meningioma,Training,processed/kaggle_normalized/Training/meningioma/Tr-me_27.npz,val
Tr-pi_67.npz,pituitary,Training,processed/kaggle_normalized/Training/pituitary/Tr-pi_67.npz,val
Tr-no_175.npz,notumor,Training,processed/kaggle_normalized/Training/notumor/Tr-no_175.npz,val
Tr-no_1392.npz,notumor,Training,processed/kaggle_normalized/Training/notumor/Tr-no_1392.npz,val
Tr-pi_130.npz,pituitary,Training,processed/kaggle_normalized/Training/pituitary/Tr-pi_130.npz,val
Tr-pi_182.npz,pituitary,Training,processed/kaggle_normalized/Training/pituitary/Tr-pi_182.npz,val
Tr-gl_813.npz,glioma,Training,processed/kaggle_normalized/Training/glioma/Tr-gl_813.npz,val
Tr-pi_1050.npz,pituitary,Training,processed/kaggle_normalized/Training/pituitary/Tr-pi_1050.npz,val
Tr-pi_1301.npz,pituitary,Training,processed/kaggle_normalized/Training/pituitary/Tr-pi_1301.npz,val
Tr-no_330.npz,notumor,Training,processed/kaggle_normalized/Training/notumor/Tr-no_330.npz,val
Tr-pi_1076.npz,pituitary,Training,processed/kaggle_normalized/Training/pituitary/Tr-pi_1076.npz,val
Tr-no_898.npz,notumor,Training,processed/kaggle_normalized/Training/notumor/Tr-no_898.npz,val
Tr-pi_280.npz,pituitary,Training,processed/kaggle_normalized/Training/pituitary/Tr-pi_280.npz,val
Tr-pi_139.npz,pituitary,Training,processed/kaggle_normalized/Training/pituitary/Tr-pi_139.npz,val
Tr-pi_79.npz,pituitary,Training,processed/kaggle_normalized/Training/pituitary/Tr-pi_79.npz,val
Tr-no_533.npz,notumor,Training,processed/kaggle_normalized/Training/notumor/Tr-no_533.npz,val
Tr-gl_651.npz,glioma,Training,processed/kaggle_normalized/Training/glioma/Tr-gl_651.npz,val
Tr-pi_1346.npz,pituitary,Training,processed/kaggle_normalized/Training/pituitary/Tr-pi_1346.npz,val
Tr-pi_156.npz,pituitary,Training,processed/kaggle_normalized/Training/pituitary/Tr-pi_156.npz,val
Tr-no_1306.npz,notumor,Training,processed/kaggle_normalized/Training/notumor/Tr-no_1306.npz,val
Tr-pi_1033.npz,pituitary,Training,processed/kaggle_normalized/Training/pituitary/Tr-pi_1033.npz,val
Tr-gl_831.npz,glioma,Training,processed/kaggle_normalized/Training/glioma/Tr-gl_831.npz,val
Tr-me_1140.npz,meningioma,Training,processed/kaggle_normalized/Training/meningioma/Tr-me_1140.npz,val
Tr-me_345.npz,meningioma,Training,processed/kaggle_normalized/Training/meningioma/Tr-me_345.npz,val
Tr-pi_460.npz,pituitary,Training,processed/kaggle_normalized/Training/pituitary/Tr-pi_460.npz,val
Tr-pi_100.npz,pituitary,Training,processed/kaggle_normalized/Training/pituitary/Tr-pi_100.npz,val
Tr-no_371.npz,notumor,Training,processed/kaggle_normalized/Training/notumor/Tr-no_371.npz,val
Tr-pi_1264.npz,pituitary,Training,processed/kaggle_normalized/Training/pituitary/Tr-pi_1264.npz,val
Tr-me_675.npz,meningioma,Training,processed/kaggle_normalized/Training/meningioma/Tr-me_675.npz,val
Tr-no_863.npz,notumor,Training,processed/kaggle_normalized/Training/notumor/Tr-no_863.npz,val
Tr-gl_69.npz,glioma,Training,processed/kaggle_normalized/Training/glioma/Tr-gl_69.npz,val
Tr-no_573.npz,notumor,Training,processed/kaggle_normalized/Training/notumor/Tr-no_573.npz,val
Tr-no_1126.npz,notumor,Training,processed/kaggle_normalized/Training/notumor/Tr-no_1126.npz,val
Tr-gl_75.npz,glioma,Training,processed/kaggle_normalized/Training/glioma/Tr-gl_75.npz,val
Tr-pi_1151.npz,pituitary,Training,processed/kaggle_normalized/Training/pituitary/Tr-pi_1151.npz,val
Tr-no_518.npz,notumor,Training,processed/kaggle_normalized/Training/notumor/Tr-no_518.npz,val
Tr-pi_941.npz,pituitary,Training,processed/kaggle_normalized/Training/pituitary/Tr-pi_941.npz,val
Tr-no_594.npz,notumor,Training,processed/kaggle_normalized/Training/notumor/Tr-no_594.npz,val
Tr-pi_934.npz,pituitary,Training,processed/kaggle_normalized/Training/pituitary/Tr-pi_934.npz,val
Tr-pi_60.npz,pituitary,Training,processed/kaggle_normalized/Training/pituitary/Tr-pi_60.npz,val
Tr-pi_516.npz,pituitary,Training,processed/kaggle_normalized/Training/pituitary/Tr-pi_516.npz,val
Tr-me_229.npz,meningioma,Training,processed/kaggle_normalized/Training/meningioma/Tr-me_229.npz,val
Tr-gl_29.npz,glioma,Training,processed/kaggle_normalized/Training/glioma/Tr-gl_29.npz,val
Tr-aug-me_43.npz,meningioma,Training,processed/kaggle_normalized/Training/meningioma/Tr-aug-me_43.npz,val
Tr-me_1097.npz,meningioma,Training,processed/kaggle_normalized/Training/meningioma/Tr-me_1097.npz,val
Tr-me_1221.npz,meningioma,Training,processed/kaggle_normalized/Training/meningioma/Tr-me_1221.npz,val
Tr-pi_312.npz,pituitary,Training,processed/kaggle_normalized/Training/pituitary/Tr-pi_312.npz,val
Tr-me_472.npz,meningioma,Training,processed/kaggle_normalized/Training/meningioma/Tr-me_472.npz,val
Tr-gl_560.npz,glioma,Training,processed/kaggle_normalized/Training/glioma/Tr-gl_560.npz,val
Tr-me_950.npz,meningioma,Training,processed/kaggle_normalized/Training/meningioma/Tr-me_950.npz,val
Tr-gl_1282.npz,glioma,Training,processed/kaggle_normalized/Training/glioma/Tr-gl_1282.npz,val
Tr-gl_406.npz,glioma,Training,processed/kaggle_normalized/Training/glioma/Tr-gl_406.npz,val
Tr-no_973.npz,notumor,Training,processed/kaggle_normalized/Training/notumor/Tr-no_973.npz,val
Tr-no_255.npz,notumor,Training,processed/kaggle_normalized/Training/notumor/Tr-no_255.npz,val
Tr-gl_1359.npz,glioma,Training,processed/kaggle_normalized/Training/glioma/Tr-gl_1359.npz,val
Tr-no_233.npz,notumor,Training,processed/kaggle_normalized/Training/notumor/Tr-no_233.npz,val
Tr-me_614.npz,meningioma,Training,processed/kaggle_normalized/Training/meningioma/Tr-me_614.npz,val
Tr-pi_1399.npz,pituitary,Training,processed/kaggle_normalized/Training/pituitary/Tr-pi_1399.npz,val
Tr-no_831.npz,notumor,Training,processed/kaggle_normalized/Training/notumor/Tr-no_831.npz,val
Tr-pi_213.npz,pituitary,Training,processed/kaggle_normalized/Training/pituitary/Tr-pi_213.npz,val
Tr-pi_500.npz,pituitary,Training,processed/kaggle_normalized/Training/pituitary/Tr-pi_500.npz,val
Tr-gl_978.npz,glioma,Training,processed/kaggle_normalized/Training/glioma/Tr-gl_978.npz,val
Tr-no_753.npz,notumor,Training,processed/kaggle_normalized/Training/notumor/Tr-no_753.npz,val
Tr-gl_692.npz,glioma,Training,processed/kaggle_normalized/Training/glioma/Tr-gl_692.npz,val
Tr-me_613.npz,meningioma,Training,processed/kaggle_normalized/Training/meningioma/Tr-me_613.npz,val
Tr-me_98.npz,meningioma,Training,processed/kaggle_normalized/Training/meningioma/Tr-me_98.npz,val
Tr-me_777.npz,meningioma,Training,processed/kaggle_normalized/Training/meningioma/Tr-me_777.npz,val
Tr-no_1351.npz,notumor,Training,processed/kaggle_normalized/Training/notumor/Tr-no_1351.npz,val
Tr-no_65.npz,notumor,Training,processed/kaggle_normalized/Training/notumor/Tr-no_65.npz,val
Tr-me_985.npz,meningioma,Training,processed/kaggle_normalized/Training/meningioma/Tr-me_985.npz,val
Tr-me_264.npz,meningioma,Training,processed/kaggle_normalized/Training/meningioma/Tr-me_264.npz,val
Tr-me_592.npz,meningioma,Training,processed/kaggle_normalized/Training/meningioma/Tr-me_592.npz,val
Tr-gl_887.npz,glioma,Training,processed/kaggle_normalized/Training/glioma/Tr-gl_887.npz,val
Tr-pi_325.npz,pituitary,Training,processed/kaggle_normalized/Training/pituitary/Tr-pi_325.npz,val
Tr-gl_1142.npz,glioma,Training,processed/kaggle_normalized/Training/glioma/Tr-gl_1142.npz,val
Tr-pi_570.npz,pituitary,Training,processed/kaggle_normalized/Training/pituitary/Tr-pi_570.npz,val
Tr-no_751.npz,notumor,Training,processed/kaggle_normalized/Training/notumor/Tr-no_751.npz,val
Tr-gl_1240.npz,glioma,Training,processed/kaggle_normalized/Training/glioma/Tr-gl_1240.npz,val
Tr-gl_773.npz,glioma,Training,processed/kaggle_normalized/Training/glioma/Tr-gl_773.npz,val
Tr-gl_158.npz,glioma,Training,processed/kaggle_normalized/Training/glioma/Tr-gl_158.npz,val
Tr-no_119.npz,notumor,Training,processed/kaggle_normalized/Training/notumor/Tr-no_119.npz,val
Tr-gl_656.npz,glioma,Training,processed/kaggle_normalized/Training/glioma/Tr-gl_656.npz,val
Tr-gl_430.npz,glioma,Training,processed/kaggle_normalized/Training/glioma/Tr-gl_430.npz,val
Tr-gl_903.npz,glioma,Training,processed/kaggle_normalized/Training/glioma/Tr-gl_903.npz,val
Tr-no_62.npz,notumor,Training,processed/kaggle_normalized/Training/notumor/Tr-no_62.npz,val
Tr-me_756.npz,meningioma,Training,processed/kaggle_normalized/Training/meningioma/Tr-me_756.npz,val
Tr-pi_703.npz,pituitary,Training,processed/kaggle_normalized/Training/pituitary/Tr-pi_703.npz,val
Tr-me_1010.npz,meningioma,Training,processed/kaggle_normalized/Training/meningioma/Tr-me_1010.npz,val
Tr-gl_1226.npz,glioma,Training,processed/kaggle_normalized/Training/glioma/Tr-gl_1226.npz,val
Tr-me_1225.npz,meningioma,Training,processed/kaggle_normalized/Training/meningioma/Tr-me_1225.npz,val
Tr-pi_1071.npz,pituitary,Training,processed/kaggle_normalized/Training/pituitary/Tr-pi_1071.npz,val
Tr-me_1051.npz,meningioma,Training,processed/kaggle_normalized/Training/meningioma/Tr-me_1051.npz,val
Tr-no_1323.npz,notumor,Training,processed/kaggle_normalized/Training/notumor/Tr-no_1323.npz,val
Tr-no_609.npz,notumor,Training,processed/kaggle_normalized/Training/notumor/Tr-no_609.npz,val
Tr-me_1295.npz,meningioma,Training,processed/kaggle_normalized/Training/meningioma/Tr-me_1295.npz,val
Tr-gl_181.npz,glioma,Training,processed/kaggle_normalized/Training/glioma/Tr-gl_181.npz,val
Tr-no_259.npz,notumor,Training,processed/kaggle_normalized/Training/notumor/Tr-no_259.npz,val
Tr-gl_799.npz,glioma,Training,processed/kaggle_normalized/Training/glioma/Tr-gl_799.npz,val
Tr-me_906.npz,meningioma,Training,processed/kaggle_normalized/Training/meningioma/Tr-me_906.npz,val
Tr-pi_1232.npz,pituitary,Training,processed/kaggle_normalized/Training/pituitary/Tr-pi_1232.npz,val
Tr-pi_851.npz,pituitary,Training,processed/kaggle_normalized/Training/pituitary/Tr-pi_851.npz,val
Tr-gl_1204.npz,glioma,Training,processed/kaggle_normalized/Training/glioma/Tr-gl_1204.npz,val
Tr-pi_309.npz,pituitary,Training,processed/kaggle_normalized/Training/pituitary/Tr-pi_309.npz,val
Tr-me_1049.npz,meningioma,Training,processed/kaggle_normalized/Training/meningioma/Tr-me_1049.npz,val
Tr-no_313.npz,notumor,Training,processed/kaggle_normalized/Training/notumor/Tr-no_313.npz,val
Tr-gl_1364.npz,glioma,Training,processed/kaggle_normalized/Training/glioma/Tr-gl_1364.npz,val
Tr-no_806.npz,notumor,Training,processed/kaggle_normalized/Training/notumor/Tr-no_806.npz,val
Tr-me_695.npz,meningioma,Training,processed/kaggle_normalized/Training/meningioma/Tr-me_695.npz,val
Tr-me_536.npz,meningioma,Training,processed/kaggle_normalized/Training/meningioma/Tr-me_536.npz,val
Tr-gl_601.npz,glioma,Training,processed/kaggle_normalized/Training/glioma/Tr-gl_601.npz,val
Tr-gl_522.npz,glioma,Training,processed/kaggle_normalized/Training/glioma/Tr-gl_522.npz,val
Tr-me_562.npz,meningioma,Training,processed/kaggle_normalized/Training/meningioma/Tr-me_562.npz,val
Tr-pi_870.npz,pituitary,Training,processed/kaggle_normalized/Training/pituitary/Tr-pi_870.npz,val
Tr-no_1233.npz,notumor,Training,processed/kaggle_normalized/Training/notumor/Tr-no_1233.npz,val
Tr-gl_528.npz,glioma,Training,processed/kaggle_normalized/Training/glioma/Tr-gl_528.npz,val
Tr-gl_367.npz,glioma,Training,processed/kaggle_normalized/Training/glioma/Tr-gl_367.npz,val
Tr-pi_63.npz,pituitary,Training,processed/kaggle_normalized/Training/pituitary/Tr-pi_63.npz,val
Tr-no_477.npz,notumor,Training,processed/kaggle_normalized/Training/notumor/Tr-no_477.npz,val
Tr-gl_1012.npz,glioma,Training,processed/kaggle_normalized/Training/glioma/Tr-gl_1012.npz,val
Tr-gl_1119.npz,glioma,Training,processed/kaggle_normalized/Training/glioma/Tr-gl_1119.npz,val
Tr-me_688.npz,meningioma,Training,processed/kaggle_normalized/Training/meningioma/Tr-me_688.npz,val
Tr-no_20.npz,notumor,Training,processed/kaggle_normalized/Training/notumor/Tr-no_20.npz,val
Tr-pi_203.npz,pituitary,Training,processed/kaggle_normalized/Training/pituitary/Tr-pi_203.npz,val
Tr-me_990.npz,meningioma,Training,processed/kaggle_normalized/Training/meningioma/Tr-me_990.npz,val
Tr-pi_122.npz,pituitary,Training,processed/kaggle_normalized/Training/pituitary/Tr-pi_122.npz,val
Tr-gl_1307.npz,glioma,Training,processed/kaggle_normalized/Training/glioma/Tr-gl_1307.npz,val
Tr-no_621.npz,notumor,Training,processed/kaggle_normalized/Training/notumor/Tr-no_621.npz,val
Tr-me_696.npz,meningioma,Training,processed/kaggle_normalized/Training/meningioma/Tr-me_696.npz,val
Tr-gl_1356.npz,glioma,Training,processed/kaggle_normalized/Training/glioma/Tr-gl_1356.npz,val
Tr-pi_1174.npz,pituitary,Training,processed/kaggle_normalized/Training/pituitary/Tr-pi_1174.npz,val
Tr-pi_341.npz,pituitary,Training,processed/kaggle_normalized/Training/pituitary/Tr-pi_341.npz,val
Tr-pi_251.npz,pituitary,Training,processed/kaggle_normalized/Training/pituitary/Tr-pi_251.npz,val
Tr-gl_1166.npz,glioma,Training,processed/kaggle_normalized/Training/glioma/Tr-gl_1166.npz,val
Tr-me_250.npz,meningioma,Training,processed/kaggle_normalized/Training/meningioma/Tr-me_250.npz,val
Tr-no_903.npz,notumor,Training,processed/kaggle_normalized/Training/notumor/Tr-no_903.npz,val
Tr-me_392.npz,meningioma,Training,processed/kaggle_normalized/Training/meningioma/Tr-me_392.npz,val
Tr-gl_621.npz,glioma,Training,processed/kaggle_normalized/Training/glioma/Tr-gl_621.npz,val
Tr-me_1213.npz,meningioma,Training,processed/kaggle_normalized/Training/meningioma/Tr-me_1213.npz,val
Tr-me_646.npz,meningioma,Training,processed/kaggle_normalized/Training/meningioma/Tr-me_646.npz,val
Tr-no_1169.npz,notumor,Training,processed/kaggle_normalized/Training/notumor/Tr-no_1169.npz,val
Tr-no_1004.npz,notumor,Training,processed/kaggle_normalized/Training/notumor/Tr-no_1004.npz,val
Tr-no_1188.npz,notumor,Training,processed/kaggle_normalized/Training/notumor/Tr-no_1188.npz,val
Tr-me_193.npz,meningioma,Training,processed/kaggle_normalized/Training/meningioma/Tr-me_193.npz,val
Tr-gl_1031.npz,glioma,Training,processed/kaggle_normalized/Training/glioma/Tr-gl_1031.npz,val
Tr-no_318.npz,notumor,Training,processed/kaggle_normalized/Training/notumor/Tr-no_318.npz,val
Tr-gl_679.npz,glioma,Training,processed/kaggle_normalized/Training/glioma/Tr-gl_679.npz,val
Tr-gl_804.npz,glioma,Training,processed/kaggle_normalized/Training/glioma/Tr-gl_804.npz,val
Tr-pi_964.npz,pituitary,Training,processed/kaggle_normalized/Training/pituitary/Tr-pi_964.npz,val
Tr-no_900.npz,notumor,Training,processed/kaggle_normalized/Training/notumor/Tr-no_900.npz,val
Tr-me_1171.npz,meningioma,Training,processed/kaggle_normalized/Training/meningioma/Tr-me_1171.npz,val
Tr-no_1239.npz,notumor,Training,processed/kaggle_normalized/Training/notumor/Tr-no_1239.npz,val
Tr-pi_1080.npz,pituitary,Training,processed/kaggle_normalized/Training/pituitary/Tr-pi_1080.npz,val
Tr-me_90.npz,meningioma,Training,processed/kaggle_normalized/Training/meningioma/Tr-me_90.npz,val
Tr-pi_479.npz,pituitary,Training,processed/kaggle_normalized/Training/pituitary/Tr-pi_479.npz,val
Tr-gl_190.npz,glioma,Training,processed/kaggle_normalized/Training/glioma/Tr-gl_190.npz,val
Tr-gl_771.npz,glioma,Training,processed/kaggle_normalized/Training/glioma/Tr-gl_771.npz,val
Tr-pi_594.npz,pituitary,Training,processed/kaggle_normalized/Training/pituitary/Tr-pi_594.npz,val
Tr-me_560.npz,meningioma,Training,processed/kaggle_normalized/Training/meningioma/Tr-me_560.npz,val
Tr-aug-me_14.npz,meningioma,Training,processed/kaggle_normalized/Training/meningioma/Tr-aug-me_14.npz,val
Tr-pi_752.npz,pituitary,Training,processed/kaggle_normalized/Training/pituitary/Tr-pi_752.npz,val
Tr-gl_653.npz,glioma,Training,processed/kaggle_normalized/Training/glioma/Tr-gl_653.npz,val
Tr-no_82.npz,notumor,Training,processed/kaggle_normalized/Training/notumor/Tr-no_82.npz,val
Tr-pi_142.npz,pituitary,Training,processed/kaggle_normalized/Training/pituitary/Tr-pi_142.npz,val
Tr-no_716.npz,notumor,Training,processed/kaggle_normalized/Training/notumor/Tr-no_716.npz,val
Tr-gl_412.npz,glioma,Training,processed/kaggle_normalized/Training/glioma/Tr-gl_412.npz,val
Tr-no_990.npz,notumor,Training,processed/kaggle_normalized/Training/notumor/Tr-no_990.npz,val
Tr-no_691.npz,notumor,Training,processed/kaggle_normalized/Training/notumor/Tr-no_691.npz,val
Tr-no_172.npz,notumor,Training,processed/kaggle_normalized/Training/notumor/Tr-no_172.npz,val
Tr-pi_844.npz,pituitary,Training,processed/kaggle_normalized/Training/pituitary/Tr-pi_844.npz,val
Tr-me_598.npz,meningioma,Training,processed/kaggle_normalized/Training/meningioma/Tr-me_598.npz,val
Tr-me_342.npz,meningioma,Training,processed/kaggle_normalized/Training/meningioma/Tr-me_342.npz,val
Tr-pi_805.npz,pituitary,Training,processed/kaggle_normalized/Training/pituitary/Tr-pi_805.npz,val
Tr-me_359.npz,meningioma,Training,processed/kaggle_normalized/Training/meningioma/Tr-me_359.npz,val
Tr-gl_546.npz,glioma,Training,processed/kaggle_normalized/Training/glioma/Tr-gl_546.npz,val
Tr-pi_590.npz,pituitary,Training,processed/kaggle_normalized/Training/pituitary/Tr-pi_590.npz,val
Tr-no_1315.npz,notumor,Training,processed/kaggle_normalized/Training/notumor/Tr-no_1315.npz,val
Tr-pi_1372.npz,pituitary,Training,processed/kaggle_normalized/Training/pituitary/Tr-pi_1372.npz,val
Tr-pi_1084.npz,pituitary,Training,processed/kaggle_normalized/Training/pituitary/Tr-pi_1084.npz,val
Tr-no_151.npz,notumor,Training,processed/kaggle_normalized/Training/notumor/Tr-no_151.npz,val
Tr-gl_1196.npz,glioma,Training,processed/kaggle_normalized/Training/glioma/Tr-gl_1196.npz,val
Tr-no_346.npz,notumor,Training,processed/kaggle_normalized/Training/notumor/Tr-no_346.npz,val
Tr-pi_1310.npz,pituitary,Training,processed/kaggle_normalized/Training/pituitary/Tr-pi_1310.npz,val
Tr-pi_36.npz,pituitary,Training,processed/kaggle_normalized/Training/pituitary/Tr-pi_36.npz,val
Tr-pi_342.npz,pituitary,Training,processed/kaggle_normalized/Training/pituitary/Tr-pi_342.npz,val
Tr-pi_380.npz,pituitary,Training,processed/kaggle_normalized/Training/pituitary/Tr-pi_380.npz,val
Tr-no_319.npz,notumor,Training,processed/kaggle_normalized/Training/notumor/Tr-no_319.npz,val
Tr-no_281.npz,notumor,Training,processed/kaggle_normalized/Training/notumor/Tr-no_281.npz,val
Tr-pi_604.npz,pituitary,Training,processed/kaggle_normalized/Training/pituitary/Tr-pi_604.npz,val
Tr-gl_760.npz,glioma,Training,processed/kaggle_normalized/Training/glioma/Tr-gl_760.npz,val
Tr-me_432.npz,meningioma,Training,processed/kaggle_normalized/Training/meningioma/Tr-me_432.npz,val
Tr-no_1211.npz,notumor,Training,processed/kaggle_normalized/Training/notumor/Tr-no_1211.npz,val
Tr-gl_530.npz,glioma,Training,processed/kaggle_normalized/Training/glioma/Tr-gl_530.npz,val
Tr-gl_331.npz,glioma,Training,processed/kaggle_normalized/Training/glioma/Tr-gl_331.npz,val
Tr-gl_1127.npz,glioma,Training,processed/kaggle_normalized/Training/glioma/Tr-gl_1127.npz,val
Tr-gl_661.npz,glioma,Training,processed/kaggle_normalized/Training/glioma/Tr-gl_661.npz,val
Tr-pi_191.npz,pituitary,Training,processed/kaggle_normalized/Training/pituitary/Tr-pi_191.npz,val
Tr-pi_225.npz,pituitary,Training,processed/kaggle_normalized/Training/pituitary/Tr-pi_225.npz,val
Tr-me_1110.npz,meningioma,Training,processed/kaggle_normalized/Training/meningioma/Tr-me_1110.npz,val
Tr-pi_454.npz,pituitary,Training,processed/kaggle_normalized/Training/pituitary/Tr-pi_454.npz,val
Tr-me_1258.npz,meningioma,Training,processed/kaggle_normalized/Training/meningioma/Tr-me_1258.npz,val
Tr-no_527.npz,notumor,Training,processed/kaggle_normalized/Training/notumor/Tr-no_527.npz,val
Tr-gl_1301.npz,glioma,Training,processed/kaggle_normalized/Training/glioma/Tr-gl_1301.npz,val
Tr-me_1211.npz,meningioma,Training,processed/kaggle_normalized/Training/meningioma/Tr-me_1211.npz,val
Tr-gl_602.npz,glioma,Training,processed/kaggle_normalized/Training/glioma/Tr-gl_602.npz,val
Tr-me_440.npz,meningioma,Training,processed/kaggle_normalized/Training/meningioma/Tr-me_440.npz,val
Tr-me_1076.npz,meningioma,Training,processed/kaggle_normalized/Training/meningioma/Tr-me_1076.npz,val
Tr-pi_147.npz,pituitary,Training,processed/kaggle_normalized/Training/pituitary/Tr-pi_147.npz,val
Tr-gl_1135.npz,glioma,Training,processed/kaggle_normalized/Training/glioma/Tr-gl_1135.npz,val
Tr-no_607.npz,notumor,Training,processed/kaggle_normalized/Training/notumor/Tr-no_607.npz,val
Tr-no_159.npz,notumor,Training,processed/kaggle_normalized/Training/notumor/Tr-no_159.npz,val
Tr-no_627.npz,notumor,Training,processed/kaggle_normalized/Training/notumor/Tr-no_627.npz,val
Tr-me_1285.npz,meningioma,Training,processed/kaggle_normalized/Training/meningioma/Tr-me_1285.npz,val
Tr-no_927.npz,notumor,Training,processed/kaggle_normalized/Training/notumor/Tr-no_927.npz,val
Tr-gl_450.npz,glioma,Training,processed/kaggle_normalized/Training/glioma/Tr-gl_450.npz,val
Tr-gl_377.npz,glioma,Training,processed/kaggle_normalized/Training/glioma/Tr-gl_377.npz,val
Tr-gl_258.npz,glioma,Training,processed/kaggle_normalized/Training/glioma/Tr-gl_258.npz,val
Tr-me_971.npz,meningioma,Training,processed/kaggle_normalized/Training/meningioma/Tr-me_971.npz,val
Tr-me_863.npz,meningioma,Training,processed/kaggle_normalized/Training/meningioma/Tr-me_863.npz,val
Tr-no_1198.npz,notumor,Training,processed/kaggle_normalized/Training/notumor/Tr-no_1198.npz,val
Tr-gl_850.npz,glioma,Training,processed/kaggle_normalized/Training/glioma/Tr-gl_850.npz,val
Tr-gl_825.npz,glioma,Training,processed/kaggle_normalized/Training/glioma/Tr-gl_825.npz,val
Tr-no_942.npz,notumor,Training,processed/kaggle_normalized/Training/notumor/Tr-no_942.npz,val
Tr-me_547.npz,meningioma,Training,processed/kaggle_normalized/Training/meningioma/Tr-me_547.npz,val
Tr-me_601.npz,meningioma,Training,processed/kaggle_normalized/Training/meningioma/Tr-me_601.npz,val
Tr-no_962.npz,notumor,Training,processed/kaggle_normalized/Training/notumor/Tr-no_962.npz,val
Tr-me_949.npz,meningioma,Training,processed/kaggle_normalized/Training/meningioma/Tr-me_949.npz,val
Tr-pi_1279.npz,pituitary,Training,processed/kaggle_normalized/Training/pituitary/Tr-pi_1279.npz,val
Tr-no_507.npz,notumor,Training,processed/kaggle_normalized/Training/notumor/Tr-no_507.npz,val
Tr-pi_520.npz,pituitary,Training,processed/kaggle_normalized/Training/pituitary/Tr-pi_520.npz,val
Tr-me_1203.npz,meningioma,Training,processed/kaggle_normalized/Training/meningioma/Tr-me_1203.npz,val
Tr-no_1.npz,notumor,Training,processed/kaggle_normalized/Training/notumor/Tr-no_1.npz,val
Tr-me_579.npz,meningioma,Training,processed/kaggle_normalized/Training/meningioma/Tr-me_579.npz,val
Tr-pi_478.npz,pituitary,Training,processed/kaggle_normalized/Training/pituitary/Tr-pi_478.npz,val
Tr-pi_183.npz,pituitary,Training,processed/kaggle_normalized/Training/pituitary/Tr-pi_183.npz,val
Tr-gl_321.npz,glioma,Training,processed/kaggle_normalized/Training/glioma/Tr-gl_321.npz,val
Tr-no_95.npz,notumor,Training,processed/kaggle_normalized/Training/notumor/Tr-no_95.npz,val
Tr-gl_368.npz,glioma,Training,processed/kaggle_normalized/Training/glioma/Tr-gl_368.npz,val
Tr-no_969.npz,notumor,Training,processed/kaggle_normalized/Training/notumor/Tr-no_969.npz,val
Tr-no_332.npz,notumor,Training,processed/kaggle_normalized/Training/notumor/Tr-no_332.npz,val
Tr-pi_1077.npz,pituitary,Training,processed/kaggle_normalized/Training/pituitary/Tr-pi_1077.npz,val
Tr-pi_882.npz,pituitary,Training,processed/kaggle_normalized/Training/pituitary/Tr-pi_882.npz,val
Tr-me_422.npz,meningioma,Training,processed/kaggle_normalized/Training/meningioma/Tr-me_422.npz,val
Tr-me_907.npz,meningioma,Training,processed/kaggle_normalized/Training/meningioma/Tr-me_907.npz,val
Tr-pi_973.npz,pituitary,Training,processed/kaggle_normalized/Training/pituitary/Tr-pi_973.npz,val
Tr-pi_239.npz,pituitary,Training,processed/kaggle_normalized/Training/pituitary/Tr-pi_239.npz,val
Tr-no_117.npz,notumor,Training,processed/kaggle_normalized/Training/notumor/Tr-no_117.npz,val
Tr-pi_187.npz,pituitary,Training,processed/kaggle_normalized/Training/pituitary/Tr-pi_187.npz,val
Tr-no_131.npz,notumor,Training,processed/kaggle_normalized/Training/notumor/Tr-no_131.npz,val
Tr-pi_391.npz,pituitary,Training,processed/kaggle_normalized/Training/pituitary/Tr-pi_391.npz,val
Tr-me_1188.npz,meningioma,Training,processed/kaggle_normalized/Training/meningioma/Tr-me_1188.npz,val
Tr-pi_1180.npz,pituitary,Training,processed/kaggle_normalized/Training/pituitary/Tr-pi_1180.npz,val
Tr-me_541.npz,meningioma,Training,processed/kaggle_normalized/Training/meningioma/Tr-me_541.npz,val
Tr-no_579.npz,notumor,Training,processed/kaggle_normalized/Training/notumor/Tr-no_579.npz,val
Tr-no_28.npz,notumor,Training,processed/kaggle_normalized/Training/notumor/Tr-no_28.npz,val
Tr-no_576.npz,notumor,Training,processed/kaggle_normalized/Training/notumor/Tr-no_576.npz,val
Tr-pi_970.npz,pituitary,Training,processed/kaggle_normalized/Training/pituitary/Tr-pi_970.npz,val
Tr-pi_933.npz,pituitary,Training,processed/kaggle_normalized/Training/pituitary/Tr-pi_933.npz,val
Tr-pi_268.npz,pituitary,Training,processed/kaggle_normalized/Training/pituitary/Tr-pi_268.npz,val
Tr-gl_885.npz,glioma,Training,processed/kaggle_normalized/Training/glioma/Tr-gl_885.npz,val
Tr-gl_598.npz,glioma,Training,processed/kaggle_normalized/Training/glioma/Tr-gl_598.npz,val
Tr-no_138.npz,notumor,Training,processed/kaggle_normalized/Training/notumor/Tr-no_138.npz,val
Tr-no_580.npz,notumor,Training,processed/kaggle_normalized/Training/notumor/Tr-no_580.npz,val
Tr-me_451.npz,meningioma,Training,processed/kaggle_normalized/Training/meningioma/Tr-me_451.npz,val
Tr-no_849.npz,notumor,Training,processed/kaggle_normalized/Training/notumor/Tr-no_849.npz,val
Tr-no_274.npz,notumor,Training,processed/kaggle_normalized/Training/notumor/Tr-no_274.npz,val
Tr-pi_1228.npz,pituitary,Training,processed/kaggle_normalized/Training/pituitary/Tr-pi_1228.npz,val
Tr-me_1234.npz,meningioma,Training,processed/kaggle_normalized/Training/meningioma/Tr-me_1234.npz,val
Tr-pi_317.npz,pituitary,Training,processed/kaggle_normalized/Training/pituitary/Tr-pi_317.npz,val
Tr-me_211.npz,meningioma,Training,processed/kaggle_normalized/Training/meningioma/Tr-me_211.npz,val
Tr-gl_1005.npz,glioma,Training,processed/kaggle_normalized/Training/glioma/Tr-gl_1005.npz,val
Tr-me_140.npz,meningioma,Training,processed/kaggle_normalized/Training/meningioma/Tr-me_140.npz,val
Tr-me_879.npz,meningioma,Training,processed/kaggle_normalized/Training/meningioma/Tr-me_879.npz,val
Tr-me_84.npz,meningioma,Training,processed/kaggle_normalized/Training/meningioma/Tr-me_84.npz,val
Tr-pi_546.npz,pituitary,Training,processed/kaggle_normalized/Training/pituitary/Tr-pi_546.npz,val
Tr-gl_245.npz,glioma,Training,processed/kaggle_normalized/Training/glioma/Tr-gl_245.npz,val
Tr-gl_1091.npz,glioma,Training,processed/kaggle_normalized/Training/glioma/Tr-gl_1091.npz,val
Tr-gl_1084.npz,glioma,Training,processed/kaggle_normalized/Training/glioma/Tr-gl_1084.npz,val
Tr-pi_1260.npz,pituitary,Training,processed/kaggle_normalized/Training/pituitary/Tr-pi_1260.npz,val
Tr-pi_13.npz,pituitary,Training,processed/kaggle_normalized/Training/pituitary/Tr-pi_13.npz,val
Tr-me_978.npz,meningioma,Training,processed/kaggle_normalized/Training/meningioma/Tr-me_978.npz,val
Tr-no_500.npz,notumor,Training,processed/kaggle_normalized/Training/notumor/Tr-no_500.npz,val
Tr-pi_1182.npz,pituitary,Training,processed/kaggle_normalized/Training/pituitary/Tr-pi_1182.npz,val
Tr-no_1187.npz,notumor,Training,processed/kaggle_normalized/Training/notumor/Tr-no_1187.npz,val
Tr-pi_196.npz,pituitary,Training,processed/kaggle_normalized/Training/pituitary/Tr-pi_196.npz,val
Tr-me_798.npz,meningioma,Training,processed/kaggle_normalized/Training/meningioma/Tr-me_798.npz,val
Tr-pi_1052.npz,pituitary,Training,processed/kaggle_normalized/Training/pituitary/Tr-pi_1052.npz,val
Tr-no_122.npz,notumor,Training,processed/kaggle_normalized/Training/notumor/Tr-no_122.npz,val
Tr-pi_505.npz,pituitary,Training,processed/kaggle_normalized/Training/pituitary/Tr-pi_505.npz,val
Tr-me_1202.npz,meningioma,Training,processed/kaggle_normalized/Training/meningioma/Tr-me_1202.npz,val
Tr-no_683.npz,notumor,Training,processed/kaggle_normalized/Training/notumor/Tr-no_683.npz,val
Tr-no_894.npz,notumor,Training,processed/kaggle_normalized/Training/notumor/Tr-no_894.npz,val
Tr-me_60.npz,meningioma,Training,processed/kaggle_normalized/Training/meningioma/Tr-me_60.npz,val
Tr-gl_1115.npz,glioma,Training,processed/kaggle_normalized/Training/glioma/Tr-gl_1115.npz,val
Tr-no_867.npz,notumor,Training,processed/kaggle_normalized/Training/notumor/Tr-no_867.npz,val
Tr-me_1263.npz,meningioma,Training,processed/kaggle_normalized/Training/meningioma/Tr-me_1263.npz,val
Tr-gl_246.npz,glioma,Training,processed/kaggle_normalized/Training/glioma/Tr-gl_246.npz,val
Tr-pi_1349.npz,pituitary,Training,processed/kaggle_normalized/Training/pituitary/Tr-pi_1349.npz,val
Tr-gl_197.npz,glioma,Training,processed/kaggle_normalized/Training/glioma/Tr-gl_197.npz,val
Tr-me_439.npz,meningioma,Training,processed/kaggle_normalized/Training/meningioma/Tr-me_439.npz,val
Tr-gl_136.npz,glioma,Training,processed/kaggle_normalized/Training/glioma/Tr-gl_136.npz,val
Tr-no_1138.npz,notumor,Training,processed/kaggle_normalized/Training/notumor/Tr-no_1138.npz,val
Tr-gl_44.npz,glioma,Training,processed/kaggle_normalized/Training/glioma/Tr-gl_44.npz,val
Tr-gl_1215.npz,glioma,Training,processed/kaggle_normalized/Training/glioma/Tr-gl_1215.npz,val
Tr-gl_756.npz,glioma,Training,processed/kaggle_normalized/Training/glioma/Tr-gl_756.npz,val
Tr-aug-me_42.npz,meningioma,Training,processed/kaggle_normalized/Training/meningioma/Tr-aug-me_42.npz,val
Tr-no_547.npz,notumor,Training,processed/kaggle_normalized/Training/notumor/Tr-no_547.npz,val
Tr-gl_1347.npz,glioma,Training,processed/kaggle_normalized/Training/glioma/Tr-gl_1347.npz,val
Tr-pi_88.npz,pituitary,Training,processed/kaggle_normalized/Training/pituitary/Tr-pi_88.npz,val
Tr-me_74.npz,meningioma,Training,processed/kaggle_normalized/Training/meningioma/Tr-me_74.npz,val
Tr-me_252.npz,meningioma,Training,processed/kaggle_normalized/Training/meningioma/Tr-me_252.npz,val
Tr-gl_654.npz,glioma,Training,processed/kaggle_normalized/Training/glioma/Tr-gl_654.npz,val
Tr-pi_743.npz,pituitary,Training,processed/kaggle_normalized/Training/pituitary/Tr-pi_743.npz,val
Tr-pi_174.npz,pituitary,Training,processed/kaggle_normalized/Training/pituitary/Tr-pi_174.npz,val
Tr-no_229.npz,notumor,Training,processed/kaggle_normalized/Training/notumor/Tr-no_229.npz,val
Tr-no_1196.npz,notumor,Training,processed/kaggle_normalized/Training/notumor/Tr-no_1196.npz,val
Tr-gl_88.npz,glioma,Training,processed/kaggle_normalized/Training/glioma/Tr-gl_88.npz,val
Tr-me_632.npz,meningioma,Training,processed/kaggle_normalized/Training/meningioma/Tr-me_632.npz,val
Tr-pi_385.npz,pituitary,Training,processed/kaggle_normalized/Training/pituitary/Tr-pi_385.npz,val
Tr-pi_397.npz,pituitary,Training,processed/kaggle_normalized/Training/pituitary/Tr-pi_397.npz,val
Tr-gl_1010.npz,glioma,Training,processed/kaggle_normalized/Training/glioma/Tr-gl_1010.npz,val
Tr-gl_122.npz,glioma,Training,processed/kaggle_normalized/Training/glioma/Tr-gl_122.npz,val
Tr-me_368.npz,meningioma,Training,processed/kaggle_normalized/Training/meningioma/Tr-me_368.npz,val
Tr-pi_588.npz,pituitary,Training,processed/kaggle_normalized/Training/pituitary/Tr-pi_588.npz,val
Tr-me_394.npz,meningioma,Training,processed/kaggle_normalized/Training/meningioma/Tr-me_394.npz,val
Tr-me_595.npz,meningioma,Training,processed/kaggle_normalized/Training/meningioma/Tr-me_595.npz,val
Tr-no_1145.npz,notumor,Training,processed/kaggle_normalized/Training/notumor/Tr-no_1145.npz,val
Tr-gl_1234.npz,glioma,Training,processed/kaggle_normalized/Training/glioma/Tr-gl_1234.npz,val
Tr-no_343.npz,notumor,Training,processed/kaggle_normalized/Training/notumor/Tr-no_343.npz,val
Tr-me_786.npz,meningioma,Training,processed/kaggle_normalized/Training/meningioma/Tr-me_786.npz,val
Tr-me_581.npz,meningioma,Training,processed/kaggle_normalized/Training/meningioma/Tr-me_581.npz,val
Tr-no_636.npz,notumor,Training,processed/kaggle_normalized/Training/notumor/Tr-no_636.npz,val
Tr-aug-me_64.npz,meningioma,Training,processed/kaggle_normalized/Training/meningioma/Tr-aug-me_64.npz,val
Tr-gl_776.npz,glioma,Training,processed/kaggle_normalized/Training/glioma/Tr-gl_776.npz,val
Tr-me_245.npz,meningioma,Training,processed/kaggle_normalized/Training/meningioma/Tr-me_245.npz,val
Tr-pi_248.npz,pituitary,Training,processed/kaggle_normalized/Training/pituitary/Tr-pi_248.npz,val
Tr-aug-me_73.npz,meningioma,Training,processed/kaggle_normalized/Training/meningioma/Tr-aug-me_73.npz,val
Tr-gl_65.npz,glioma,Training,processed/kaggle_normalized/Training/glioma/Tr-gl_65.npz,val
Tr-no_1252.npz,notumor,Training,processed/kaggle_normalized/Training/notumor/Tr-no_1252.npz,val
Tr-pi_1215.npz,pituitary,Training,processed/kaggle_normalized/Training/pituitary/Tr-pi_1215.npz,val
Tr-gl_716.npz,glioma,Training,processed/kaggle_normalized/Training/glioma/Tr-gl_716.npz,val
Tr-pi_161.npz,pituitary,Training,processed/kaggle_normalized/Training/pituitary/Tr-pi_161.npz,val
Tr-no_846.npz,notumor,Training,processed/kaggle_normalized/Training/notumor/Tr-no_846.npz,val
Tr-no_998.npz,notumor,Training,processed/kaggle_normalized/Training/notumor/Tr-no_998.npz,val
Tr-pi_1103.npz,pituitary,Training,processed/kaggle_normalized/Training/pituitary/Tr-pi_1103.npz,val
Tr-no_929.npz,notumor,Training,processed/kaggle_normalized/Training/notumor/Tr-no_929.npz,val
Tr-no_1033.npz,notumor,Training,processed/kaggle_normalized/Training/notumor/Tr-no_1033.npz,val
Tr-no_506.npz,notumor,Training,processed/kaggle_normalized/Training/notumor/Tr-no_506.npz,val
Tr-gl_599.npz,glioma,Training,processed/kaggle_normalized/Training/glioma/Tr-gl_599.npz,val
Tr-no_916.npz,notumor,Training,processed/kaggle_normalized/Training/notumor/Tr-no_916.npz,val
Tr-gl_961.npz,glioma,Training,processed/kaggle_normalized/Training/glioma/Tr-gl_961.npz,val
Tr-no_715.npz,notumor,Training,processed/kaggle_normalized/Training/notumor/Tr-no_715.npz,val
Tr-pi_86.npz,pituitary,Training,processed/kaggle_normalized/Training/pituitary/Tr-pi_86.npz,val
Tr-gl_313.npz,glioma,Training,processed/kaggle_normalized/Training/glioma/Tr-gl_313.npz,val
Tr-me_931.npz,meningioma,Training,processed/kaggle_normalized/Training/meningioma/Tr-me_931.npz,val
Tr-gl_1133.npz,glioma,Training,processed/kaggle_normalized/Training/glioma/Tr-gl_1133.npz,val
Tr-no_407.npz,notumor,Training,processed/kaggle_normalized/Training/notumor/Tr-no_407.npz,val
Tr-pi_939.npz,pituitary,Training,processed/kaggle_normalized/Training/pituitary/Tr-pi_939.npz,val
Tr-gl_279.npz,glioma,Training,processed/kaggle_normalized/Training/glioma/Tr-gl_279.npz,val
Tr-no_441.npz,notumor,Training,processed/kaggle_normalized/Training/notumor/Tr-no_441.npz,val
Tr-no_29.npz,notumor,Training,processed/kaggle_normalized/Training/notumor/Tr-no_29.npz,val
Tr-no_1250.npz,notumor,Training,processed/kaggle_normalized/Training/notumor/Tr-no_1250.npz,val
Tr-me_391.npz,meningioma,Training,processed/kaggle_normalized/Training/meningioma/Tr-me_391.npz,val
Tr-gl_1185.npz,glioma,Training,processed/kaggle_normalized/Training/glioma/Tr-gl_1185.npz,val
Tr-me_1247.npz,meningioma,Training,processed/kaggle_normalized/Training/meningioma/Tr-me_1247.npz,val
Tr-gl_151.npz,glioma,Training,processed/kaggle_normalized/Training/glioma/Tr-gl_151.npz,val
Tr-pi_1100.npz,pituitary,Training,processed/kaggle_normalized/Training/pituitary/Tr-pi_1100.npz,val
Tr-aug-me_22.npz,meningioma,Training,processed/kaggle_normalized/Training/meningioma/Tr-aug-me_22.npz,val
Tr-me_361.npz,meningioma,Training,processed/kaggle_normalized/Training/meningioma/Tr-me_361.npz,val
Tr-pi_1272.npz,pituitary,Training,processed/kaggle_normalized/Training/pituitary/Tr-pi_1272.npz,val
Tr-no_424.npz,notumor,Training,processed/kaggle_normalized/Training/notumor/Tr-no_424.npz,val
Tr-gl_247.npz,glioma,Training,processed/kaggle_normalized/Training/glioma/Tr-gl_247.npz,val
Tr-no_140.npz,notumor,Training,processed/kaggle_normalized/Training/notumor/Tr-no_140.npz,val
Tr-pi_875.npz,pituitary,Training,processed/kaggle_normalized/Training/pituitary/Tr-pi_875.npz,val
Tr-gl_1148.npz,glioma,Training,processed/kaggle_normalized/Training/glioma/Tr-gl_1148.npz,val
Tr-pi_774.npz,pituitary,Training,processed/kaggle_normalized/Training/pituitary/Tr-pi_774.npz,val
Tr-pi_776.npz,pituitary,Training,processed/kaggle_normalized/Training/pituitary/Tr-pi_776.npz,val
Tr-pi_1119.npz,pituitary,Training,processed/kaggle_normalized/Training/pituitary/Tr-pi_1119.npz,val
Tr-gl_160.npz,glioma,Training,processed/kaggle_normalized/Training/glioma/Tr-gl_160.npz,val
Tr-no_211.npz,notumor,Training,processed/kaggle_normalized/Training/notumor/Tr-no_211.npz,val
Tr-pi_742.npz,pituitary,Training,processed/kaggle_normalized/Training/pituitary/Tr-pi_742.npz,val
Tr-pi_51.npz,pituitary,Training,processed/kaggle_normalized/Training/pituitary/Tr-pi_51.npz,val
Tr-gl_803.npz,glioma,Training,processed/kaggle_normalized/Training/glioma/Tr-gl_803.npz,val
Tr-gl_302.npz,glioma,Training,processed/kaggle_normalized/Training/glioma/Tr-gl_302.npz,val
Tr-pi_829.npz,pituitary,Training,processed/kaggle_normalized/Training/pituitary/Tr-pi_829.npz,val
Tr-no_803.npz,notumor,Training,processed/kaggle_normalized/Training/notumor/Tr-no_803.npz,val
Tr-gl_768.npz,glioma,Training,processed/kaggle_normalized/Training/glioma/Tr-gl_768.npz,val
Tr-no_499.npz,notumor,Training,processed/kaggle_normalized/Training/notumor/Tr-no_499.npz,val
Tr-pi_218.npz,pituitary,Training,processed/kaggle_normalized/Training/pituitary/Tr-pi_218.npz,val
Tr-me_158.npz,meningioma,Training,processed/kaggle_normalized/Training/meningioma/Tr-me_158.npz,val
Tr-me_628.npz,meningioma,Training,processed/kaggle_normalized/Training/meningioma/Tr-me_628.npz,val
Tr-no_945.npz,notumor,Training,processed/kaggle_normalized/Training/notumor/Tr-no_945.npz,val
Tr-gl_244.npz,glioma,Training,processed/kaggle_normalized/Training/glioma/Tr-gl_244.npz,val
Tr-no_227.npz,notumor,Training,processed/kaggle_normalized/Training/notumor/Tr-no_227.npz,val
Tr-no_192.npz,notumor,Training,processed/kaggle_normalized/Training/notumor/Tr-no_192.npz,val
Tr-no_325.npz,notumor,Training,processed/kaggle_normalized/Training/notumor/Tr-no_325.npz,val
Tr-no_393.npz,notumor,Training,processed/kaggle_normalized/Training/notumor/Tr-no_393.npz,val
Tr-no_540.npz,notumor,Training,processed/kaggle_normalized/Training/notumor/Tr-no_540.npz,val
Tr-pi_1209.npz,pituitary,Training,processed/kaggle_normalized/Training/pituitary/Tr-pi_1209.npz,val
Tr-pi_1122.npz,pituitary,Training,processed/kaggle_normalized/Training/pituitary/Tr-pi_1122.npz,val
Tr-gl_330.npz,glioma,Training,processed/kaggle_normalized/Training/glioma/Tr-gl_330.npz,val
Tr-no_981.npz,notumor,Training,processed/kaggle_normalized/Training/notumor/Tr-no_981.npz,val
Tr-pi_1096.npz,pituitary,Training,processed/kaggle_normalized/Training/pituitary/Tr-pi_1096.npz,val
Tr-gl_425.npz,glioma,Training,processed/kaggle_normalized/Training/glioma/Tr-gl_425.npz,val
Tr-me_735.npz,meningioma,Training,processed/kaggle_normalized/Training/meningioma/Tr-me_735.npz,val
Tr-no_1299.npz,notumor,Training,processed/kaggle_normalized/Training/notumor/Tr-no_1299.npz,val
Tr-gl_926.npz,glioma,Training,processed/kaggle_normalized/Training/glioma/Tr-gl_926.npz,val
Tr-me_1164.npz,meningioma,Training,processed/kaggle_normalized/Training/meningioma/Tr-me_1164.npz,val
Tr-pi_227.npz,pituitary,Training,processed/kaggle_normalized/Training/pituitary/Tr-pi_227.npz,val
Tr-me_396.npz,meningioma,Training,processed/kaggle_normalized/Training/meningioma/Tr-me_396.npz,val
Tr-pi_897.npz,pituitary,Training,processed/kaggle_normalized/Training/pituitary/Tr-pi_897.npz,val
Tr-me_835.npz,meningioma,Training,processed/kaggle_normalized/Training/meningioma/Tr-me_835.npz,val
Tr-aug-me_44.npz,meningioma,Training,processed/kaggle_normalized/Training/meningioma/Tr-aug-me_44.npz,val
Tr-me_1060.npz,meningioma,Training,processed/kaggle_normalized/Training/meningioma/Tr-me_1060.npz,val
Tr-no_24.npz,notumor,Training,processed/kaggle_normalized/Training/notumor/Tr-no_24.npz,val
Tr-pi_77.npz,pituitary,Training,processed/kaggle_normalized/Training/pituitary/Tr-pi_77.npz,val
Tr-me_818.npz,meningioma,Training,processed/kaggle_normalized/Training/meningioma/Tr-me_818.npz,val
Tr-no_1136.npz,notumor,Training,processed/kaggle_normalized/Training/notumor/Tr-no_1136.npz,val
Tr-me_715.npz,meningioma,Training,processed/kaggle_normalized/Training/meningioma/Tr-me_715.npz,val
Tr-gl_929.npz,glioma,Training,processed/kaggle_normalized/Training/glioma/Tr-gl_929.npz,val
Tr-me_564.npz,meningioma,Training,processed/kaggle_normalized/Training/meningioma/Tr-me_564.npz,val
Tr-no_1253.npz,notumor,Training,processed/kaggle_normalized/Training/notumor/Tr-no_1253.npz,val
Tr-no_763.npz,notumor,Training,processed/kaggle_normalized/Training/notumor/Tr-no_763.npz,val
Tr-gl_921.npz,glioma,Training,processed/kaggle_normalized/Training/glioma/Tr-gl_921.npz,val
Tr-gl_613.npz,glioma,Training,processed/kaggle_normalized/Training/glioma/Tr-gl_613.npz,val
Tr-gl_515.npz,glioma,Training,processed/kaggle_normalized/Training/glioma/Tr-gl_515.npz,val
Tr-pi_102.npz,pituitary,Training,processed/kaggle_normalized/Training/pituitary/Tr-pi_102.npz,val
Tr-me_68.npz,meningioma,Training,processed/kaggle_normalized/Training/meningioma/Tr-me_68.npz,val
Tr-no_1286.npz,notumor,Training,processed/kaggle_normalized/Training/notumor/Tr-no_1286.npz,val
Tr-pi_942.npz,pituitary,Training,processed/kaggle_normalized/Training/pituitary/Tr-pi_942.npz,val
Tr-gl_1396.npz,glioma,Training,processed/kaggle_normalized/Training/glioma/Tr-gl_1396.npz,val
Tr-pi_216.npz,pituitary,Training,processed/kaggle_normalized/Training/pituitary/Tr-pi_216.npz,val
Tr-gl_335.npz,glioma,Training,processed/kaggle_normalized/Training/glioma/Tr-gl_335.npz,val
Tr-pi_224.npz,pituitary,Training,processed/kaggle_normalized/Training/pituitary/Tr-pi_224.npz,val
Tr-me_1103.npz,meningioma,Training,processed/kaggle_normalized/Training/meningioma/Tr-me_1103.npz,val
Tr-gl_1392.npz,glioma,Training,processed/kaggle_normalized/Training/glioma/Tr-gl_1392.npz,val
Tr-me_1158.npz,meningioma,Training,processed/kaggle_normalized/Training/meningioma/Tr-me_1158.npz,val
Tr-gl_595.npz,glioma,Training,processed/kaggle_normalized/Training/glioma/Tr-gl_595.npz,val
Tr-me_768.npz,meningioma,Training,processed/kaggle_normalized/Training/meningioma/Tr-me_768.npz,val
Tr-no_1201.npz,notumor,Training,processed/kaggle_normalized/Training/notumor/Tr-no_1201.npz,val
Tr-pi_319.npz,pituitary,Training,processed/kaggle_normalized/Training/pituitary/Tr-pi_319.npz,val
Tr-no_156.npz,notumor,Training,processed/kaggle_normalized/Training/notumor/Tr-no_156.npz,val
Tr-pi_1285.npz,pituitary,Training,processed/kaggle_normalized/Training/pituitary/Tr-pi_1285.npz,val
Tr-me_804.npz,meningioma,Training,processed/kaggle_normalized/Training/meningioma/Tr-me_804.npz,val
Tr-gl_1016.npz,glioma,Training,processed/kaggle_normalized/Training/glioma/Tr-gl_1016.npz,val
Tr-pi_1370.npz,pituitary,Training,processed/kaggle_normalized/Training/pituitary/Tr-pi_1370.npz,val
Tr-gl_459.npz,glioma,Training,processed/kaggle_normalized/Training/glioma/Tr-gl_459.npz,val
Tr-no_376.npz,notumor,Training,processed/kaggle_normalized/Training/notumor/Tr-no_376.npz,val
Tr-gl_925.npz,glioma,Training,processed/kaggle_normalized/Training/glioma/Tr-gl_925.npz,val
Tr-no_201.npz,notumor,Training,processed/kaggle_normalized/Training/notumor/Tr-no_201.npz,val
Tr-gl_843.npz,glioma,Training,processed/kaggle_normalized/Training/glioma/Tr-gl_843.npz,val
Tr-gl_574.npz,glioma,Training,processed/kaggle_normalized/Training/glioma/Tr-gl_574.npz,val
Tr-gl_370.npz,glioma,Training,processed/kaggle_normalized/Training/glioma/Tr-gl_370.npz,val
Tr-me_1194.npz,meningioma,Training,processed/kaggle_normalized/Training/meningioma/Tr-me_1194.npz,val
Tr-no_1206.npz,notumor,Training,processed/kaggle_normalized/Training/notumor/Tr-no_1206.npz,val
Te-gl_1.npz,glioma,Testing,processed/kaggle_normalized/Testing/glioma/Te-gl_1.npz,test
Te-gl_10.npz,glioma,Testing,processed/kaggle_normalized/Testing/glioma/Te-gl_10.npz,test
Te-gl_100.npz,glioma,Testing,processed/kaggle_normalized/Testing/glioma/Te-gl_100.npz,test
Te-gl_101.npz,glioma,Testing,processed/kaggle_normalized/Testing/glioma/Te-gl_101.npz,test
Te-gl_102.npz,glioma,Testing,processed/kaggle_normalized/Testing/glioma/Te-gl_102.npz,test
Te-gl_103.npz,glioma,Testing,processed/kaggle_normalized/Testing/glioma/Te-gl_103.npz,test
Te-gl_104.npz,glioma,Testing,processed/kaggle_normalized/Testing/glioma/Te-gl_104.npz,test
Te-gl_105.npz,glioma,Testing,processed/kaggle_normalized/Testing/glioma/Te-gl_105.npz,test
Te-gl_106.npz,glioma,Testing,processed/kaggle_normalized/Testing/glioma/Te-gl_106.npz,test
Te-gl_107.npz,glioma,Testing,processed/kaggle_normalized/Testing/glioma/Te-gl_107.npz,test
Te-gl_108.npz,glioma,Testing,processed/kaggle_normalized/Testing/glioma/Te-gl_108.npz,test
Te-gl_109.npz,glioma,Testing,processed/kaggle_normalized/Testing/glioma/Te-gl_109.npz,test
Te-gl_11.npz,glioma,Testing,processed/kaggle_normalized/Testing/glioma/Te-gl_11.npz,test
Te-gl_110.npz,glioma,Testing,processed/kaggle_normalized/Testing/glioma/Te-gl_110.npz,test
Te-gl_111.npz,glioma,Testing,processed/kaggle_normalized/Testing/glioma/Te-gl_111.npz,test
Te-gl_112.npz,glioma,Testing,processed/kaggle_normalized/Testing/glioma/Te-gl_112.npz,test
Te-gl_113.npz,glioma,Testing,processed/kaggle_normalized/Testing/glioma/Te-gl_113.npz,test
Te-gl_114.npz,glioma,Testing,processed/kaggle_normalized/Testing/glioma/Te-gl_114.npz,test
Te-gl_115.npz,glioma,Testing,processed/kaggle_normalized/Testing/glioma/Te-gl_115.npz,test
Te-gl_116.npz,glioma,Testing,processed/kaggle_normalized/Testing/glioma/Te-gl_116.npz,test
Te-gl_117.npz,glioma,Testing,processed/kaggle_normalized/Testing/glioma/Te-gl_117.npz,test
Te-gl_118.npz,glioma,Testing,processed/kaggle_normalized/Testing/glioma/Te-gl_118.npz,test
Te-gl_119.npz,glioma,Testing,processed/kaggle_normalized/Testing/glioma/Te-gl_119.npz,test
Te-gl_12.npz,glioma,Testing,processed/kaggle_normalized/Testing/glioma/Te-gl_12.npz,test
Te-gl_120.npz,glioma,Testing,processed/kaggle_normalized/Testing/glioma/Te-gl_120.npz,test
Te-gl_121.npz,glioma,Testing,processed/kaggle_normalized/Testing/glioma/Te-gl_121.npz,test
Te-gl_122.npz,glioma,Testing,processed/kaggle_normalized/Testing/glioma/Te-gl_122.npz,test
Te-gl_123.npz,glioma,Testing,processed/kaggle_normalized/Testing/glioma/Te-gl_123.npz,test
Te-gl_124.npz,glioma,Testing,processed/kaggle_normalized/Testing/glioma/Te-gl_124.npz,test
Te-gl_125.npz,glioma,Testing,processed/kaggle_normalized/Testing/glioma/Te-gl_125.npz,test
Te-gl_126.npz,glioma,Testing,processed/kaggle_normalized/Testing/glioma/Te-gl_126.npz,test
Te-gl_127.npz,glioma,Testing,processed/kaggle_normalized/Testing/glioma/Te-gl_127.npz,test
Te-gl_128.npz,glioma,Testing,processed/kaggle_normalized/Testing/glioma/Te-gl_128.npz,test
Te-gl_129.npz,glioma,Testing,processed/kaggle_normalized/Testing/glioma/Te-gl_129.npz,test
Te-gl_13.npz,glioma,Testing,processed/kaggle_normalized/Testing/glioma/Te-gl_13.npz,test
Te-gl_130.npz,glioma,Testing,processed/kaggle_normalized/Testing/glioma/Te-gl_130.npz,test
Te-gl_131.npz,glioma,Testing,processed/kaggle_normalized/Testing/glioma/Te-gl_131.npz,test
Te-gl_132.npz,glioma,Testing,processed/kaggle_normalized/Testing/glioma/Te-gl_132.npz,test
Te-gl_133.npz,glioma,Testing,processed/kaggle_normalized/Testing/glioma/Te-gl_133.npz,test
Te-gl_134.npz,glioma,Testing,processed/kaggle_normalized/Testing/glioma/Te-gl_134.npz,test
Te-gl_135.npz,glioma,Testing,processed/kaggle_normalized/Testing/glioma/Te-gl_135.npz,test
Te-gl_136.npz,glioma,Testing,processed/kaggle_normalized/Testing/glioma/Te-gl_136.npz,test
Te-gl_137.npz,glioma,Testing,processed/kaggle_normalized/Testing/glioma/Te-gl_137.npz,test
Te-gl_138.npz,glioma,Testing,processed/kaggle_normalized/Testing/glioma/Te-gl_138.npz,test
Te-gl_139.npz,glioma,Testing,processed/kaggle_normalized/Testing/glioma/Te-gl_139.npz,test
Te-gl_14.npz,glioma,Testing,processed/kaggle_normalized/Testing/glioma/Te-gl_14.npz,test
Te-gl_140.npz,glioma,Testing,processed/kaggle_normalized/Testing/glioma/Te-gl_140.npz,test
Te-gl_141.npz,glioma,Testing,processed/kaggle_normalized/Testing/glioma/Te-gl_141.npz,test
Te-gl_142.npz,glioma,Testing,processed/kaggle_normalized/Testing/glioma/Te-gl_142.npz,test
Te-gl_143.npz,glioma,Testing,processed/kaggle_normalized/Testing/glioma/Te-gl_143.npz,test
Te-gl_144.npz,glioma,Testing,processed/kaggle_normalized/Testing/glioma/Te-gl_144.npz,test
Te-gl_145.npz,glioma,Testing,processed/kaggle_normalized/Testing/glioma/Te-gl_145.npz,test
Te-gl_146.npz,glioma,Testing,processed/kaggle_normalized/Testing/glioma/Te-gl_146.npz,test
Te-gl_147.npz,glioma,Testing,processed/kaggle_normalized/Testing/glioma/Te-gl_147.npz,test
Te-gl_148.npz,glioma,Testing,processed/kaggle_normalized/Testing/glioma/Te-gl_148.npz,test
Te-gl_149.npz,glioma,Testing,processed/kaggle_normalized/Testing/glioma/Te-gl_149.npz,test
Te-gl_15.npz,glioma,Testing,processed/kaggle_normalized/Testing/glioma/Te-gl_15.npz,test
Te-gl_150.npz,glioma,Testing,processed/kaggle_normalized/Testing/glioma/Te-gl_150.npz,test
Te-gl_151.npz,glioma,Testing,processed/kaggle_normalized/Testing/glioma/Te-gl_151.npz,test
Te-gl_152.npz,glioma,Testing,processed/kaggle_normalized/Testing/glioma/Te-gl_152.npz,test
Te-gl_153.npz,glioma,Testing,processed/kaggle_normalized/Testing/glioma/Te-gl_153.npz,test
Te-gl_154.npz,glioma,Testing,processed/kaggle_normalized/Testing/glioma/Te-gl_154.npz,test
Te-gl_155.npz,glioma,Testing,processed/kaggle_normalized/Testing/glioma/Te-gl_155.npz,test
Te-gl_156.npz,glioma,Testing,processed/kaggle_normalized/Testing/glioma/Te-gl_156.npz,test
Te-gl_157.npz,glioma,Testing,processed/kaggle_normalized/Testing/glioma/Te-gl_157.npz,test
Te-gl_158.npz,glioma,Testing,processed/kaggle_normalized/Testing/glioma/Te-gl_158.npz,test
Te-gl_159.npz,glioma,Testing,processed/kaggle_normalized/Testing/glioma/Te-gl_159.npz,test
Te-gl_16.npz,glioma,Testing,processed/kaggle_normalized/Testing/glioma/Te-gl_16.npz,test
Te-gl_160.npz,glioma,Testing,processed/kaggle_normalized/Testing/glioma/Te-gl_160.npz,test
Te-gl_161.npz,glioma,Testing,processed/kaggle_normalized/Testing/glioma/Te-gl_161.npz,test
Te-gl_162.npz,glioma,Testing,processed/kaggle_normalized/Testing/glioma/Te-gl_162.npz,test
Te-gl_163.npz,glioma,Testing,processed/kaggle_normalized/Testing/glioma/Te-gl_163.npz,test
Te-gl_164.npz,glioma,Testing,processed/kaggle_normalized/Testing/glioma/Te-gl_164.npz,test
Te-gl_165.npz,glioma,Testing,processed/kaggle_normalized/Testing/glioma/Te-gl_165.npz,test
Te-gl_166.npz,glioma,Testing,processed/kaggle_normalized/Testing/glioma/Te-gl_166.npz,test
Te-gl_167.npz,glioma,Testing,processed/kaggle_normalized/Testing/glioma/Te-gl_167.npz,test
Te-gl_168.npz,glioma,Testing,processed/kaggle_normalized/Testing/glioma/Te-gl_168.npz,test
Te-gl_169.npz,glioma,Testing,processed/kaggle_normalized/Testing/glioma/Te-gl_169.npz,test
Te-gl_17.npz,glioma,Testing,processed/kaggle_normalized/Testing/glioma/Te-gl_17.npz,test
Te-gl_170.npz,glioma,Testing,processed/kaggle_normalized/Testing/glioma/Te-gl_170.npz,test
Te-gl_171.npz,glioma,Testing,processed/kaggle_normalized/Testing/glioma/Te-gl_171.npz,test
Te-gl_172.npz,glioma,Testing,processed/kaggle_normalized/Testing/glioma/Te-gl_172.npz,test
Te-gl_173.npz,glioma,Testing,processed/kaggle_normalized/Testing/glioma/Te-gl_173.npz,test
Te-gl_174.npz,glioma,Testing,processed/kaggle_normalized/Testing/glioma/Te-gl_174.npz,test
Te-gl_175.npz,glioma,Testing,processed/kaggle_normalized/Testing/glioma/Te-gl_175.npz,test
Te-gl_176.npz,glioma,Testing,processed/kaggle_normalized/Testing/glioma/Te-gl_176.npz,test
Te-gl_177.npz,glioma,Testing,processed/kaggle_normalized/Testing/glioma/Te-gl_177.npz,test
Te-gl_178.npz,glioma,Testing,processed/kaggle_normalized/Testing/glioma/Te-gl_178.npz,test
Te-gl_179.npz,glioma,Testing,processed/kaggle_normalized/Testing/glioma/Te-gl_179.npz,test
Te-gl_18.npz,glioma,Testing,processed/kaggle_normalized/Testing/glioma/Te-gl_18.npz,test
Te-gl_180.npz,glioma,Testing,processed/kaggle_normalized/Testing/glioma/Te-gl_180.npz,test
Te-gl_181.npz,glioma,Testing,processed/kaggle_normalized/Testing/glioma/Te-gl_181.npz,test
Te-gl_182.npz,glioma,Testing,processed/kaggle_normalized/Testing/glioma/Te-gl_182.npz,test
Te-gl_183.npz,glioma,Testing,processed/kaggle_normalized/Testing/glioma/Te-gl_183.npz,test
Te-gl_184.npz,glioma,Testing,processed/kaggle_normalized/Testing/glioma/Te-gl_184.npz,test
Te-gl_185.npz,glioma,Testing,processed/kaggle_normalized/Testing/glioma/Te-gl_185.npz,test
Te-gl_186.npz,glioma,Testing,processed/kaggle_normalized/Testing/glioma/Te-gl_186.npz,test
Te-gl_187.npz,glioma,Testing,processed/kaggle_normalized/Testing/glioma/Te-gl_187.npz,test
Te-gl_188.npz,glioma,Testing,processed/kaggle_normalized/Testing/glioma/Te-gl_188.npz,test
Te-gl_189.npz,glioma,Testing,processed/kaggle_normalized/Testing/glioma/Te-gl_189.npz,test
Te-gl_19.npz,glioma,Testing,processed/kaggle_normalized/Testing/glioma/Te-gl_19.npz,test
Te-gl_190.npz,glioma,Testing,processed/kaggle_normalized/Testing/glioma/Te-gl_190.npz,test
Te-gl_191.npz,glioma,Testing,processed/kaggle_normalized/Testing/glioma/Te-gl_191.npz,test
Te-gl_192.npz,glioma,Testing,processed/kaggle_normalized/Testing/glioma/Te-gl_192.npz,test
Te-gl_193.npz,glioma,Testing,processed/kaggle_normalized/Testing/glioma/Te-gl_193.npz,test
Te-gl_194.npz,glioma,Testing,processed/kaggle_normalized/Testing/glioma/Te-gl_194.npz,test
Te-gl_195.npz,glioma,Testing,processed/kaggle_normalized/Testing/glioma/Te-gl_195.npz,test
Te-gl_196.npz,glioma,Testing,processed/kaggle_normalized/Testing/glioma/Te-gl_196.npz,test
Te-gl_197.npz,glioma,Testing,processed/kaggle_normalized/Testing/glioma/Te-gl_197.npz,test
Te-gl_198.npz,glioma,Testing,processed/kaggle_normalized/Testing/glioma/Te-gl_198.npz,test
Te-gl_199.npz,glioma,Testing,processed/kaggle_normalized/Testing/glioma/Te-gl_199.npz,test
Te-gl_2.npz,glioma,Testing,processed/kaggle_normalized/Testing/glioma/Te-gl_2.npz,test
Te-gl_20.npz,glioma,Testing,processed/kaggle_normalized/Testing/glioma/Te-gl_20.npz,test
Te-gl_200.npz,glioma,Testing,processed/kaggle_normalized/Testing/glioma/Te-gl_200.npz,test
Te-gl_201.npz,glioma,Testing,processed/kaggle_normalized/Testing/glioma/Te-gl_201.npz,test
Te-gl_202.npz,glioma,Testing,processed/kaggle_normalized/Testing/glioma/Te-gl_202.npz,test
Te-gl_203.npz,glioma,Testing,processed/kaggle_normalized/Testing/glioma/Te-gl_203.npz,test
Te-gl_204.npz,glioma,Testing,processed/kaggle_normalized/Testing/glioma/Te-gl_204.npz,test
Te-gl_205.npz,glioma,Testing,processed/kaggle_normalized/Testing/glioma/Te-gl_205.npz,test
Te-gl_206.npz,glioma,Testing,processed/kaggle_normalized/Testing/glioma/Te-gl_206.npz,test
Te-gl_207.npz,glioma,Testing,processed/kaggle_normalized/Testing/glioma/Te-gl_207.npz,test
Te-gl_208.npz,glioma,Testing,processed/kaggle_normalized/Testing/glioma/Te-gl_208.npz,test
Te-gl_209.npz,glioma,Testing,processed/kaggle_normalized/Testing/glioma/Te-gl_209.npz,test
Te-gl_21.npz,glioma,Testing,processed/kaggle_normalized/Testing/glioma/Te-gl_21.npz,test
Te-gl_210.npz,glioma,Testing,processed/kaggle_normalized/Testing/glioma/Te-gl_210.npz,test
Te-gl_211.npz,glioma,Testing,processed/kaggle_normalized/Testing/glioma/Te-gl_211.npz,test
Te-gl_212.npz,glioma,Testing,processed/kaggle_normalized/Testing/glioma/Te-gl_212.npz,test
Te-gl_213.npz,glioma,Testing,processed/kaggle_normalized/Testing/glioma/Te-gl_213.npz,test
Te-gl_214.npz,glioma,Testing,processed/kaggle_normalized/Testing/glioma/Te-gl_214.npz,test
Te-gl_215.npz,glioma,Testing,processed/kaggle_normalized/Testing/glioma/Te-gl_215.npz,test
Te-gl_216.npz,glioma,Testing,processed/kaggle_normalized/Testing/glioma/Te-gl_216.npz,test
Te-gl_217.npz,glioma,Testing,processed/kaggle_normalized/Testing/glioma/Te-gl_217.npz,test
Te-gl_218.npz,glioma,Testing,processed/kaggle_normalized/Testing/glioma/Te-gl_218.npz,test
Te-gl_219.npz,glioma,Testing,processed/kaggle_normalized/Testing/glioma/Te-gl_219.npz,test
Te-gl_22.npz,glioma,Testing,processed/kaggle_normalized/Testing/glioma/Te-gl_22.npz,test
Te-gl_220.npz,glioma,Testing,processed/kaggle_normalized/Testing/glioma/Te-gl_220.npz,test
Te-gl_221.npz,glioma,Testing,processed/kaggle_normalized/Testing/glioma/Te-gl_221.npz,test
Te-gl_222.npz,glioma,Testing,processed/kaggle_normalized/Testing/glioma/Te-gl_222.npz,test
Te-gl_223.npz,glioma,Testing,processed/kaggle_normalized/Testing/glioma/Te-gl_223.npz,test
Te-gl_224.npz,glioma,Testing,processed/kaggle_normalized/Testing/glioma/Te-gl_224.npz,test
Te-gl_225.npz,glioma,Testing,processed/kaggle_normalized/Testing/glioma/Te-gl_225.npz,test
Te-gl_226.npz,glioma,Testing,processed/kaggle_normalized/Testing/glioma/Te-gl_226.npz,test
Te-gl_227.npz,glioma,Testing,processed/kaggle_normalized/Testing/glioma/Te-gl_227.npz,test
Te-gl_228.npz,glioma,Testing,processed/kaggle_normalized/Testing/glioma/Te-gl_228.npz,test
Te-gl_229.npz,glioma,Testing,processed/kaggle_normalized/Testing/glioma/Te-gl_229.npz,test
Te-gl_23.npz,glioma,Testing,processed/kaggle_normalized/Testing/glioma/Te-gl_23.npz,test
Te-gl_230.npz,glioma,Testing,processed/kaggle_normalized/Testing/glioma/Te-gl_230.npz,test
Te-gl_231.npz,glioma,Testing,processed/kaggle_normalized/Testing/glioma/Te-gl_231.npz,test
Te-gl_232.npz,glioma,Testing,processed/kaggle_normalized/Testing/glioma/Te-gl_232.npz,test
Te-gl_233.npz,glioma,Testing,processed/kaggle_normalized/Testing/glioma/Te-gl_233.npz,test
Te-gl_234.npz,glioma,Testing,processed/kaggle_normalized/Testing/glioma/Te-gl_234.npz,test
Te-gl_235.npz,glioma,Testing,processed/kaggle_normalized/Testing/glioma/Te-gl_235.npz,test
Te-gl_236.npz,glioma,Testing,processed/kaggle_normalized/Testing/glioma/Te-gl_236.npz,test
Te-gl_237.npz,glioma,Testing,processed/kaggle_normalized/Testing/glioma/Te-gl_237.npz,test
Te-gl_238.npz,glioma,Testing,processed/kaggle_normalized/Testing/glioma/Te-gl_238.npz,test
Te-gl_239.npz,glioma,Testing,processed/kaggle_normalized/Testing/glioma/Te-gl_239.npz,test
Te-gl_24.npz,glioma,Testing,processed/kaggle_normalized/Testing/glioma/Te-gl_24.npz,test
Te-gl_240.npz,glioma,Testing,processed/kaggle_normalized/Testing/glioma/Te-gl_240.npz,test
Te-gl_241.npz,glioma,Testing,processed/kaggle_normalized/Testing/glioma/Te-gl_241.npz,test
Te-gl_242.npz,glioma,Testing,processed/kaggle_normalized/Testing/glioma/Te-gl_242.npz,test
Te-gl_243.npz,glioma,Testing,processed/kaggle_normalized/Testing/glioma/Te-gl_243.npz,test
Te-gl_244.npz,glioma,Testing,processed/kaggle_normalized/Testing/glioma/Te-gl_244.npz,test
Te-gl_245.npz,glioma,Testing,processed/kaggle_normalized/Testing/glioma/Te-gl_245.npz,test
Te-gl_246.npz,glioma,Testing,processed/kaggle_normalized/Testing/glioma/Te-gl_246.npz,test
Te-gl_247.npz,glioma,Testing,processed/kaggle_normalized/Testing/glioma/Te-gl_247.npz,test
Te-gl_248.npz,glioma,Testing,processed/kaggle_normalized/Testing/glioma/Te-gl_248.npz,test
Te-gl_249.npz,glioma,Testing,processed/kaggle_normalized/Testing/glioma/Te-gl_249.npz,test
Te-gl_25.npz,glioma,Testing,processed/kaggle_normalized/Testing/glioma/Te-gl_25.npz,test
Te-gl_250.npz,glioma,Testing,processed/kaggle_normalized/Testing/glioma/Te-gl_250.npz,test
Te-gl_251.npz,glioma,Testing,processed/kaggle_normalized/Testing/glioma/Te-gl_251.npz,test
Te-gl_252.npz,glioma,Testing,processed/kaggle_normalized/Testing/glioma/Te-gl_252.npz,test
Te-gl_253.npz,glioma,Testing,processed/kaggle_normalized/Testing/glioma/Te-gl_253.npz,test
Te-gl_254.npz,glioma,Testing,processed/kaggle_normalized/Testing/glioma/Te-gl_254.npz,test
Te-gl_255.npz,glioma,Testing,processed/kaggle_normalized/Testing/glioma/Te-gl_255.npz,test
Te-gl_256.npz,glioma,Testing,processed/kaggle_normalized/Testing/glioma/Te-gl_256.npz,test
Te-gl_257.npz,glioma,Testing,processed/kaggle_normalized/Testing/glioma/Te-gl_257.npz,test
Te-gl_258.npz,glioma,Testing,processed/kaggle_normalized/Testing/glioma/Te-gl_258.npz,test
Te-gl_259.npz,glioma,Testing,processed/kaggle_normalized/Testing/glioma/Te-gl_259.npz,test
Te-gl_26.npz,glioma,Testing,processed/kaggle_normalized/Testing/glioma/Te-gl_26.npz,test
Te-gl_260.npz,glioma,Testing,processed/kaggle_normalized/Testing/glioma/Te-gl_260.npz,test
Te-gl_261.npz,glioma,Testing,processed/kaggle_normalized/Testing/glioma/Te-gl_261.npz,test
Te-gl_262.npz,glioma,Testing,processed/kaggle_normalized/Testing/glioma/Te-gl_262.npz,test
Te-gl_263.npz,glioma,Testing,processed/kaggle_normalized/Testing/glioma/Te-gl_263.npz,test
Te-gl_264.npz,glioma,Testing,processed/kaggle_normalized/Testing/glioma/Te-gl_264.npz,test
Te-gl_265.npz,glioma,Testing,processed/kaggle_normalized/Testing/glioma/Te-gl_265.npz,test
Te-gl_266.npz,glioma,Testing,processed/kaggle_normalized/Testing/glioma/Te-gl_266.npz,test
Te-gl_267.npz,glioma,Testing,processed/kaggle_normalized/Testing/glioma/Te-gl_267.npz,test
Te-gl_268.npz,glioma,Testing,processed/kaggle_normalized/Testing/glioma/Te-gl_268.npz,test
Te-gl_269.npz,glioma,Testing,processed/kaggle_normalized/Testing/glioma/Te-gl_269.npz,test
Te-gl_27.npz,glioma,Testing,processed/kaggle_normalized/Testing/glioma/Te-gl_27.npz,test
Te-gl_270.npz,glioma,Testing,processed/kaggle_normalized/Testing/glioma/Te-gl_270.npz,test
Te-gl_271.npz,glioma,Testing,processed/kaggle_normalized/Testing/glioma/Te-gl_271.npz,test
Te-gl_272.npz,glioma,Testing,processed/kaggle_normalized/Testing/glioma/Te-gl_272.npz,test
Te-gl_273.npz,glioma,Testing,processed/kaggle_normalized/Testing/glioma/Te-gl_273.npz,test
Te-gl_274.npz,glioma,Testing,processed/kaggle_normalized/Testing/glioma/Te-gl_274.npz,test
Te-gl_275.npz,glioma,Testing,processed/kaggle_normalized/Testing/glioma/Te-gl_275.npz,test
Te-gl_276.npz,glioma,Testing,processed/kaggle_normalized/Testing/glioma/Te-gl_276.npz,test
Te-gl_277.npz,glioma,Testing,processed/kaggle_normalized/Testing/glioma/Te-gl_277.npz,test
Te-gl_278.npz,glioma,Testing,processed/kaggle_normalized/Testing/glioma/Te-gl_278.npz,test
Te-gl_279.npz,glioma,Testing,processed/kaggle_normalized/Testing/glioma/Te-gl_279.npz,test
Te-gl_28.npz,glioma,Testing,processed/kaggle_normalized/Testing/glioma/Te-gl_28.npz,test
Te-gl_280.npz,glioma,Testing,processed/kaggle_normalized/Testing/glioma/Te-gl_280.npz,test
Te-gl_281.npz,glioma,Testing,processed/kaggle_normalized/Testing/glioma/Te-gl_281.npz,test
Te-gl_282.npz,glioma,Testing,processed/kaggle_normalized/Testing/glioma/Te-gl_282.npz,test
Te-gl_283.npz,glioma,Testing,processed/kaggle_normalized/Testing/glioma/Te-gl_283.npz,test
Te-gl_284.npz,glioma,Testing,processed/kaggle_normalized/Testing/glioma/Te-gl_284.npz,test
Te-gl_285.npz,glioma,Testing,processed/kaggle_normalized/Testing/glioma/Te-gl_285.npz,test
Te-gl_286.npz,glioma,Testing,processed/kaggle_normalized/Testing/glioma/Te-gl_286.npz,test
Te-gl_287.npz,glioma,Testing,processed/kaggle_normalized/Testing/glioma/Te-gl_287.npz,test
Te-gl_288.npz,glioma,Testing,processed/kaggle_normalized/Testing/glioma/Te-gl_288.npz,test
Te-gl_289.npz,glioma,Testing,processed/kaggle_normalized/Testing/glioma/Te-gl_289.npz,test
Te-gl_29.npz,glioma,Testing,processed/kaggle_normalized/Testing/glioma/Te-gl_29.npz,test
Te-gl_290.npz,glioma,Testing,processed/kaggle_normalized/Testing/glioma/Te-gl_290.npz,test
Te-gl_291.npz,glioma,Testing,processed/kaggle_normalized/Testing/glioma/Te-gl_291.npz,test
Te-gl_292.npz,glioma,Testing,processed/kaggle_normalized/Testing/glioma/Te-gl_292.npz,test
Te-gl_293.npz,glioma,Testing,processed/kaggle_normalized/Testing/glioma/Te-gl_293.npz,test
Te-gl_294.npz,glioma,Testing,processed/kaggle_normalized/Testing/glioma/Te-gl_294.npz,test
Te-gl_295.npz,glioma,Testing,processed/kaggle_normalized/Testing/glioma/Te-gl_295.npz,test
Te-gl_296.npz,glioma,Testing,processed/kaggle_normalized/Testing/glioma/Te-gl_296.npz,test
Te-gl_297.npz,glioma,Testing,processed/kaggle_normalized/Testing/glioma/Te-gl_297.npz,test
Te-gl_298.npz,glioma,Testing,processed/kaggle_normalized/Testing/glioma/Te-gl_298.npz,test
Te-gl_299.npz,glioma,Testing,processed/kaggle_normalized/Testing/glioma/Te-gl_299.npz,test
Te-gl_3.npz,glioma,Testing,processed/kaggle_normalized/Testing/glioma/Te-gl_3.npz,test
Te-gl_30.npz,glioma,Testing,processed/kaggle_normalized/Testing/glioma/Te-gl_30.npz,test
Te-gl_300.npz,glioma,Testing,processed/kaggle_normalized/Testing/glioma/Te-gl_300.npz,test
Te-gl_301.npz,glioma,Testing,processed/kaggle_normalized/Testing/glioma/Te-gl_301.npz,test
Te-gl_302.npz,glioma,Testing,processed/kaggle_normalized/Testing/glioma/Te-gl_302.npz,test
Te-gl_303.npz,glioma,Testing,processed/kaggle_normalized/Testing/glioma/Te-gl_303.npz,test
Te-gl_304.npz,glioma,Testing,processed/kaggle_normalized/Testing/glioma/Te-gl_304.npz,test
Te-gl_305.npz,glioma,Testing,processed/kaggle_normalized/Testing/glioma/Te-gl_305.npz,test
Te-gl_306.npz,glioma,Testing,processed/kaggle_normalized/Testing/glioma/Te-gl_306.npz,test
Te-gl_307.npz,glioma,Testing,processed/kaggle_normalized/Testing/glioma/Te-gl_307.npz,test
Te-gl_308.npz,glioma,Testing,processed/kaggle_normalized/Testing/glioma/Te-gl_308.npz,test
Te-gl_309.npz,glioma,Testing,processed/kaggle_normalized/Testing/glioma/Te-gl_309.npz,test
Te-gl_31.npz,glioma,Testing,processed/kaggle_normalized/Testing/glioma/Te-gl_31.npz,test
Te-gl_310.npz,glioma,Testing,processed/kaggle_normalized/Testing/glioma/Te-gl_310.npz,test
Te-gl_311.npz,glioma,Testing,processed/kaggle_normalized/Testing/glioma/Te-gl_311.npz,test
Te-gl_312.npz,glioma,Testing,processed/kaggle_normalized/Testing/glioma/Te-gl_312.npz,test
Te-gl_313.npz,glioma,Testing,processed/kaggle_normalized/Testing/glioma/Te-gl_313.npz,test
Te-gl_314.npz,glioma,Testing,processed/kaggle_normalized/Testing/glioma/Te-gl_314.npz,test
Te-gl_315.npz,glioma,Testing,processed/kaggle_normalized/Testing/glioma/Te-gl_315.npz,test
Te-gl_316.npz,glioma,Testing,processed/kaggle_normalized/Testing/glioma/Te-gl_316.npz,test
Te-gl_317.npz,glioma,Testing,processed/kaggle_normalized/Testing/glioma/Te-gl_317.npz,test
Te-gl_318.npz,glioma,Testing,processed/kaggle_normalized/Testing/glioma/Te-gl_318.npz,test
Te-gl_319.npz,glioma,Testing,processed/kaggle_normalized/Testing/glioma/Te-gl_319.npz,test
Te-gl_32.npz,glioma,Testing,processed/kaggle_normalized/Testing/glioma/Te-gl_32.npz,test
Te-gl_320.npz,glioma,Testing,processed/kaggle_normalized/Testing/glioma/Te-gl_320.npz,test
Te-gl_321.npz,glioma,Testing,processed/kaggle_normalized/Testing/glioma/Te-gl_321.npz,test
Te-gl_322.npz,glioma,Testing,processed/kaggle_normalized/Testing/glioma/Te-gl_322.npz,test
Te-gl_323.npz,glioma,Testing,processed/kaggle_normalized/Testing/glioma/Te-gl_323.npz,test
Te-gl_324.npz,glioma,Testing,processed/kaggle_normalized/Testing/glioma/Te-gl_324.npz,test
Te-gl_325.npz,glioma,Testing,processed/kaggle_normalized/Testing/glioma/Te-gl_325.npz,test
Te-gl_326.npz,glioma,Testing,processed/kaggle_normalized/Testing/glioma/Te-gl_326.npz,test
Te-gl_327.npz,glioma,Testing,processed/kaggle_normalized/Testing/glioma/Te-gl_327.npz,test
Te-gl_328.npz,glioma,Testing,processed/kaggle_normalized/Testing/glioma/Te-gl_328.npz,test
Te-gl_329.npz,glioma,Testing,processed/kaggle_normalized/Testing/glioma/Te-gl_329.npz,test
Te-gl_33.npz,glioma,Testing,processed/kaggle_normalized/Testing/glioma/Te-gl_33.npz,test
Te-gl_330.npz,glioma,Testing,processed/kaggle_normalized/Testing/glioma/Te-gl_330.npz,test
Te-gl_331.npz,glioma,Testing,processed/kaggle_normalized/Testing/glioma/Te-gl_331.npz,test
Te-gl_332.npz,glioma,Testing,processed/kaggle_normalized/Testing/glioma/Te-gl_332.npz,test
Te-gl_333.npz,glioma,Testing,processed/kaggle_normalized/Testing/glioma/Te-gl_333.npz,test
Te-gl_334.npz,glioma,Testing,processed/kaggle_normalized/Testing/glioma/Te-gl_334.npz,test
Te-gl_335.npz,glioma,Testing,processed/kaggle_normalized/Testing/glioma/Te-gl_335.npz,test
Te-gl_336.npz,glioma,Testing,processed/kaggle_normalized/Testing/glioma/Te-gl_336.npz,test
Te-gl_337.npz,glioma,Testing,processed/kaggle_normalized/Testing/glioma/Te-gl_337.npz,test
Te-gl_338.npz,glioma,Testing,processed/kaggle_normalized/Testing/glioma/Te-gl_338.npz,test
Te-gl_339.npz,glioma,Testing,processed/kaggle_normalized/Testing/glioma/Te-gl_339.npz,test
Te-gl_34.npz,glioma,Testing,processed/kaggle_normalized/Testing/glioma/Te-gl_34.npz,test
Te-gl_340.npz,glioma,Testing,processed/kaggle_normalized/Testing/glioma/Te-gl_340.npz,test
Te-gl_341.npz,glioma,Testing,processed/kaggle_normalized/Testing/glioma/Te-gl_341.npz,test
Te-gl_342.npz,glioma,Testing,processed/kaggle_normalized/Testing/glioma/Te-gl_342.npz,test
Te-gl_343.npz,glioma,Testing,processed/kaggle_normalized/Testing/glioma/Te-gl_343.npz,test
Te-gl_344.npz,glioma,Testing,processed/kaggle_normalized/Testing/glioma/Te-gl_344.npz,test
Te-gl_345.npz,glioma,Testing,processed/kaggle_normalized/Testing/glioma/Te-gl_345.npz,test
Te-gl_346.npz,glioma,Testing,processed/kaggle_normalized/Testing/glioma/Te-gl_346.npz,test
Te-gl_347.npz,glioma,Testing,processed/kaggle_normalized/Testing/glioma/Te-gl_347.npz,test
Te-gl_348.npz,glioma,Testing,processed/kaggle_normalized/Testing/glioma/Te-gl_348.npz,test
Te-gl_349.npz,glioma,Testing,processed/kaggle_normalized/Testing/glioma/Te-gl_349.npz,test
Te-gl_35.npz,glioma,Testing,processed/kaggle_normalized/Testing/glioma/Te-gl_35.npz,test
Te-gl_350.npz,glioma,Testing,processed/kaggle_normalized/Testing/glioma/Te-gl_350.npz,test
Te-gl_351.npz,glioma,Testing,processed/kaggle_normalized/Testing/glioma/Te-gl_351.npz,test
Te-gl_352.npz,glioma,Testing,processed/kaggle_normalized/Testing/glioma/Te-gl_352.npz,test
Te-gl_353.npz,glioma,Testing,processed/kaggle_normalized/Testing/glioma/Te-gl_353.npz,test
Te-gl_354.npz,glioma,Testing,processed/kaggle_normalized/Testing/glioma/Te-gl_354.npz,test
Te-gl_355.npz,glioma,Testing,processed/kaggle_normalized/Testing/glioma/Te-gl_355.npz,test
Te-gl_356.npz,glioma,Testing,processed/kaggle_normalized/Testing/glioma/Te-gl_356.npz,test
Te-gl_357.npz,glioma,Testing,processed/kaggle_normalized/Testing/glioma/Te-gl_357.npz,test
Te-gl_358.npz,glioma,Testing,processed/kaggle_normalized/Testing/glioma/Te-gl_358.npz,test
Te-gl_359.npz,glioma,Testing,processed/kaggle_normalized/Testing/glioma/Te-gl_359.npz,test
Te-gl_36.npz,glioma,Testing,processed/kaggle_normalized/Testing/glioma/Te-gl_36.npz,test
Te-gl_360.npz,glioma,Testing,processed/kaggle_normalized/Testing/glioma/Te-gl_360.npz,test
Te-gl_361.npz,glioma,Testing,processed/kaggle_normalized/Testing/glioma/Te-gl_361.npz,test
Te-gl_362.npz,glioma,Testing,processed/kaggle_normalized/Testing/glioma/Te-gl_362.npz,test
Te-gl_363.npz,glioma,Testing,processed/kaggle_normalized/Testing/glioma/Te-gl_363.npz,test
Te-gl_364.npz,glioma,Testing,processed/kaggle_normalized/Testing/glioma/Te-gl_364.npz,test
Te-gl_365.npz,glioma,Testing,processed/kaggle_normalized/Testing/glioma/Te-gl_365.npz,test
Te-gl_366.npz,glioma,Testing,processed/kaggle_normalized/Testing/glioma/Te-gl_366.npz,test
Te-gl_367.npz,glioma,Testing,processed/kaggle_normalized/Testing/glioma/Te-gl_367.npz,test
Te-gl_368.npz,glioma,Testing,processed/kaggle_normalized/Testing/glioma/Te-gl_368.npz,test
Te-gl_369.npz,glioma,Testing,processed/kaggle_normalized/Testing/glioma/Te-gl_369.npz,test
Te-gl_37.npz,glioma,Testing,processed/kaggle_normalized/Testing/glioma/Te-gl_37.npz,test
Te-gl_370.npz,glioma,Testing,processed/kaggle_normalized/Testing/glioma/Te-gl_370.npz,test
Te-gl_371.npz,glioma,Testing,processed/kaggle_normalized/Testing/glioma/Te-gl_371.npz,test
Te-gl_372.npz,glioma,Testing,processed/kaggle_normalized/Testing/glioma/Te-gl_372.npz,test
Te-gl_373.npz,glioma,Testing,processed/kaggle_normalized/Testing/glioma/Te-gl_373.npz,test
Te-gl_374.npz,glioma,Testing,processed/kaggle_normalized/Testing/glioma/Te-gl_374.npz,test
Te-gl_375.npz,glioma,Testing,processed/kaggle_normalized/Testing/glioma/Te-gl_375.npz,test
Te-gl_376.npz,glioma,Testing,processed/kaggle_normalized/Testing/glioma/Te-gl_376.npz,test
Te-gl_377.npz,glioma,Testing,processed/kaggle_normalized/Testing/glioma/Te-gl_377.npz,test
Te-gl_378.npz,glioma,Testing,processed/kaggle_normalized/Testing/glioma/Te-gl_378.npz,test
Te-gl_379.npz,glioma,Testing,processed/kaggle_normalized/Testing/glioma/Te-gl_379.npz,test
Te-gl_38.npz,glioma,Testing,processed/kaggle_normalized/Testing/glioma/Te-gl_38.npz,test
Te-gl_380.npz,glioma,Testing,processed/kaggle_normalized/Testing/glioma/Te-gl_380.npz,test
Te-gl_381.npz,glioma,Testing,processed/kaggle_normalized/Testing/glioma/Te-gl_381.npz,test
Te-gl_382.npz,glioma,Testing,processed/kaggle_normalized/Testing/glioma/Te-gl_382.npz,test
Te-gl_383.npz,glioma,Testing,processed/kaggle_normalized/Testing/glioma/Te-gl_383.npz,test
Te-gl_384.npz,glioma,Testing,processed/kaggle_normalized/Testing/glioma/Te-gl_384.npz,test
Te-gl_385.npz,glioma,Testing,processed/kaggle_normalized/Testing/glioma/Te-gl_385.npz,test
Te-gl_386.npz,glioma,Testing,processed/kaggle_normalized/Testing/glioma/Te-gl_386.npz,test
Te-gl_387.npz,glioma,Testing,processed/kaggle_normalized/Testing/glioma/Te-gl_387.npz,test
Te-gl_388.npz,glioma,Testing,processed/kaggle_normalized/Testing/glioma/Te-gl_388.npz,test
Te-gl_389.npz,glioma,Testing,processed/kaggle_normalized/Testing/glioma/Te-gl_389.npz,test
Te-gl_39.npz,glioma,Testing,processed/kaggle_normalized/Testing/glioma/Te-gl_39.npz,test
Te-gl_390.npz,glioma,Testing,processed/kaggle_normalized/Testing/glioma/Te-gl_390.npz,test
Te-gl_391.npz,glioma,Testing,processed/kaggle_normalized/Testing/glioma/Te-gl_391.npz,test
Te-gl_392.npz,glioma,Testing,processed/kaggle_normalized/Testing/glioma/Te-gl_392.npz,test
Te-gl_393.npz,glioma,Testing,processed/kaggle_normalized/Testing/glioma/Te-gl_393.npz,test
Te-gl_394.npz,glioma,Testing,processed/kaggle_normalized/Testing/glioma/Te-gl_394.npz,test
Te-gl_395.npz,glioma,Testing,processed/kaggle_normalized/Testing/glioma/Te-gl_395.npz,test
Te-gl_396.npz,glioma,Testing,processed/kaggle_normalized/Testing/glioma/Te-gl_396.npz,test
Te-gl_397.npz,glioma,Testing,processed/kaggle_normalized/Testing/glioma/Te-gl_397.npz,test
Te-gl_398.npz,glioma,Testing,processed/kaggle_normalized/Testing/glioma/Te-gl_398.npz,test
Te-gl_399.npz,glioma,Testing,processed/kaggle_normalized/Testing/glioma/Te-gl_399.npz,test
Te-gl_4.npz,glioma,Testing,processed/kaggle_normalized/Testing/glioma/Te-gl_4.npz,test
Te-gl_40.npz,glioma,Testing,processed/kaggle_normalized/Testing/glioma/Te-gl_40.npz,test
Te-gl_400.npz,glioma,Testing,processed/kaggle_normalized/Testing/glioma/Te-gl_400.npz,test
Te-gl_41.npz,glioma,Testing,processed/kaggle_normalized/Testing/glioma/Te-gl_41.npz,test
Te-gl_42.npz,glioma,Testing,processed/kaggle_normalized/Testing/glioma/Te-gl_42.npz,test
Te-gl_43.npz,glioma,Testing,processed/kaggle_normalized/Testing/glioma/Te-gl_43.npz,test
Te-gl_44.npz,glioma,Testing,processed/kaggle_normalized/Testing/glioma/Te-gl_44.npz,test
Te-gl_45.npz,glioma,Testing,processed/kaggle_normalized/Testing/glioma/Te-gl_45.npz,test
Te-gl_46.npz,glioma,Testing,processed/kaggle_normalized/Testing/glioma/Te-gl_46.npz,test
Te-gl_47.npz,glioma,Testing,processed/kaggle_normalized/Testing/glioma/Te-gl_47.npz,test
Te-gl_48.npz,glioma,Testing,processed/kaggle_normalized/Testing/glioma/Te-gl_48.npz,test
Te-gl_49.npz,glioma,Testing,processed/kaggle_normalized/Testing/glioma/Te-gl_49.npz,test
Te-gl_5.npz,glioma,Testing,processed/kaggle_normalized/Testing/glioma/Te-gl_5.npz,test
Te-gl_50.npz,glioma,Testing,processed/kaggle_normalized/Testing/glioma/Te-gl_50.npz,test
Te-gl_51.npz,glioma,Testing,processed/kaggle_normalized/Testing/glioma/Te-gl_51.npz,test
Te-gl_52.npz,glioma,Testing,processed/kaggle_normalized/Testing/glioma/Te-gl_52.npz,test
Te-gl_53.npz,glioma,Testing,processed/kaggle_normalized/Testing/glioma/Te-gl_53.npz,test
Te-gl_54.npz,glioma,Testing,processed/kaggle_normalized/Testing/glioma/Te-gl_54.npz,test
Te-gl_55.npz,glioma,Testing,processed/kaggle_normalized/Testing/glioma/Te-gl_55.npz,test
Te-gl_56.npz,glioma,Testing,processed/kaggle_normalized/Testing/glioma/Te-gl_56.npz,test
Te-gl_57.npz,glioma,Testing,processed/kaggle_normalized/Testing/glioma/Te-gl_57.npz,test
Te-gl_58.npz,glioma,Testing,processed/kaggle_normalized/Testing/glioma/Te-gl_58.npz,test
Te-gl_59.npz,glioma,Testing,processed/kaggle_normalized/Testing/glioma/Te-gl_59.npz,test
Te-gl_6.npz,glioma,Testing,processed/kaggle_normalized/Testing/glioma/Te-gl_6.npz,test
Te-gl_60.npz,glioma,Testing,processed/kaggle_normalized/Testing/glioma/Te-gl_60.npz,test
Te-gl_61.npz,glioma,Testing,processed/kaggle_normalized/Testing/glioma/Te-gl_61.npz,test
Te-gl_62.npz,glioma,Testing,processed/kaggle_normalized/Testing/glioma/Te-gl_62.npz,test
Te-gl_63.npz,glioma,Testing,processed/kaggle_normalized/Testing/glioma/Te-gl_63.npz,test
Te-gl_64.npz,glioma,Testing,processed/kaggle_normalized/Testing/glioma/Te-gl_64.npz,test
Te-gl_65.npz,glioma,Testing,processed/kaggle_normalized/Testing/glioma/Te-gl_65.npz,test
Te-gl_66.npz,glioma,Testing,processed/kaggle_normalized/Testing/glioma/Te-gl_66.npz,test
Te-gl_67.npz,glioma,Testing,processed/kaggle_normalized/Testing/glioma/Te-gl_67.npz,test
Te-gl_68.npz,glioma,Testing,processed/kaggle_normalized/Testing/glioma/Te-gl_68.npz,test
Te-gl_69.npz,glioma,Testing,processed/kaggle_normalized/Testing/glioma/Te-gl_69.npz,test
Te-gl_7.npz,glioma,Testing,processed/kaggle_normalized/Testing/glioma/Te-gl_7.npz,test
Te-gl_70.npz,glioma,Testing,processed/kaggle_normalized/Testing/glioma/Te-gl_70.npz,test
Te-gl_71.npz,glioma,Testing,processed/kaggle_normalized/Testing/glioma/Te-gl_71.npz,test
Te-gl_72.npz,glioma,Testing,processed/kaggle_normalized/Testing/glioma/Te-gl_72.npz,test
Te-gl_73.npz,glioma,Testing,processed/kaggle_normalized/Testing/glioma/Te-gl_73.npz,test
Te-gl_74.npz,glioma,Testing,processed/kaggle_normalized/Testing/glioma/Te-gl_74.npz,test
Te-gl_75.npz,glioma,Testing,processed/kaggle_normalized/Testing/glioma/Te-gl_75.npz,test
Te-gl_76.npz,glioma,Testing,processed/kaggle_normalized/Testing/glioma/Te-gl_76.npz,test
Te-gl_77.npz,glioma,Testing,processed/kaggle_normalized/Testing/glioma/Te-gl_77.npz,test
Te-gl_78.npz,glioma,Testing,processed/kaggle_normalized/Testing/glioma/Te-gl_78.npz,test
Te-gl_79.npz,glioma,Testing,processed/kaggle_normalized/Testing/glioma/Te-gl_79.npz,test
Te-gl_8.npz,glioma,Testing,processed/kaggle_normalized/Testing/glioma/Te-gl_8.npz,test
Te-gl_80.npz,glioma,Testing,processed/kaggle_normalized/Testing/glioma/Te-gl_80.npz,test
Te-gl_81.npz,glioma,Testing,processed/kaggle_normalized/Testing/glioma/Te-gl_81.npz,test
Te-gl_82.npz,glioma,Testing,processed/kaggle_normalized/Testing/glioma/Te-gl_82.npz,test
Te-gl_83.npz,glioma,Testing,processed/kaggle_normalized/Testing/glioma/Te-gl_83.npz,test
Te-gl_84.npz,glioma,Testing,processed/kaggle_normalized/Testing/glioma/Te-gl_84.npz,test
Te-gl_85.npz,glioma,Testing,processed/kaggle_normalized/Testing/glioma/Te-gl_85.npz,test
Te-gl_86.npz,glioma,Testing,processed/kaggle_normalized/Testing/glioma/Te-gl_86.npz,test
Te-gl_87.npz,glioma,Testing,processed/kaggle_normalized/Testing/glioma/Te-gl_87.npz,test
Te-gl_88.npz,glioma,Testing,processed/kaggle_normalized/Testing/glioma/Te-gl_88.npz,test
Te-gl_89.npz,glioma,Testing,processed/kaggle_normalized/Testing/glioma/Te-gl_89.npz,test
Te-gl_9.npz,glioma,Testing,processed/kaggle_normalized/Testing/glioma/Te-gl_9.npz,test
Te-gl_90.npz,glioma,Testing,processed/kaggle_normalized/Testing/glioma/Te-gl_90.npz,test
Te-gl_91.npz,glioma,Testing,processed/kaggle_normalized/Testing/glioma/Te-gl_91.npz,test
Te-gl_92.npz,glioma,Testing,processed/kaggle_normalized/Testing/glioma/Te-gl_92.npz,test
Te-gl_93.npz,glioma,Testing,processed/kaggle_normalized/Testing/glioma/Te-gl_93.npz,test
Te-gl_94.npz,glioma,Testing,processed/kaggle_normalized/Testing/glioma/Te-gl_94.npz,test
Te-gl_95.npz,glioma,Testing,processed/kaggle_normalized/Testing/glioma/Te-gl_95.npz,test
Te-gl_96.npz,glioma,Testing,processed/kaggle_normalized/Testing/glioma/Te-gl_96.npz,test
Te-gl_97.npz,glioma,Testing,processed/kaggle_normalized/Testing/glioma/Te-gl_97.npz,test
Te-gl_98.npz,glioma,Testing,processed/kaggle_normalized/Testing/glioma/Te-gl_98.npz,test
Te-gl_99.npz,glioma,Testing,processed/kaggle_normalized/Testing/glioma/Te-gl_99.npz,test
Te-aug-me_1.npz,meningioma,Testing,processed/kaggle_normalized/Testing/meningioma/Te-aug-me_1.npz,test
Te-aug-me_10.npz,meningioma,Testing,processed/kaggle_normalized/Testing/meningioma/Te-aug-me_10.npz,test
Te-aug-me_100.npz,meningioma,Testing,processed/kaggle_normalized/Testing/meningioma/Te-aug-me_100.npz,test
Te-aug-me_101.npz,meningioma,Testing,processed/kaggle_normalized/Testing/meningioma/Te-aug-me_101.npz,test
Te-aug-me_102.npz,meningioma,Testing,processed/kaggle_normalized/Testing/meningioma/Te-aug-me_102.npz,test
Te-aug-me_103.npz,meningioma,Testing,processed/kaggle_normalized/Testing/meningioma/Te-aug-me_103.npz,test
Te-aug-me_11.npz,meningioma,Testing,processed/kaggle_normalized/Testing/meningioma/Te-aug-me_11.npz,test
Te-aug-me_12.npz,meningioma,Testing,processed/kaggle_normalized/Testing/meningioma/Te-aug-me_12.npz,test
Te-aug-me_13.npz,meningioma,Testing,processed/kaggle_normalized/Testing/meningioma/Te-aug-me_13.npz,test
Te-aug-me_14.npz,meningioma,Testing,processed/kaggle_normalized/Testing/meningioma/Te-aug-me_14.npz,test
Te-aug-me_15.npz,meningioma,Testing,processed/kaggle_normalized/Testing/meningioma/Te-aug-me_15.npz,test
Te-aug-me_16.npz,meningioma,Testing,processed/kaggle_normalized/Testing/meningioma/Te-aug-me_16.npz,test
Te-aug-me_17.npz,meningioma,Testing,processed/kaggle_normalized/Testing/meningioma/Te-aug-me_17.npz,test
Te-aug-me_18.npz,meningioma,Testing,processed/kaggle_normalized/Testing/meningioma/Te-aug-me_18.npz,test
Te-aug-me_19.npz,meningioma,Testing,processed/kaggle_normalized/Testing/meningioma/Te-aug-me_19.npz,test
Te-aug-me_2.npz,meningioma,Testing,processed/kaggle_normalized/Testing/meningioma/Te-aug-me_2.npz,test
Te-aug-me_20.npz,meningioma,Testing,processed/kaggle_normalized/Testing/meningioma/Te-aug-me_20.npz,test
Te-aug-me_21.npz,meningioma,Testing,processed/kaggle_normalized/Testing/meningioma/Te-aug-me_21.npz,test
Te-aug-me_22.npz,meningioma,Testing,processed/kaggle_normalized/Testing/meningioma/Te-aug-me_22.npz,test
Te-aug-me_23.npz,meningioma,Testing,processed/kaggle_normalized/Testing/meningioma/Te-aug-me_23.npz,test
Te-aug-me_24.npz,meningioma,Testing,processed/kaggle_normalized/Testing/meningioma/Te-aug-me_24.npz,test
Te-aug-me_25.npz,meningioma,Testing,processed/kaggle_normalized/Testing/meningioma/Te-aug-me_25.npz,test
Te-aug-me_26.npz,meningioma,Testing,processed/kaggle_normalized/Testing/meningioma/Te-aug-me_26.npz,test
Te-aug-me_27.npz,meningioma,Testing,processed/kaggle_normalized/Testing/meningioma/Te-aug-me_27.npz,test
Te-aug-me_28.npz,meningioma,Testing,processed/kaggle_normalized/Testing/meningioma/Te-aug-me_28.npz,test
Te-aug-me_29.npz,meningioma,Testing,processed/kaggle_normalized/Testing/meningioma/Te-aug-me_29.npz,test
Te-aug-me_3.npz,meningioma,Testing,processed/kaggle_normalized/Testing/meningioma/Te-aug-me_3.npz,test
Te-aug-me_30.npz,meningioma,Testing,processed/kaggle_normalized/Testing/meningioma/Te-aug-me_30.npz,test
Te-aug-me_31.npz,meningioma,Testing,processed/kaggle_normalized/Testing/meningioma/Te-aug-me_31.npz,test
Te-aug-me_32.npz,meningioma,Testing,processed/kaggle_normalized/Testing/meningioma/Te-aug-me_32.npz,test
Te-aug-me_33.npz,meningioma,Testing,processed/kaggle_normalized/Testing/meningioma/Te-aug-me_33.npz,test
Te-aug-me_34.npz,meningioma,Testing,processed/kaggle_normalized/Testing/meningioma/Te-aug-me_34.npz,test
Te-aug-me_35.npz,meningioma,Testing,processed/kaggle_normalized/Testing/meningioma/Te-aug-me_35.npz,test
Te-aug-me_36.npz,meningioma,Testing,processed/kaggle_normalized/Testing/meningioma/Te-aug-me_36.npz,test
Te-aug-me_37.npz,meningioma,Testing,processed/kaggle_normalized/Testing/meningioma/Te-aug-me_37.npz,test
Te-aug-me_38.npz,meningioma,Testing,processed/kaggle_normalized/Testing/meningioma/Te-aug-me_38.npz,test
Te-aug-me_39.npz,meningioma,Testing,processed/kaggle_normalized/Testing/meningioma/Te-aug-me_39.npz,test
Te-aug-me_4.npz,meningioma,Testing,processed/kaggle_normalized/Testing/meningioma/Te-aug-me_4.npz,test
Te-aug-me_40.npz,meningioma,Testing,processed/kaggle_normalized/Testing/meningioma/Te-aug-me_40.npz,test
Te-aug-me_41.npz,meningioma,Testing,processed/kaggle_normalized/Testing/meningioma/Te-aug-me_41.npz,test
Te-aug-me_42.npz,meningioma,Testing,processed/kaggle_normalized/Testing/meningioma/Te-aug-me_42.npz,test
Te-aug-me_43.npz,meningioma,Testing,processed/kaggle_normalized/Testing/meningioma/Te-aug-me_43.npz,test
Te-aug-me_44.npz,meningioma,Testing,processed/kaggle_normalized/Testing/meningioma/Te-aug-me_44.npz,test
Te-aug-me_45.npz,meningioma,Testing,processed/kaggle_normalized/Testing/meningioma/Te-aug-me_45.npz,test
Te-aug-me_46.npz,meningioma,Testing,processed/kaggle_normalized/Testing/meningioma/Te-aug-me_46.npz,test
Te-aug-me_47.npz,meningioma,Testing,processed/kaggle_normalized/Testing/meningioma/Te-aug-me_47.npz,test
Te-aug-me_48.npz,meningioma,Testing,processed/kaggle_normalized/Testing/meningioma/Te-aug-me_48.npz,test
Te-aug-me_49.npz,meningioma,Testing,processed/kaggle_normalized/Testing/meningioma/Te-aug-me_49.npz,test
Te-aug-me_5.npz,meningioma,Testing,processed/kaggle_normalized/Testing/meningioma/Te-aug-me_5.npz,test
Te-aug-me_50.npz,meningioma,Testing,processed/kaggle_normalized/Testing/meningioma/Te-aug-me_50.npz,test
Te-aug-me_51.npz,meningioma,Testing,processed/kaggle_normalized/Testing/meningioma/Te-aug-me_51.npz,test
Te-aug-me_52.npz,meningioma,Testing,processed/kaggle_normalized/Testing/meningioma/Te-aug-me_52.npz,test
Te-aug-me_53.npz,meningioma,Testing,processed/kaggle_normalized/Testing/meningioma/Te-aug-me_53.npz,test
Te-aug-me_54.npz,meningioma,Testing,processed/kaggle_normalized/Testing/meningioma/Te-aug-me_54.npz,test
Te-aug-me_55.npz,meningioma,Testing,processed/kaggle_normalized/Testing/meningioma/Te-aug-me_55.npz,test
Te-aug-me_56.npz,meningioma,Testing,processed/kaggle_normalized/Testing/meningioma/Te-aug-me_56.npz,test
Te-aug-me_57.npz,meningioma,Testing,processed/kaggle_normalized/Testing/meningioma/Te-aug-me_57.npz,test
Te-aug-me_58.npz,meningioma,Testing,processed/kaggle_normalized/Testing/meningioma/Te-aug-me_58.npz,test
Te-aug-me_59.npz,meningioma,Testing,processed/kaggle_normalized/Testing/meningioma/Te-aug-me_59.npz,test
Te-aug-me_6.npz,meningioma,Testing,processed/kaggle_normalized/Testing/meningioma/Te-aug-me_6.npz,test
Te-aug-me_60.npz,meningioma,Testing,processed/kaggle_normalized/Testing/meningioma/Te-aug-me_60.npz,test
Te-aug-me_61.npz,meningioma,Testing,processed/kaggle_normalized/Testing/meningioma/Te-aug-me_61.npz,test
Te-aug-me_62.npz,meningioma,Testing,processed/kaggle_normalized/Testing/meningioma/Te-aug-me_62.npz,test
Te-aug-me_63.npz,meningioma,Testing,processed/kaggle_normalized/Testing/meningioma/Te-aug-me_63.npz,test
Te-aug-me_64.npz,meningioma,Testing,processed/kaggle_normalized/Testing/meningioma/Te-aug-me_64.npz,test
Te-aug-me_65.npz,meningioma,Testing,processed/kaggle_normalized/Testing/meningioma/Te-aug-me_65.npz,test
Te-aug-me_66.npz,meningioma,Testing,processed/kaggle_normalized/Testing/meningioma/Te-aug-me_66.npz,test
Te-aug-me_67.npz,meningioma,Testing,processed/kaggle_normalized/Testing/meningioma/Te-aug-me_67.npz,test
Te-aug-me_68.npz,meningioma,Testing,processed/kaggle_normalized/Testing/meningioma/Te-aug-me_68.npz,test
Te-aug-me_69.npz,meningioma,Testing,processed/kaggle_normalized/Testing/meningioma/Te-aug-me_69.npz,test
Te-aug-me_7.npz,meningioma,Testing,processed/kaggle_normalized/Testing/meningioma/Te-aug-me_7.npz,test
Te-aug-me_70.npz,meningioma,Testing,processed/kaggle_normalized/Testing/meningioma/Te-aug-me_70.npz,test
Te-aug-me_71.npz,meningioma,Testing,processed/kaggle_normalized/Testing/meningioma/Te-aug-me_71.npz,test
Te-aug-me_72.npz,meningioma,Testing,processed/kaggle_normalized/Testing/meningioma/Te-aug-me_72.npz,test
Te-aug-me_73.npz,meningioma,Testing,processed/kaggle_normalized/Testing/meningioma/Te-aug-me_73.npz,test
Te-aug-me_74.npz,meningioma,Testing,processed/kaggle_normalized/Testing/meningioma/Te-aug-me_74.npz,test
Te-aug-me_75.npz,meningioma,Testing,processed/kaggle_normalized/Testing/meningioma/Te-aug-me_75.npz,test
Te-aug-me_76.npz,meningioma,Testing,processed/kaggle_normalized/Testing/meningioma/Te-aug-me_76.npz,test
Te-aug-me_77.npz,meningioma,Testing,processed/kaggle_normalized/Testing/meningioma/Te-aug-me_77.npz,test
Te-aug-me_78.npz,meningioma,Testing,processed/kaggle_normalized/Testing/meningioma/Te-aug-me_78.npz,test
Te-aug-me_79.npz,meningioma,Testing,processed/kaggle_normalized/Testing/meningioma/Te-aug-me_79.npz,test
Te-aug-me_8.npz,meningioma,Testing,processed/kaggle_normalized/Testing/meningioma/Te-aug-me_8.npz,test
Te-aug-me_80.npz,meningioma,Testing,processed/kaggle_normalized/Testing/meningioma/Te-aug-me_80.npz,test
Te-aug-me_81.npz,meningioma,Testing,processed/kaggle_normalized/Testing/meningioma/Te-aug-me_81.npz,test
Te-aug-me_82.npz,meningioma,Testing,processed/kaggle_normalized/Testing/meningioma/Te-aug-me_82.npz,test
Te-aug-me_83.npz,meningioma,Testing,processed/kaggle_normalized/Testing/meningioma/Te-aug-me_83.npz,test
Te-aug-me_84.npz,meningioma,Testing,processed/kaggle_normalized/Testing/meningioma/Te-aug-me_84.npz,test
Te-aug-me_85.npz,meningioma,Testing,processed/kaggle_normalized/Testing/meningioma/Te-aug-me_85.npz,test
Te-aug-me_86.npz,meningioma,Testing,processed/kaggle_normalized/Testing/meningioma/Te-aug-me_86.npz,test
Te-aug-me_87.npz,meningioma,Testing,processed/kaggle_normalized/Testing/meningioma/Te-aug-me_87.npz,test
Te-aug-me_88.npz,meningioma,Testing,processed/kaggle_normalized/Testing/meningioma/Te-aug-me_88.npz,test
Te-aug-me_89.npz,meningioma,Testing,processed/kaggle_normalized/Testing/meningioma/Te-aug-me_89.npz,test
Te-aug-me_9.npz,meningioma,Testing,processed/kaggle_normalized/Testing/meningioma/Te-aug-me_9.npz,test
Te-aug-me_90.npz,meningioma,Testing,processed/kaggle_normalized/Testing/meningioma/Te-aug-me_90.npz,test
Te-aug-me_91.npz,meningioma,Testing,processed/kaggle_normalized/Testing/meningioma/Te-aug-me_91.npz,test
Te-aug-me_92.npz,meningioma,Testing,processed/kaggle_normalized/Testing/meningioma/Te-aug-me_92.npz,test
Te-aug-me_93.npz,meningioma,Testing,processed/kaggle_normalized/Testing/meningioma/Te-aug-me_93.npz,test
Te-aug-me_94.npz,meningioma,Testing,processed/kaggle_normalized/Testing/meningioma/Te-aug-me_94.npz,test
Te-aug-me_95.npz,meningioma,Testing,processed/kaggle_normalized/Testing/meningioma/Te-aug-me_95.npz,test
Te-aug-me_96.npz,meningioma,Testing,processed/kaggle_normalized/Testing/meningioma/Te-aug-me_96.npz,test
Te-aug-me_97.npz,meningioma,Testing,processed/kaggle_normalized/Testing/meningioma/Te-aug-me_97.npz,test
Te-aug-me_98.npz,meningioma,Testing,processed/kaggle_normalized/Testing/meningioma/Te-aug-me_98.npz,test
Te-aug-me_99.npz,meningioma,Testing,processed/kaggle_normalized/Testing/meningioma/Te-aug-me_99.npz,test
Te-me_1.npz,meningioma,Testing,processed/kaggle_normalized/Testing/meningioma/Te-me_1.npz,test
Te-me_10.npz,meningioma,Testing,processed/kaggle_normalized/Testing/meningioma/Te-me_10.npz,test
Te-me_100.npz,meningioma,Testing,processed/kaggle_normalized/Testing/meningioma/Te-me_100.npz,test
Te-me_101.npz,meningioma,Testing,processed/kaggle_normalized/Testing/meningioma/Te-me_101.npz,test
Te-me_102.npz,meningioma,Testing,processed/kaggle_normalized/Testing/meningioma/Te-me_102.npz,test
Te-me_103.npz,meningioma,Testing,processed/kaggle_normalized/Testing/meningioma/Te-me_103.npz,test
Te-me_104.npz,meningioma,Testing,processed/kaggle_normalized/Testing/meningioma/Te-me_104.npz,test
Te-me_105.npz,meningioma,Testing,processed/kaggle_normalized/Testing/meningioma/Te-me_105.npz,test
Te-me_106.npz,meningioma,Testing,processed/kaggle_normalized/Testing/meningioma/Te-me_106.npz,test
Te-me_107.npz,meningioma,Testing,processed/kaggle_normalized/Testing/meningioma/Te-me_107.npz,test
Te-me_108.npz,meningioma,Testing,processed/kaggle_normalized/Testing/meningioma/Te-me_108.npz,test
Te-me_109.npz,meningioma,Testing,processed/kaggle_normalized/Testing/meningioma/Te-me_109.npz,test
Te-me_11.npz,meningioma,Testing,processed/kaggle_normalized/Testing/meningioma/Te-me_11.npz,test
Te-me_110.npz,meningioma,Testing,processed/kaggle_normalized/Testing/meningioma/Te-me_110.npz,test
Te-me_111.npz,meningioma,Testing,processed/kaggle_normalized/Testing/meningioma/Te-me_111.npz,test
Te-me_112.npz,meningioma,Testing,processed/kaggle_normalized/Testing/meningioma/Te-me_112.npz,test
Te-me_113.npz,meningioma,Testing,processed/kaggle_normalized/Testing/meningioma/Te-me_113.npz,test
Te-me_114.npz,meningioma,Testing,processed/kaggle_normalized/Testing/meningioma/Te-me_114.npz,test
Te-me_115.npz,meningioma,Testing,processed/kaggle_normalized/Testing/meningioma/Te-me_115.npz,test
Te-me_116.npz,meningioma,Testing,processed/kaggle_normalized/Testing/meningioma/Te-me_116.npz,test
Te-me_117.npz,meningioma,Testing,processed/kaggle_normalized/Testing/meningioma/Te-me_117.npz,test
Te-me_118.npz,meningioma,Testing,processed/kaggle_normalized/Testing/meningioma/Te-me_118.npz,test
Te-me_119.npz,meningioma,Testing,processed/kaggle_normalized/Testing/meningioma/Te-me_119.npz,test
Te-me_12.npz,meningioma,Testing,processed/kaggle_normalized/Testing/meningioma/Te-me_12.npz,test
Te-me_120.npz,meningioma,Testing,processed/kaggle_normalized/Testing/meningioma/Te-me_120.npz,test
Te-me_121.npz,meningioma,Testing,processed/kaggle_normalized/Testing/meningioma/Te-me_121.npz,test
Te-me_122.npz,meningioma,Testing,processed/kaggle_normalized/Testing/meningioma/Te-me_122.npz,test
Te-me_123.npz,meningioma,Testing,processed/kaggle_normalized/Testing/meningioma/Te-me_123.npz,test
Te-me_124.npz,meningioma,Testing,processed/kaggle_normalized/Testing/meningioma/Te-me_124.npz,test
Te-me_125.npz,meningioma,Testing,processed/kaggle_normalized/Testing/meningioma/Te-me_125.npz,test
Te-me_126.npz,meningioma,Testing,processed/kaggle_normalized/Testing/meningioma/Te-me_126.npz,test
Te-me_127.npz,meningioma,Testing,processed/kaggle_normalized/Testing/meningioma/Te-me_127.npz,test
Te-me_128.npz,meningioma,Testing,processed/kaggle_normalized/Testing/meningioma/Te-me_128.npz,test
Te-me_129.npz,meningioma,Testing,processed/kaggle_normalized/Testing/meningioma/Te-me_129.npz,test
Te-me_13.npz,meningioma,Testing,processed/kaggle_normalized/Testing/meningioma/Te-me_13.npz,test
Te-me_130.npz,meningioma,Testing,processed/kaggle_normalized/Testing/meningioma/Te-me_130.npz,test
Te-me_131.npz,meningioma,Testing,processed/kaggle_normalized/Testing/meningioma/Te-me_131.npz,test
Te-me_132.npz,meningioma,Testing,processed/kaggle_normalized/Testing/meningioma/Te-me_132.npz,test
Te-me_133.npz,meningioma,Testing,processed/kaggle_normalized/Testing/meningioma/Te-me_133.npz,test
Te-me_134.npz,meningioma,Testing,processed/kaggle_normalized/Testing/meningioma/Te-me_134.npz,test
Te-me_135.npz,meningioma,Testing,processed/kaggle_normalized/Testing/meningioma/Te-me_135.npz,test
Te-me_136.npz,meningioma,Testing,processed/kaggle_normalized/Testing/meningioma/Te-me_136.npz,test
Te-me_137.npz,meningioma,Testing,processed/kaggle_normalized/Testing/meningioma/Te-me_137.npz,test
Te-me_138.npz,meningioma,Testing,processed/kaggle_normalized/Testing/meningioma/Te-me_138.npz,test
Te-me_139.npz,meningioma,Testing,processed/kaggle_normalized/Testing/meningioma/Te-me_139.npz,test
Te-me_14.npz,meningioma,Testing,processed/kaggle_normalized/Testing/meningioma/Te-me_14.npz,test
Te-me_140.npz,meningioma,Testing,processed/kaggle_normalized/Testing/meningioma/Te-me_140.npz,test
Te-me_141.npz,meningioma,Testing,processed/kaggle_normalized/Testing/meningioma/Te-me_141.npz,test
Te-me_142.npz,meningioma,Testing,processed/kaggle_normalized/Testing/meningioma/Te-me_142.npz,test
Te-me_143.npz,meningioma,Testing,processed/kaggle_normalized/Testing/meningioma/Te-me_143.npz,test
Te-me_144.npz,meningioma,Testing,processed/kaggle_normalized/Testing/meningioma/Te-me_144.npz,test
Te-me_145.npz,meningioma,Testing,processed/kaggle_normalized/Testing/meningioma/Te-me_145.npz,test
Te-me_146.npz,meningioma,Testing,processed/kaggle_normalized/Testing/meningioma/Te-me_146.npz,test
Te-me_147.npz,meningioma,Testing,processed/kaggle_normalized/Testing/meningioma/Te-me_147.npz,test
Te-me_148.npz,meningioma,Testing,processed/kaggle_normalized/Testing/meningioma/Te-me_148.npz,test
Te-me_149.npz,meningioma,Testing,processed/kaggle_normalized/Testing/meningioma/Te-me_149.npz,test
Te-me_15.npz,meningioma,Testing,processed/kaggle_normalized/Testing/meningioma/Te-me_15.npz,test
Te-me_150.npz,meningioma,Testing,processed/kaggle_normalized/Testing/meningioma/Te-me_150.npz,test
Te-me_151.npz,meningioma,Testing,processed/kaggle_normalized/Testing/meningioma/Te-me_151.npz,test
Te-me_152.npz,meningioma,Testing,processed/kaggle_normalized/Testing/meningioma/Te-me_152.npz,test
Te-me_153.npz,meningioma,Testing,processed/kaggle_normalized/Testing/meningioma/Te-me_153.npz,test
Te-me_154.npz,meningioma,Testing,processed/kaggle_normalized/Testing/meningioma/Te-me_154.npz,test
Te-me_155.npz,meningioma,Testing,processed/kaggle_normalized/Testing/meningioma/Te-me_155.npz,test
Te-me_156.npz,meningioma,Testing,processed/kaggle_normalized/Testing/meningioma/Te-me_156.npz,test
Te-me_157.npz,meningioma,Testing,processed/kaggle_normalized/Testing/meningioma/Te-me_157.npz,test
Te-me_158.npz,meningioma,Testing,processed/kaggle_normalized/Testing/meningioma/Te-me_158.npz,test
Te-me_159.npz,meningioma,Testing,processed/kaggle_normalized/Testing/meningioma/Te-me_159.npz,test
Te-me_16.npz,meningioma,Testing,processed/kaggle_normalized/Testing/meningioma/Te-me_16.npz,test
Te-me_160.npz,meningioma,Testing,processed/kaggle_normalized/Testing/meningioma/Te-me_160.npz,test
Te-me_161.npz,meningioma,Testing,processed/kaggle_normalized/Testing/meningioma/Te-me_161.npz,test
Te-me_162.npz,meningioma,Testing,processed/kaggle_normalized/Testing/meningioma/Te-me_162.npz,test
Te-me_163.npz,meningioma,Testing,processed/kaggle_normalized/Testing/meningioma/Te-me_163.npz,test
Te-me_164.npz,meningioma,Testing,processed/kaggle_normalized/Testing/meningioma/Te-me_164.npz,test
Te-me_165.npz,meningioma,Testing,processed/kaggle_normalized/Testing/meningioma/Te-me_165.npz,test
Te-me_166.npz,meningioma,Testing,processed/kaggle_normalized/Testing/meningioma/Te-me_166.npz,test
Te-me_167.npz,meningioma,Testing,processed/kaggle_normalized/Testing/meningioma/Te-me_167.npz,test
Te-me_168.npz,meningioma,Testing,processed/kaggle_normalized/Testing/meningioma/Te-me_168.npz,test
Te-me_169.npz,meningioma,Testing,processed/kaggle_normalized/Testing/meningioma/Te-me_169.npz,test
Te-me_17.npz,meningioma,Testing,processed/kaggle_normalized/Testing/meningioma/Te-me_17.npz,test
Te-me_170.npz,meningioma,Testing,processed/kaggle_normalized/Testing/meningioma/Te-me_170.npz,test
Te-me_171.npz,meningioma,Testing,processed/kaggle_normalized/Testing/meningioma/Te-me_171.npz,test
Te-me_172.npz,meningioma,Testing,processed/kaggle_normalized/Testing/meningioma/Te-me_172.npz,test
Te-me_173.npz,meningioma,Testing,processed/kaggle_normalized/Testing/meningioma/Te-me_173.npz,test
Te-me_174.npz,meningioma,Testing,processed/kaggle_normalized/Testing/meningioma/Te-me_174.npz,test
Te-me_175.npz,meningioma,Testing,processed/kaggle_normalized/Testing/meningioma/Te-me_175.npz,test
Te-me_176.npz,meningioma,Testing,processed/kaggle_normalized/Testing/meningioma/Te-me_176.npz,test
Te-me_177.npz,meningioma,Testing,processed/kaggle_normalized/Testing/meningioma/Te-me_177.npz,test
Te-me_178.npz,meningioma,Testing,processed/kaggle_normalized/Testing/meningioma/Te-me_178.npz,test
Te-me_179.npz,meningioma,Testing,processed/kaggle_normalized/Testing/meningioma/Te-me_179.npz,test
Te-me_18.npz,meningioma,Testing,processed/kaggle_normalized/Testing/meningioma/Te-me_18.npz,test
Te-me_180.npz,meningioma,Testing,processed/kaggle_normalized/Testing/meningioma/Te-me_180.npz,test
Te-me_181.npz,meningioma,Testing,processed/kaggle_normalized/Testing/meningioma/Te-me_181.npz,test
Te-me_182.npz,meningioma,Testing,processed/kaggle_normalized/Testing/meningioma/Te-me_182.npz,test
Te-me_183.npz,meningioma,Testing,processed/kaggle_normalized/Testing/meningioma/Te-me_183.npz,test
Te-me_184.npz,meningioma,Testing,processed/kaggle_normalized/Testing/meningioma/Te-me_184.npz,test
Te-me_185.npz,meningioma,Testing,processed/kaggle_normalized/Testing/meningioma/Te-me_185.npz,test
Te-me_186.npz,meningioma,Testing,processed/kaggle_normalized/Testing/meningioma/Te-me_186.npz,test
Te-me_187.npz,meningioma,Testing,processed/kaggle_normalized/Testing/meningioma/Te-me_187.npz,test
Te-me_188.npz,meningioma,Testing,processed/kaggle_normalized/Testing/meningioma/Te-me_188.npz,test
Te-me_189.npz,meningioma,Testing,processed/kaggle_normalized/Testing/meningioma/Te-me_189.npz,test
Te-me_19.npz,meningioma,Testing,processed/kaggle_normalized/Testing/meningioma/Te-me_19.npz,test
Te-me_190.npz,meningioma,Testing,processed/kaggle_normalized/Testing/meningioma/Te-me_190.npz,test
Te-me_191.npz,meningioma,Testing,processed/kaggle_normalized/Testing/meningioma/Te-me_191.npz,test
Te-me_192.npz,meningioma,Testing,processed/kaggle_normalized/Testing/meningioma/Te-me_192.npz,test
Te-me_193.npz,meningioma,Testing,processed/kaggle_normalized/Testing/meningioma/Te-me_193.npz,test
Te-me_194.npz,meningioma,Testing,processed/kaggle_normalized/Testing/meningioma/Te-me_194.npz,test
Te-me_195.npz,meningioma,Testing,processed/kaggle_normalized/Testing/meningioma/Te-me_195.npz,test
Te-me_196.npz,meningioma,Testing,processed/kaggle_normalized/Testing/meningioma/Te-me_196.npz,test
Te-me_197.npz,meningioma,Testing,processed/kaggle_normalized/Testing/meningioma/Te-me_197.npz,test
Te-me_198.npz,meningioma,Testing,processed/kaggle_normalized/Testing/meningioma/Te-me_198.npz,test
Te-me_199.npz,meningioma,Testing,processed/kaggle_normalized/Testing/meningioma/Te-me_199.npz,test
Te-me_2.npz,meningioma,Testing,processed/kaggle_normalized/Testing/meningioma/Te-me_2.npz,test
Te-me_20.npz,meningioma,Testing,processed/kaggle_normalized/Testing/meningioma/Te-me_20.npz,test
Te-me_200.npz,meningioma,Testing,processed/kaggle_normalized/Testing/meningioma/Te-me_200.npz,test
Te-me_201.npz,meningioma,Testing,processed/kaggle_normalized/Testing/meningioma/Te-me_201.npz,test
Te-me_202.npz,meningioma,Testing,processed/kaggle_normalized/Testing/meningioma/Te-me_202.npz,test
Te-me_203.npz,meningioma,Testing,processed/kaggle_normalized/Testing/meningioma/Te-me_203.npz,test
Te-me_204.npz,meningioma,Testing,processed/kaggle_normalized/Testing/meningioma/Te-me_204.npz,test
Te-me_205.npz,meningioma,Testing,processed/kaggle_normalized/Testing/meningioma/Te-me_205.npz,test
Te-me_206.npz,meningioma,Testing,processed/kaggle_normalized/Testing/meningioma/Te-me_206.npz,test
Te-me_207.npz,meningioma,Testing,processed/kaggle_normalized/Testing/meningioma/Te-me_207.npz,test
Te-me_208.npz,meningioma,Testing,processed/kaggle_normalized/Testing/meningioma/Te-me_208.npz,test
Te-me_209.npz,meningioma,Testing,processed/kaggle_normalized/Testing/meningioma/Te-me_209.npz,test
Te-me_21.npz,meningioma,Testing,processed/kaggle_normalized/Testing/meningioma/Te-me_21.npz,test
Te-me_210.npz,meningioma,Testing,processed/kaggle_normalized/Testing/meningioma/Te-me_210.npz,test
Te-me_211.npz,meningioma,Testing,processed/kaggle_normalized/Testing/meningioma/Te-me_211.npz,test
Te-me_212.npz,meningioma,Testing,processed/kaggle_normalized/Testing/meningioma/Te-me_212.npz,test
Te-me_213.npz,meningioma,Testing,processed/kaggle_normalized/Testing/meningioma/Te-me_213.npz,test
Te-me_214.npz,meningioma,Testing,processed/kaggle_normalized/Testing/meningioma/Te-me_214.npz,test
Te-me_215.npz,meningioma,Testing,processed/kaggle_normalized/Testing/meningioma/Te-me_215.npz,test
Te-me_216.npz,meningioma,Testing,processed/kaggle_normalized/Testing/meningioma/Te-me_216.npz,test
Te-me_217.npz,meningioma,Testing,processed/kaggle_normalized/Testing/meningioma/Te-me_217.npz,test
Te-me_218.npz,meningioma,Testing,processed/kaggle_normalized/Testing/meningioma/Te-me_218.npz,test
Te-me_219.npz,meningioma,Testing,processed/kaggle_normalized/Testing/meningioma/Te-me_219.npz,test
Te-me_22.npz,meningioma,Testing,processed/kaggle_normalized/Testing/meningioma/Te-me_22.npz,test
Te-me_220.npz,meningioma,Testing,processed/kaggle_normalized/Testing/meningioma/Te-me_220.npz,test
Te-me_221.npz,meningioma,Testing,processed/kaggle_normalized/Testing/meningioma/Te-me_221.npz,test
Te-me_222.npz,meningioma,Testing,processed/kaggle_normalized/Testing/meningioma/Te-me_222.npz,test
Te-me_223.npz,meningioma,Testing,processed/kaggle_normalized/Testing/meningioma/Te-me_223.npz,test
Te-me_224.npz,meningioma,Testing,processed/kaggle_normalized/Testing/meningioma/Te-me_224.npz,test
Te-me_225.npz,meningioma,Testing,processed/kaggle_normalized/Testing/meningioma/Te-me_225.npz,test
Te-me_226.npz,meningioma,Testing,processed/kaggle_normalized/Testing/meningioma/Te-me_226.npz,test
Te-me_227.npz,meningioma,Testing,processed/kaggle_normalized/Testing/meningioma/Te-me_227.npz,test
Te-me_228.npz,meningioma,Testing,processed/kaggle_normalized/Testing/meningioma/Te-me_228.npz,test
Te-me_229.npz,meningioma,Testing,processed/kaggle_normalized/Testing/meningioma/Te-me_229.npz,test
Te-me_23.npz,meningioma,Testing,processed/kaggle_normalized/Testing/meningioma/Te-me_23.npz,test
Te-me_230.npz,meningioma,Testing,processed/kaggle_normalized/Testing/meningioma/Te-me_230.npz,test
Te-me_231.npz,meningioma,Testing,processed/kaggle_normalized/Testing/meningioma/Te-me_231.npz,test
Te-me_232.npz,meningioma,Testing,processed/kaggle_normalized/Testing/meningioma/Te-me_232.npz,test
Te-me_233.npz,meningioma,Testing,processed/kaggle_normalized/Testing/meningioma/Te-me_233.npz,test
Te-me_234.npz,meningioma,Testing,processed/kaggle_normalized/Testing/meningioma/Te-me_234.npz,test
Te-me_235.npz,meningioma,Testing,processed/kaggle_normalized/Testing/meningioma/Te-me_235.npz,test
Te-me_236.npz,meningioma,Testing,processed/kaggle_normalized/Testing/meningioma/Te-me_236.npz,test
Te-me_237.npz,meningioma,Testing,processed/kaggle_normalized/Testing/meningioma/Te-me_237.npz,test
Te-me_238.npz,meningioma,Testing,processed/kaggle_normalized/Testing/meningioma/Te-me_238.npz,test
Te-me_239.npz,meningioma,Testing,processed/kaggle_normalized/Testing/meningioma/Te-me_239.npz,test
Te-me_24.npz,meningioma,Testing,processed/kaggle_normalized/Testing/meningioma/Te-me_24.npz,test
Te-me_240.npz,meningioma,Testing,processed/kaggle_normalized/Testing/meningioma/Te-me_240.npz,test
Te-me_241.npz,meningioma,Testing,processed/kaggle_normalized/Testing/meningioma/Te-me_241.npz,test
Te-me_242.npz,meningioma,Testing,processed/kaggle_normalized/Testing/meningioma/Te-me_242.npz,test
Te-me_243.npz,meningioma,Testing,processed/kaggle_normalized/Testing/meningioma/Te-me_243.npz,test
Te-me_244.npz,meningioma,Testing,processed/kaggle_normalized/Testing/meningioma/Te-me_244.npz,test
Te-me_245.npz,meningioma,Testing,processed/kaggle_normalized/Testing/meningioma/Te-me_245.npz,test
Te-me_246.npz,meningioma,Testing,processed/kaggle_normalized/Testing/meningioma/Te-me_246.npz,test
Te-me_247.npz,meningioma,Testing,processed/kaggle_normalized/Testing/meningioma/Te-me_247.npz,test
Te-me_248.npz,meningioma,Testing,processed/kaggle_normalized/Testing/meningioma/Te-me_248.npz,test
Te-me_249.npz,meningioma,Testing,processed/kaggle_normalized/Testing/meningioma/Te-me_249.npz,test
Te-me_25.npz,meningioma,Testing,processed/kaggle_normalized/Testing/meningioma/Te-me_25.npz,test
Te-me_250.npz,meningioma,Testing,processed/kaggle_normalized/Testing/meningioma/Te-me_250.npz,test
Te-me_251.npz,meningioma,Testing,processed/kaggle_normalized/Testing/meningioma/Te-me_251.npz,test
Te-me_252.npz,meningioma,Testing,processed/kaggle_normalized/Testing/meningioma/Te-me_252.npz,test
Te-me_253.npz,meningioma,Testing,processed/kaggle_normalized/Testing/meningioma/Te-me_253.npz,test
Te-me_254.npz,meningioma,Testing,processed/kaggle_normalized/Testing/meningioma/Te-me_254.npz,test
Te-me_255.npz,meningioma,Testing,processed/kaggle_normalized/Testing/meningioma/Te-me_255.npz,test
Te-me_256.npz,meningioma,Testing,processed/kaggle_normalized/Testing/meningioma/Te-me_256.npz,test
Te-me_257.npz,meningioma,Testing,processed/kaggle_normalized/Testing/meningioma/Te-me_257.npz,test
Te-me_258.npz,meningioma,Testing,processed/kaggle_normalized/Testing/meningioma/Te-me_258.npz,test
Te-me_259.npz,meningioma,Testing,processed/kaggle_normalized/Testing/meningioma/Te-me_259.npz,test
Te-me_26.npz,meningioma,Testing,processed/kaggle_normalized/Testing/meningioma/Te-me_26.npz,test
Te-me_260.npz,meningioma,Testing,processed/kaggle_normalized/Testing/meningioma/Te-me_260.npz,test
Te-me_261.npz,meningioma,Testing,processed/kaggle_normalized/Testing/meningioma/Te-me_261.npz,test
Te-me_262.npz,meningioma,Testing,processed/kaggle_normalized/Testing/meningioma/Te-me_262.npz,test
Te-me_263.npz,meningioma,Testing,processed/kaggle_normalized/Testing/meningioma/Te-me_263.npz,test
Te-me_264.npz,meningioma,Testing,processed/kaggle_normalized/Testing/meningioma/Te-me_264.npz,test
Te-me_265.npz,meningioma,Testing,processed/kaggle_normalized/Testing/meningioma/Te-me_265.npz,test
Te-me_266.npz,meningioma,Testing,processed/kaggle_normalized/Testing/meningioma/Te-me_266.npz,test
Te-me_267.npz,meningioma,Testing,processed/kaggle_normalized/Testing/meningioma/Te-me_267.npz,test
Te-me_268.npz,meningioma,Testing,processed/kaggle_normalized/Testing/meningioma/Te-me_268.npz,test
Te-me_269.npz,meningioma,Testing,processed/kaggle_normalized/Testing/meningioma/Te-me_269.npz,test
Te-me_27.npz,meningioma,Testing,processed/kaggle_normalized/Testing/meningioma/Te-me_27.npz,test
Te-me_270.npz,meningioma,Testing,processed/kaggle_normalized/Testing/meningioma/Te-me_270.npz,test
Te-me_271.npz,meningioma,Testing,processed/kaggle_normalized/Testing/meningioma/Te-me_271.npz,test
Te-me_272.npz,meningioma,Testing,processed/kaggle_normalized/Testing/meningioma/Te-me_272.npz,test
Te-me_273.npz,meningioma,Testing,processed/kaggle_normalized/Testing/meningioma/Te-me_273.npz,test
Te-me_274.npz,meningioma,Testing,processed/kaggle_normalized/Testing/meningioma/Te-me_274.npz,test
Te-me_275.npz,meningioma,Testing,processed/kaggle_normalized/Testing/meningioma/Te-me_275.npz,test
Te-me_276.npz,meningioma,Testing,processed/kaggle_normalized/Testing/meningioma/Te-me_276.npz,test
Te-me_277.npz,meningioma,Testing,processed/kaggle_normalized/Testing/meningioma/Te-me_277.npz,test
Te-me_278.npz,meningioma,Testing,processed/kaggle_normalized/Testing/meningioma/Te-me_278.npz,test
Te-me_279.npz,meningioma,Testing,processed/kaggle_normalized/Testing/meningioma/Te-me_279.npz,test
Te-me_28.npz,meningioma,Testing,processed/kaggle_normalized/Testing/meningioma/Te-me_28.npz,test
Te-me_280.npz,meningioma,Testing,processed/kaggle_normalized/Testing/meningioma/Te-me_280.npz,test
Te-me_281.npz,meningioma,Testing,processed/kaggle_normalized/Testing/meningioma/Te-me_281.npz,test
Te-me_282.npz,meningioma,Testing,processed/kaggle_normalized/Testing/meningioma/Te-me_282.npz,test
Te-me_283.npz,meningioma,Testing,processed/kaggle_normalized/Testing/meningioma/Te-me_283.npz,test
Te-me_284.npz,meningioma,Testing,processed/kaggle_normalized/Testing/meningioma/Te-me_284.npz,test
Te-me_285.npz,meningioma,Testing,processed/kaggle_normalized/Testing/meningioma/Te-me_285.npz,test
Te-me_286.npz,meningioma,Testing,processed/kaggle_normalized/Testing/meningioma/Te-me_286.npz,test
Te-me_287.npz,meningioma,Testing,processed/kaggle_normalized/Testing/meningioma/Te-me_287.npz,test
Te-me_288.npz,meningioma,Testing,processed/kaggle_normalized/Testing/meningioma/Te-me_288.npz,test
Te-me_289.npz,meningioma,Testing,processed/kaggle_normalized/Testing/meningioma/Te-me_289.npz,test
Te-me_29.npz,meningioma,Testing,processed/kaggle_normalized/Testing/meningioma/Te-me_29.npz,test
Te-me_290.npz,meningioma,Testing,processed/kaggle_normalized/Testing/meningioma/Te-me_290.npz,test
Te-me_291.npz,meningioma,Testing,processed/kaggle_normalized/Testing/meningioma/Te-me_291.npz,test
Te-me_292.npz,meningioma,Testing,processed/kaggle_normalized/Testing/meningioma/Te-me_292.npz,test
Te-me_293.npz,meningioma,Testing,processed/kaggle_normalized/Testing/meningioma/Te-me_293.npz,test
Te-me_294.npz,meningioma,Testing,processed/kaggle_normalized/Testing/meningioma/Te-me_294.npz,test
Te-me_295.npz,meningioma,Testing,processed/kaggle_normalized/Testing/meningioma/Te-me_295.npz,test
Te-me_296.npz,meningioma,Testing,processed/kaggle_normalized/Testing/meningioma/Te-me_296.npz,test
Te-me_297.npz,meningioma,Testing,processed/kaggle_normalized/Testing/meningioma/Te-me_297.npz,test
Te-me_3.npz,meningioma,Testing,processed/kaggle_normalized/Testing/meningioma/Te-me_3.npz,test
Te-me_30.npz,meningioma,Testing,processed/kaggle_normalized/Testing/meningioma/Te-me_30.npz,test
Te-me_31.npz,meningioma,Testing,processed/kaggle_normalized/Testing/meningioma/Te-me_31.npz,test
Te-me_32.npz,meningioma,Testing,processed/kaggle_normalized/Testing/meningioma/Te-me_32.npz,test
Te-me_33.npz,meningioma,Testing,processed/kaggle_normalized/Testing/meningioma/Te-me_33.npz,test
Te-me_34.npz,meningioma,Testing,processed/kaggle_normalized/Testing/meningioma/Te-me_34.npz,test
Te-me_35.npz,meningioma,Testing,processed/kaggle_normalized/Testing/meningioma/Te-me_35.npz,test
Te-me_36.npz,meningioma,Testing,processed/kaggle_normalized/Testing/meningioma/Te-me_36.npz,test
Te-me_37.npz,meningioma,Testing,processed/kaggle_normalized/Testing/meningioma/Te-me_37.npz,test
Te-me_38.npz,meningioma,Testing,processed/kaggle_normalized/Testing/meningioma/Te-me_38.npz,test
Te-me_39.npz,meningioma,Testing,processed/kaggle_normalized/Testing/meningioma/Te-me_39.npz,test
Te-me_4.npz,meningioma,Testing,processed/kaggle_normalized/Testing/meningioma/Te-me_4.npz,test
Te-me_40.npz,meningioma,Testing,processed/kaggle_normalized/Testing/meningioma/Te-me_40.npz,test
Te-me_41.npz,meningioma,Testing,processed/kaggle_normalized/Testing/meningioma/Te-me_41.npz,test
Te-me_42.npz,meningioma,Testing,processed/kaggle_normalized/Testing/meningioma/Te-me_42.npz,test
Te-me_43.npz,meningioma,Testing,processed/kaggle_normalized/Testing/meningioma/Te-me_43.npz,test
Te-me_44.npz,meningioma,Testing,processed/kaggle_normalized/Testing/meningioma/Te-me_44.npz,test
Te-me_45.npz,meningioma,Testing,processed/kaggle_normalized/Testing/meningioma/Te-me_45.npz,test
Te-me_46.npz,meningioma,Testing,processed/kaggle_normalized/Testing/meningioma/Te-me_46.npz,test
Te-me_47.npz,meningioma,Testing,processed/kaggle_normalized/Testing/meningioma/Te-me_47.npz,test
Te-me_48.npz,meningioma,Testing,processed/kaggle_normalized/Testing/meningioma/Te-me_48.npz,test
Te-me_49.npz,meningioma,Testing,processed/kaggle_normalized/Testing/meningioma/Te-me_49.npz,test
Te-me_5.npz,meningioma,Testing,processed/kaggle_normalized/Testing/meningioma/Te-me_5.npz,test
Te-me_50.npz,meningioma,Testing,processed/kaggle_normalized/Testing/meningioma/Te-me_50.npz,test
Te-me_51.npz,meningioma,Testing,processed/kaggle_normalized/Testing/meningioma/Te-me_51.npz,test
Te-me_52.npz,meningioma,Testing,processed/kaggle_normalized/Testing/meningioma/Te-me_52.npz,test
Te-me_53.npz,meningioma,Testing,processed/kaggle_normalized/Testing/meningioma/Te-me_53.npz,test
Te-me_54.npz,meningioma,Testing,processed/kaggle_normalized/Testing/meningioma/Te-me_54.npz,test
Te-me_55.npz,meningioma,Testing,processed/kaggle_normalized/Testing/meningioma/Te-me_55.npz,test
Te-me_56.npz,meningioma,Testing,processed/kaggle_normalized/Testing/meningioma/Te-me_56.npz,test
Te-me_57.npz,meningioma,Testing,processed/kaggle_normalized/Testing/meningioma/Te-me_57.npz,test
Te-me_58.npz,meningioma,Testing,processed/kaggle_normalized/Testing/meningioma/Te-me_58.npz,test
Te-me_59.npz,meningioma,Testing,processed/kaggle_normalized/Testing/meningioma/Te-me_59.npz,test
Te-me_6.npz,meningioma,Testing,processed/kaggle_normalized/Testing/meningioma/Te-me_6.npz,test
Te-me_60.npz,meningioma,Testing,processed/kaggle_normalized/Testing/meningioma/Te-me_60.npz,test
Te-me_61.npz,meningioma,Testing,processed/kaggle_normalized/Testing/meningioma/Te-me_61.npz,test
Te-me_62.npz,meningioma,Testing,processed/kaggle_normalized/Testing/meningioma/Te-me_62.npz,test
Te-me_63.npz,meningioma,Testing,processed/kaggle_normalized/Testing/meningioma/Te-me_63.npz,test
Te-me_64.npz,meningioma,Testing,processed/kaggle_normalized/Testing/meningioma/Te-me_64.npz,test
Te-me_65.npz,meningioma,Testing,processed/kaggle_normalized/Testing/meningioma/Te-me_65.npz,test
Te-me_66.npz,meningioma,Testing,processed/kaggle_normalized/Testing/meningioma/Te-me_66.npz,test
Te-me_67.npz,meningioma,Testing,processed/kaggle_normalized/Testing/meningioma/Te-me_67.npz,test
Te-me_68.npz,meningioma,Testing,processed/kaggle_normalized/Testing/meningioma/Te-me_68.npz,test
Te-me_69.npz,meningioma,Testing,processed/kaggle_normalized/Testing/meningioma/Te-me_69.npz,test
Te-me_7.npz,meningioma,Testing,processed/kaggle_normalized/Testing/meningioma/Te-me_7.npz,test
Te-me_70.npz,meningioma,Testing,processed/kaggle_normalized/Testing/meningioma/Te-me_70.npz,test
Te-me_71.npz,meningioma,Testing,processed/kaggle_normalized/Testing/meningioma/Te-me_71.npz,test
Te-me_72.npz,meningioma,Testing,processed/kaggle_normalized/Testing/meningioma/Te-me_72.npz,test
Te-me_73.npz,meningioma,Testing,processed/kaggle_normalized/Testing/meningioma/Te-me_73.npz,test
Te-me_74.npz,meningioma,Testing,processed/kaggle_normalized/Testing/meningioma/Te-me_74.npz,test
Te-me_75.npz,meningioma,Testing,processed/kaggle_normalized/Testing/meningioma/Te-me_75.npz,test
Te-me_76.npz,meningioma,Testing,processed/kaggle_normalized/Testing/meningioma/Te-me_76.npz,test
Te-me_77.npz,meningioma,Testing,processed/kaggle_normalized/Testing/meningioma/Te-me_77.npz,test
Te-me_78.npz,meningioma,Testing,processed/kaggle_normalized/Testing/meningioma/Te-me_78.npz,test
Te-me_79.npz,meningioma,Testing,processed/kaggle_normalized/Testing/meningioma/Te-me_79.npz,test
Te-me_8.npz,meningioma,Testing,processed/kaggle_normalized/Testing/meningioma/Te-me_8.npz,test
Te-me_80.npz,meningioma,Testing,processed/kaggle_normalized/Testing/meningioma/Te-me_80.npz,test
Te-me_81.npz,meningioma,Testing,processed/kaggle_normalized/Testing/meningioma/Te-me_81.npz,test
Te-me_82.npz,meningioma,Testing,processed/kaggle_normalized/Testing/meningioma/Te-me_82.npz,test
Te-me_83.npz,meningioma,Testing,processed/kaggle_normalized/Testing/meningioma/Te-me_83.npz,test
Te-me_84.npz,meningioma,Testing,processed/kaggle_normalized/Testing/meningioma/Te-me_84.npz,test
Te-me_85.npz,meningioma,Testing,processed/kaggle_normalized/Testing/meningioma/Te-me_85.npz,test
Te-me_86.npz,meningioma,Testing,processed/kaggle_normalized/Testing/meningioma/Te-me_86.npz,test
Te-me_87.npz,meningioma,Testing,processed/kaggle_normalized/Testing/meningioma/Te-me_87.npz,test
Te-me_88.npz,meningioma,Testing,processed/kaggle_normalized/Testing/meningioma/Te-me_88.npz,test
Te-me_89.npz,meningioma,Testing,processed/kaggle_normalized/Testing/meningioma/Te-me_89.npz,test
Te-me_9.npz,meningioma,Testing,processed/kaggle_normalized/Testing/meningioma/Te-me_9.npz,test
Te-me_90.npz,meningioma,Testing,processed/kaggle_normalized/Testing/meningioma/Te-me_90.npz,test
Te-me_91.npz,meningioma,Testing,processed/kaggle_normalized/Testing/meningioma/Te-me_91.npz,test
Te-me_92.npz,meningioma,Testing,processed/kaggle_normalized/Testing/meningioma/Te-me_92.npz,test
Te-me_93.npz,meningioma,Testing,processed/kaggle_normalized/Testing/meningioma/Te-me_93.npz,test
Te-me_94.npz,meningioma,Testing,processed/kaggle_normalized/Testing/meningioma/Te-me_94.npz,test
Te-me_95.npz,meningioma,Testing,processed/kaggle_normalized/Testing/meningioma/Te-me_95.npz,test
Te-me_96.npz,meningioma,Testing,processed/kaggle_normalized/Testing/meningioma/Te-me_96.npz,test
Te-me_97.npz,meningioma,Testing,processed/kaggle_normalized/Testing/meningioma/Te-me_97.npz,test
Te-me_98.npz,meningioma,Testing,processed/kaggle_normalized/Testing/meningioma/Te-me_98.npz,test
Te-me_99.npz,meningioma,Testing,processed/kaggle_normalized/Testing/meningioma/Te-me_99.npz,test
Te-no_1.npz,notumor,Testing,processed/kaggle_normalized/Testing/notumor/Te-no_1.npz,test
Te-no_10.npz,notumor,Testing,processed/kaggle_normalized/Testing/notumor/Te-no_10.npz,test
Te-no_100.npz,notumor,Testing,processed/kaggle_normalized/Testing/notumor/Te-no_100.npz,test
Te-no_101.npz,notumor,Testing,processed/kaggle_normalized/Testing/notumor/Te-no_101.npz,test
Te-no_102.npz,notumor,Testing,processed/kaggle_normalized/Testing/notumor/Te-no_102.npz,test
Te-no_103.npz,notumor,Testing,processed/kaggle_normalized/Testing/notumor/Te-no_103.npz,test
Te-no_104.npz,notumor,Testing,processed/kaggle_normalized/Testing/notumor/Te-no_104.npz,test
Te-no_105.npz,notumor,Testing,processed/kaggle_normalized/Testing/notumor/Te-no_105.npz,test
Te-no_106.npz,notumor,Testing,processed/kaggle_normalized/Testing/notumor/Te-no_106.npz,test
Te-no_107.npz,notumor,Testing,processed/kaggle_normalized/Testing/notumor/Te-no_107.npz,test
Te-no_108.npz,notumor,Testing,processed/kaggle_normalized/Testing/notumor/Te-no_108.npz,test
Te-no_109.npz,notumor,Testing,processed/kaggle_normalized/Testing/notumor/Te-no_109.npz,test
Te-no_11.npz,notumor,Testing,processed/kaggle_normalized/Testing/notumor/Te-no_11.npz,test
Te-no_110.npz,notumor,Testing,processed/kaggle_normalized/Testing/notumor/Te-no_110.npz,test
Te-no_111.npz,notumor,Testing,processed/kaggle_normalized/Testing/notumor/Te-no_111.npz,test
Te-no_112.npz,notumor,Testing,processed/kaggle_normalized/Testing/notumor/Te-no_112.npz,test
Te-no_113.npz,notumor,Testing,processed/kaggle_normalized/Testing/notumor/Te-no_113.npz,test
Te-no_114.npz,notumor,Testing,processed/kaggle_normalized/Testing/notumor/Te-no_114.npz,test
Te-no_115.npz,notumor,Testing,processed/kaggle_normalized/Testing/notumor/Te-no_115.npz,test
Te-no_116.npz,notumor,Testing,processed/kaggle_normalized/Testing/notumor/Te-no_116.npz,test
Te-no_117.npz,notumor,Testing,processed/kaggle_normalized/Testing/notumor/Te-no_117.npz,test
Te-no_118.npz,notumor,Testing,processed/kaggle_normalized/Testing/notumor/Te-no_118.npz,test
Te-no_119.npz,notumor,Testing,processed/kaggle_normalized/Testing/notumor/Te-no_119.npz,test
Te-no_12.npz,notumor,Testing,processed/kaggle_normalized/Testing/notumor/Te-no_12.npz,test
Te-no_120.npz,notumor,Testing,processed/kaggle_normalized/Testing/notumor/Te-no_120.npz,test
Te-no_121.npz,notumor,Testing,processed/kaggle_normalized/Testing/notumor/Te-no_121.npz,test
Te-no_122.npz,notumor,Testing,processed/kaggle_normalized/Testing/notumor/Te-no_122.npz,test
Te-no_123.npz,notumor,Testing,processed/kaggle_normalized/Testing/notumor/Te-no_123.npz,test
Te-no_124.npz,notumor,Testing,processed/kaggle_normalized/Testing/notumor/Te-no_124.npz,test
Te-no_125.npz,notumor,Testing,processed/kaggle_normalized/Testing/notumor/Te-no_125.npz,test
Te-no_126.npz,notumor,Testing,processed/kaggle_normalized/Testing/notumor/Te-no_126.npz,test
Te-no_127.npz,notumor,Testing,processed/kaggle_normalized/Testing/notumor/Te-no_127.npz,test
Te-no_128.npz,notumor,Testing,processed/kaggle_normalized/Testing/notumor/Te-no_128.npz,test
Te-no_129.npz,notumor,Testing,processed/kaggle_normalized/Testing/notumor/Te-no_129.npz,test
Te-no_13.npz,notumor,Testing,processed/kaggle_normalized/Testing/notumor/Te-no_13.npz,test
Te-no_130.npz,notumor,Testing,processed/kaggle_normalized/Testing/notumor/Te-no_130.npz,test
Te-no_131.npz,notumor,Testing,processed/kaggle_normalized/Testing/notumor/Te-no_131.npz,test
Te-no_132.npz,notumor,Testing,processed/kaggle_normalized/Testing/notumor/Te-no_132.npz,test
Te-no_133.npz,notumor,Testing,processed/kaggle_normalized/Testing/notumor/Te-no_133.npz,test
Te-no_134.npz,notumor,Testing,processed/kaggle_normalized/Testing/notumor/Te-no_134.npz,test
Te-no_135.npz,notumor,Testing,processed/kaggle_normalized/Testing/notumor/Te-no_135.npz,test
Te-no_136.npz,notumor,Testing,processed/kaggle_normalized/Testing/notumor/Te-no_136.npz,test
Te-no_137.npz,notumor,Testing,processed/kaggle_normalized/Testing/notumor/Te-no_137.npz,test
Te-no_138.npz,notumor,Testing,processed/kaggle_normalized/Testing/notumor/Te-no_138.npz,test
Te-no_139.npz,notumor,Testing,processed/kaggle_normalized/Testing/notumor/Te-no_139.npz,test
Te-no_14.npz,notumor,Testing,processed/kaggle_normalized/Testing/notumor/Te-no_14.npz,test
Te-no_140.npz,notumor,Testing,processed/kaggle_normalized/Testing/notumor/Te-no_140.npz,test
Te-no_141.npz,notumor,Testing,processed/kaggle_normalized/Testing/notumor/Te-no_141.npz,test
Te-no_142.npz,notumor,Testing,processed/kaggle_normalized/Testing/notumor/Te-no_142.npz,test
Te-no_143.npz,notumor,Testing,processed/kaggle_normalized/Testing/notumor/Te-no_143.npz,test
Te-no_144.npz,notumor,Testing,processed/kaggle_normalized/Testing/notumor/Te-no_144.npz,test
Te-no_145.npz,notumor,Testing,processed/kaggle_normalized/Testing/notumor/Te-no_145.npz,test
Te-no_146.npz,notumor,Testing,processed/kaggle_normalized/Testing/notumor/Te-no_146.npz,test
Te-no_147.npz,notumor,Testing,processed/kaggle_normalized/Testing/notumor/Te-no_147.npz,test
Te-no_148.npz,notumor,Testing,processed/kaggle_normalized/Testing/notumor/Te-no_148.npz,test
Te-no_149.npz,notumor,Testing,processed/kaggle_normalized/Testing/notumor/Te-no_149.npz,test
Te-no_15.npz,notumor,Testing,processed/kaggle_normalized/Testing/notumor/Te-no_15.npz,test
Te-no_150.npz,notumor,Testing,processed/kaggle_normalized/Testing/notumor/Te-no_150.npz,test
Te-no_151.npz,notumor,Testing,processed/kaggle_normalized/Testing/notumor/Te-no_151.npz,test
Te-no_152.npz,notumor,Testing,processed/kaggle_normalized/Testing/notumor/Te-no_152.npz,test
Te-no_153.npz,notumor,Testing,processed/kaggle_normalized/Testing/notumor/Te-no_153.npz,test
Te-no_154.npz,notumor,Testing,processed/kaggle_normalized/Testing/notumor/Te-no_154.npz,test
Te-no_155.npz,notumor,Testing,processed/kaggle_normalized/Testing/notumor/Te-no_155.npz,test
Te-no_156.npz,notumor,Testing,processed/kaggle_normalized/Testing/notumor/Te-no_156.npz,test
Te-no_157.npz,notumor,Testing,processed/kaggle_normalized/Testing/notumor/Te-no_157.npz,test
Te-no_158.npz,notumor,Testing,processed/kaggle_normalized/Testing/notumor/Te-no_158.npz,test
Te-no_159.npz,notumor,Testing,processed/kaggle_normalized/Testing/notumor/Te-no_159.npz,test
Te-no_16.npz,notumor,Testing,processed/kaggle_normalized/Testing/notumor/Te-no_16.npz,test
Te-no_160.npz,notumor,Testing,processed/kaggle_normalized/Testing/notumor/Te-no_160.npz,test
Te-no_161.npz,notumor,Testing,processed/kaggle_normalized/Testing/notumor/Te-no_161.npz,test
Te-no_162.npz,notumor,Testing,processed/kaggle_normalized/Testing/notumor/Te-no_162.npz,test
Te-no_163.npz,notumor,Testing,processed/kaggle_normalized/Testing/notumor/Te-no_163.npz,test
Te-no_164.npz,notumor,Testing,processed/kaggle_normalized/Testing/notumor/Te-no_164.npz,test
Te-no_165.npz,notumor,Testing,processed/kaggle_normalized/Testing/notumor/Te-no_165.npz,test
Te-no_166.npz,notumor,Testing,processed/kaggle_normalized/Testing/notumor/Te-no_166.npz,test
Te-no_167.npz,notumor,Testing,processed/kaggle_normalized/Testing/notumor/Te-no_167.npz,test
Te-no_168.npz,notumor,Testing,processed/kaggle_normalized/Testing/notumor/Te-no_168.npz,test
Te-no_169.npz,notumor,Testing,processed/kaggle_normalized/Testing/notumor/Te-no_169.npz,test
Te-no_17.npz,notumor,Testing,processed/kaggle_normalized/Testing/notumor/Te-no_17.npz,test
Te-no_170.npz,notumor,Testing,processed/kaggle_normalized/Testing/notumor/Te-no_170.npz,test
Te-no_171.npz,notumor,Testing,processed/kaggle_normalized/Testing/notumor/Te-no_171.npz,test
Te-no_172.npz,notumor,Testing,processed/kaggle_normalized/Testing/notumor/Te-no_172.npz,test
Te-no_173.npz,notumor,Testing,processed/kaggle_normalized/Testing/notumor/Te-no_173.npz,test
Te-no_174.npz,notumor,Testing,processed/kaggle_normalized/Testing/notumor/Te-no_174.npz,test
Te-no_175.npz,notumor,Testing,processed/kaggle_normalized/Testing/notumor/Te-no_175.npz,test
Te-no_176.npz,notumor,Testing,processed/kaggle_normalized/Testing/notumor/Te-no_176.npz,test
Te-no_177.npz,notumor,Testing,processed/kaggle_normalized/Testing/notumor/Te-no_177.npz,test
Te-no_178.npz,notumor,Testing,processed/kaggle_normalized/Testing/notumor/Te-no_178.npz,test
Te-no_179.npz,notumor,Testing,processed/kaggle_normalized/Testing/notumor/Te-no_179.npz,test
Te-no_18.npz,notumor,Testing,processed/kaggle_normalized/Testing/notumor/Te-no_18.npz,test
Te-no_180.npz,notumor,Testing,processed/kaggle_normalized/Testing/notumor/Te-no_180.npz,test
Te-no_181.npz,notumor,Testing,processed/kaggle_normalized/Testing/notumor/Te-no_181.npz,test
Te-no_182.npz,notumor,Testing,processed/kaggle_normalized/Testing/notumor/Te-no_182.npz,test
Te-no_183.npz,notumor,Testing,processed/kaggle_normalized/Testing/notumor/Te-no_183.npz,test
Te-no_184.npz,notumor,Testing,processed/kaggle_normalized/Testing/notumor/Te-no_184.npz,test
Te-no_185.npz,notumor,Testing,processed/kaggle_normalized/Testing/notumor/Te-no_185.npz,test
Te-no_186.npz,notumor,Testing,processed/kaggle_normalized/Testing/notumor/Te-no_186.npz,test
Te-no_187.npz,notumor,Testing,processed/kaggle_normalized/Testing/notumor/Te-no_187.npz,test
Te-no_188.npz,notumor,Testing,processed/kaggle_normalized/Testing/notumor/Te-no_188.npz,test
Te-no_189.npz,notumor,Testing,processed/kaggle_normalized/Testing/notumor/Te-no_189.npz,test
Te-no_19.npz,notumor,Testing,processed/kaggle_normalized/Testing/notumor/Te-no_19.npz,test
Te-no_190.npz,notumor,Testing,processed/kaggle_normalized/Testing/notumor/Te-no_190.npz,test
Te-no_191.npz,notumor,Testing,processed/kaggle_normalized/Testing/notumor/Te-no_191.npz,test
Te-no_192.npz,notumor,Testing,processed/kaggle_normalized/Testing/notumor/Te-no_192.npz,test
Te-no_193.npz,notumor,Testing,processed/kaggle_normalized/Testing/notumor/Te-no_193.npz,test
Te-no_194.npz,notumor,Testing,processed/kaggle_normalized/Testing/notumor/Te-no_194.npz,test
Te-no_195.npz,notumor,Testing,processed/kaggle_normalized/Testing/notumor/Te-no_195.npz,test
Te-no_196.npz,notumor,Testing,processed/kaggle_normalized/Testing/notumor/Te-no_196.npz,test
Te-no_197.npz,notumor,Testing,processed/kaggle_normalized/Testing/notumor/Te-no_197.npz,test
Te-no_198.npz,notumor,Testing,processed/kaggle_normalized/Testing/notumor/Te-no_198.npz,test
Te-no_199.npz,notumor,Testing,processed/kaggle_normalized/Testing/notumor/Te-no_199.npz,test
Te-no_2.npz,notumor,Testing,processed/kaggle_normalized/Testing/notumor/Te-no_2.npz,test
Te-no_20.npz,notumor,Testing,processed/kaggle_normalized/Testing/notumor/Te-no_20.npz,test
Te-no_200.npz,notumor,Testing,processed/kaggle_normalized/Testing/notumor/Te-no_200.npz,test
Te-no_201.npz,notumor,Testing,processed/kaggle_normalized/Testing/notumor/Te-no_201.npz,test
Te-no_202.npz,notumor,Testing,processed/kaggle_normalized/Testing/notumor/Te-no_202.npz,test
Te-no_203.npz,notumor,Testing,processed/kaggle_normalized/Testing/notumor/Te-no_203.npz,test
Te-no_204.npz,notumor,Testing,processed/kaggle_normalized/Testing/notumor/Te-no_204.npz,test
Te-no_205.npz,notumor,Testing,processed/kaggle_normalized/Testing/notumor/Te-no_205.npz,test
Te-no_206.npz,notumor,Testing,processed/kaggle_normalized/Testing/notumor/Te-no_206.npz,test
Te-no_207.npz,notumor,Testing,processed/kaggle_normalized/Testing/notumor/Te-no_207.npz,test
Te-no_208.npz,notumor,Testing,processed/kaggle_normalized/Testing/notumor/Te-no_208.npz,test
Te-no_209.npz,notumor,Testing,processed/kaggle_normalized/Testing/notumor/Te-no_209.npz,test
Te-no_21.npz,notumor,Testing,processed/kaggle_normalized/Testing/notumor/Te-no_21.npz,test
Te-no_210.npz,notumor,Testing,processed/kaggle_normalized/Testing/notumor/Te-no_210.npz,test
Te-no_211.npz,notumor,Testing,processed/kaggle_normalized/Testing/notumor/Te-no_211.npz,test
Te-no_212.npz,notumor,Testing,processed/kaggle_normalized/Testing/notumor/Te-no_212.npz,test
Te-no_213.npz,notumor,Testing,processed/kaggle_normalized/Testing/notumor/Te-no_213.npz,test
Te-no_214.npz,notumor,Testing,processed/kaggle_normalized/Testing/notumor/Te-no_214.npz,test
Te-no_215.npz,notumor,Testing,processed/kaggle_normalized/Testing/notumor/Te-no_215.npz,test
Te-no_216.npz,notumor,Testing,processed/kaggle_normalized/Testing/notumor/Te-no_216.npz,test
Te-no_217.npz,notumor,Testing,processed/kaggle_normalized/Testing/notumor/Te-no_217.npz,test
Te-no_218.npz,notumor,Testing,processed/kaggle_normalized/Testing/notumor/Te-no_218.npz,test
Te-no_219.npz,notumor,Testing,processed/kaggle_normalized/Testing/notumor/Te-no_219.npz,test
Te-no_22.npz,notumor,Testing,processed/kaggle_normalized/Testing/notumor/Te-no_22.npz,test
Te-no_220.npz,notumor,Testing,processed/kaggle_normalized/Testing/notumor/Te-no_220.npz,test
Te-no_221.npz,notumor,Testing,processed/kaggle_normalized/Testing/notumor/Te-no_221.npz,test
Te-no_222.npz,notumor,Testing,processed/kaggle_normalized/Testing/notumor/Te-no_222.npz,test
Te-no_223.npz,notumor,Testing,processed/kaggle_normalized/Testing/notumor/Te-no_223.npz,test
Te-no_224.npz,notumor,Testing,processed/kaggle_normalized/Testing/notumor/Te-no_224.npz,test
Te-no_225.npz,notumor,Testing,processed/kaggle_normalized/Testing/notumor/Te-no_225.npz,test
Te-no_226.npz,notumor,Testing,processed/kaggle_normalized/Testing/notumor/Te-no_226.npz,test
Te-no_227.npz,notumor,Testing,processed/kaggle_normalized/Testing/notumor/Te-no_227.npz,test
Te-no_228.npz,notumor,Testing,processed/kaggle_normalized/Testing/notumor/Te-no_228.npz,test
Te-no_229.npz,notumor,Testing,processed/kaggle_normalized/Testing/notumor/Te-no_229.npz,test
Te-no_23.npz,notumor,Testing,processed/kaggle_normalized/Testing/notumor/Te-no_23.npz,test
Te-no_230.npz,notumor,Testing,processed/kaggle_normalized/Testing/notumor/Te-no_230.npz,test
Te-no_231.npz,notumor,Testing,processed/kaggle_normalized/Testing/notumor/Te-no_231.npz,test
Te-no_232.npz,notumor,Testing,processed/kaggle_normalized/Testing/notumor/Te-no_232.npz,test
Te-no_233.npz,notumor,Testing,processed/kaggle_normalized/Testing/notumor/Te-no_233.npz,test
Te-no_234.npz,notumor,Testing,processed/kaggle_normalized/Testing/notumor/Te-no_234.npz,test
Te-no_235.npz,notumor,Testing,processed/kaggle_normalized/Testing/notumor/Te-no_235.npz,test
Te-no_236.npz,notumor,Testing,processed/kaggle_normalized/Testing/notumor/Te-no_236.npz,test
Te-no_237.npz,notumor,Testing,processed/kaggle_normalized/Testing/notumor/Te-no_237.npz,test
Te-no_238.npz,notumor,Testing,processed/kaggle_normalized/Testing/notumor/Te-no_238.npz,test
Te-no_239.npz,notumor,Testing,processed/kaggle_normalized/Testing/notumor/Te-no_239.npz,test
Te-no_24.npz,notumor,Testing,processed/kaggle_normalized/Testing/notumor/Te-no_24.npz,test
Te-no_240.npz,notumor,Testing,processed/kaggle_normalized/Testing/notumor/Te-no_240.npz,test
Te-no_241.npz,notumor,Testing,processed/kaggle_normalized/Testing/notumor/Te-no_241.npz,test
Te-no_242.npz,notumor,Testing,processed/kaggle_normalized/Testing/notumor/Te-no_242.npz,test
Te-no_243.npz,notumor,Testing,processed/kaggle_normalized/Testing/notumor/Te-no_243.npz,test
Te-no_244.npz,notumor,Testing,processed/kaggle_normalized/Testing/notumor/Te-no_244.npz,test
Te-no_245.npz,notumor,Testing,processed/kaggle_normalized/Testing/notumor/Te-no_245.npz,test
Te-no_246.npz,notumor,Testing,processed/kaggle_normalized/Testing/notumor/Te-no_246.npz,test
Te-no_247.npz,notumor,Testing,processed/kaggle_normalized/Testing/notumor/Te-no_247.npz,test
Te-no_248.npz,notumor,Testing,processed/kaggle_normalized/Testing/notumor/Te-no_248.npz,test
Te-no_249.npz,notumor,Testing,processed/kaggle_normalized/Testing/notumor/Te-no_249.npz,test
Te-no_25.npz,notumor,Testing,processed/kaggle_normalized/Testing/notumor/Te-no_25.npz,test
Te-no_250.npz,notumor,Testing,processed/kaggle_normalized/Testing/notumor/Te-no_250.npz,test
Te-no_251.npz,notumor,Testing,processed/kaggle_normalized/Testing/notumor/Te-no_251.npz,test
Te-no_252.npz,notumor,Testing,processed/kaggle_normalized/Testing/notumor/Te-no_252.npz,test
Te-no_253.npz,notumor,Testing,processed/kaggle_normalized/Testing/notumor/Te-no_253.npz,test
Te-no_254.npz,notumor,Testing,processed/kaggle_normalized/Testing/notumor/Te-no_254.npz,test
Te-no_255.npz,notumor,Testing,processed/kaggle_normalized/Testing/notumor/Te-no_255.npz,test
Te-no_256.npz,notumor,Testing,processed/kaggle_normalized/Testing/notumor/Te-no_256.npz,test
Te-no_257.npz,notumor,Testing,processed/kaggle_normalized/Testing/notumor/Te-no_257.npz,test
Te-no_258.npz,notumor,Testing,processed/kaggle_normalized/Testing/notumor/Te-no_258.npz,test
Te-no_259.npz,notumor,Testing,processed/kaggle_normalized/Testing/notumor/Te-no_259.npz,test
Te-no_26.npz,notumor,Testing,processed/kaggle_normalized/Testing/notumor/Te-no_26.npz,test
Te-no_260.npz,notumor,Testing,processed/kaggle_normalized/Testing/notumor/Te-no_260.npz,test
Te-no_261.npz,notumor,Testing,processed/kaggle_normalized/Testing/notumor/Te-no_261.npz,test
Te-no_262.npz,notumor,Testing,processed/kaggle_normalized/Testing/notumor/Te-no_262.npz,test
Te-no_263.npz,notumor,Testing,processed/kaggle_normalized/Testing/notumor/Te-no_263.npz,test
Te-no_264.npz,notumor,Testing,processed/kaggle_normalized/Testing/notumor/Te-no_264.npz,test
Te-no_265.npz,notumor,Testing,processed/kaggle_normalized/Testing/notumor/Te-no_265.npz,test
Te-no_266.npz,notumor,Testing,processed/kaggle_normalized/Testing/notumor/Te-no_266.npz,test
Te-no_267.npz,notumor,Testing,processed/kaggle_normalized/Testing/notumor/Te-no_267.npz,test
Te-no_268.npz,notumor,Testing,processed/kaggle_normalized/Testing/notumor/Te-no_268.npz,test
Te-no_269.npz,notumor,Testing,processed/kaggle_normalized/Testing/notumor/Te-no_269.npz,test
Te-no_27.npz,notumor,Testing,processed/kaggle_normalized/Testing/notumor/Te-no_27.npz,test
Te-no_270.npz,notumor,Testing,processed/kaggle_normalized/Testing/notumor/Te-no_270.npz,test
Te-no_271.npz,notumor,Testing,processed/kaggle_normalized/Testing/notumor/Te-no_271.npz,test
Te-no_272.npz,notumor,Testing,processed/kaggle_normalized/Testing/notumor/Te-no_272.npz,test
Te-no_273.npz,notumor,Testing,processed/kaggle_normalized/Testing/notumor/Te-no_273.npz,test
Te-no_274.npz,notumor,Testing,processed/kaggle_normalized/Testing/notumor/Te-no_274.npz,test
Te-no_275.npz,notumor,Testing,processed/kaggle_normalized/Testing/notumor/Te-no_275.npz,test
Te-no_276.npz,notumor,Testing,processed/kaggle_normalized/Testing/notumor/Te-no_276.npz,test
Te-no_277.npz,notumor,Testing,processed/kaggle_normalized/Testing/notumor/Te-no_277.npz,test
Te-no_278.npz,notumor,Testing,processed/kaggle_normalized/Testing/notumor/Te-no_278.npz,test
Te-no_279.npz,notumor,Testing,processed/kaggle_normalized/Testing/notumor/Te-no_279.npz,test
Te-no_28.npz,notumor,Testing,processed/kaggle_normalized/Testing/notumor/Te-no_28.npz,test
Te-no_280.npz,notumor,Testing,processed/kaggle_normalized/Testing/notumor/Te-no_280.npz,test
Te-no_281.npz,notumor,Testing,processed/kaggle_normalized/Testing/notumor/Te-no_281.npz,test
Te-no_282.npz,notumor,Testing,processed/kaggle_normalized/Testing/notumor/Te-no_282.npz,test
Te-no_283.npz,notumor,Testing,processed/kaggle_normalized/Testing/notumor/Te-no_283.npz,test
Te-no_284.npz,notumor,Testing,processed/kaggle_normalized/Testing/notumor/Te-no_284.npz,test
Te-no_285.npz,notumor,Testing,processed/kaggle_normalized/Testing/notumor/Te-no_285.npz,test
Te-no_286.npz,notumor,Testing,processed/kaggle_normalized/Testing/notumor/Te-no_286.npz,test
Te-no_287.npz,notumor,Testing,processed/kaggle_normalized/Testing/notumor/Te-no_287.npz,test
Te-no_288.npz,notumor,Testing,processed/kaggle_normalized/Testing/notumor/Te-no_288.npz,test
Te-no_289.npz,notumor,Testing,processed/kaggle_normalized/Testing/notumor/Te-no_289.npz,test
Te-no_29.npz,notumor,Testing,processed/kaggle_normalized/Testing/notumor/Te-no_29.npz,test
Te-no_290.npz,notumor,Testing,processed/kaggle_normalized/Testing/notumor/Te-no_290.npz,test
Te-no_291.npz,notumor,Testing,processed/kaggle_normalized/Testing/notumor/Te-no_291.npz,test
Te-no_292.npz,notumor,Testing,processed/kaggle_normalized/Testing/notumor/Te-no_292.npz,test
Te-no_293.npz,notumor,Testing,processed/kaggle_normalized/Testing/notumor/Te-no_293.npz,test
Te-no_294.npz,notumor,Testing,processed/kaggle_normalized/Testing/notumor/Te-no_294.npz,test
Te-no_295.npz,notumor,Testing,processed/kaggle_normalized/Testing/notumor/Te-no_295.npz,test
Te-no_296.npz,notumor,Testing,processed/kaggle_normalized/Testing/notumor/Te-no_296.npz,test
Te-no_297.npz,notumor,Testing,processed/kaggle_normalized/Testing/notumor/Te-no_297.npz,test
Te-no_298.npz,notumor,Testing,processed/kaggle_normalized/Testing/notumor/Te-no_298.npz,test
Te-no_299.npz,notumor,Testing,processed/kaggle_normalized/Testing/notumor/Te-no_299.npz,test
Te-no_3.npz,notumor,Testing,processed/kaggle_normalized/Testing/notumor/Te-no_3.npz,test
Te-no_30.npz,notumor,Testing,processed/kaggle_normalized/Testing/notumor/Te-no_30.npz,test
Te-no_300.npz,notumor,Testing,processed/kaggle_normalized/Testing/notumor/Te-no_300.npz,test
Te-no_301.npz,notumor,Testing,processed/kaggle_normalized/Testing/notumor/Te-no_301.npz,test
Te-no_302.npz,notumor,Testing,processed/kaggle_normalized/Testing/notumor/Te-no_302.npz,test
Te-no_303.npz,notumor,Testing,processed/kaggle_normalized/Testing/notumor/Te-no_303.npz,test
Te-no_304.npz,notumor,Testing,processed/kaggle_normalized/Testing/notumor/Te-no_304.npz,test
Te-no_305.npz,notumor,Testing,processed/kaggle_normalized/Testing/notumor/Te-no_305.npz,test
Te-no_306.npz,notumor,Testing,processed/kaggle_normalized/Testing/notumor/Te-no_306.npz,test
Te-no_307.npz,notumor,Testing,processed/kaggle_normalized/Testing/notumor/Te-no_307.npz,test
Te-no_308.npz,notumor,Testing,processed/kaggle_normalized/Testing/notumor/Te-no_308.npz,test
Te-no_309.npz,notumor,Testing,processed/kaggle_normalized/Testing/notumor/Te-no_309.npz,test
Te-no_31.npz,notumor,Testing,processed/kaggle_normalized/Testing/notumor/Te-no_31.npz,test
Te-no_310.npz,notumor,Testing,processed/kaggle_normalized/Testing/notumor/Te-no_310.npz,test
Te-no_311.npz,notumor,Testing,processed/kaggle_normalized/Testing/notumor/Te-no_311.npz,test
Te-no_312.npz,notumor,Testing,processed/kaggle_normalized/Testing/notumor/Te-no_312.npz,test
Te-no_313.npz,notumor,Testing,processed/kaggle_normalized/Testing/notumor/Te-no_313.npz,test
Te-no_314.npz,notumor,Testing,processed/kaggle_normalized/Testing/notumor/Te-no_314.npz,test
Te-no_315.npz,notumor,Testing,processed/kaggle_normalized/Testing/notumor/Te-no_315.npz,test
Te-no_316.npz,notumor,Testing,processed/kaggle_normalized/Testing/notumor/Te-no_316.npz,test
Te-no_317.npz,notumor,Testing,processed/kaggle_normalized/Testing/notumor/Te-no_317.npz,test
Te-no_318.npz,notumor,Testing,processed/kaggle_normalized/Testing/notumor/Te-no_318.npz,test
Te-no_319.npz,notumor,Testing,processed/kaggle_normalized/Testing/notumor/Te-no_319.npz,test
Te-no_32.npz,notumor,Testing,processed/kaggle_normalized/Testing/notumor/Te-no_32.npz,test
Te-no_320.npz,notumor,Testing,processed/kaggle_normalized/Testing/notumor/Te-no_320.npz,test
Te-no_321.npz,notumor,Testing,processed/kaggle_normalized/Testing/notumor/Te-no_321.npz,test
Te-no_322.npz,notumor,Testing,processed/kaggle_normalized/Testing/notumor/Te-no_322.npz,test
Te-no_323.npz,notumor,Testing,processed/kaggle_normalized/Testing/notumor/Te-no_323.npz,test
Te-no_324.npz,notumor,Testing,processed/kaggle_normalized/Testing/notumor/Te-no_324.npz,test
Te-no_325.npz,notumor,Testing,processed/kaggle_normalized/Testing/notumor/Te-no_325.npz,test
Te-no_326.npz,notumor,Testing,processed/kaggle_normalized/Testing/notumor/Te-no_326.npz,test
Te-no_327.npz,notumor,Testing,processed/kaggle_normalized/Testing/notumor/Te-no_327.npz,test
Te-no_328.npz,notumor,Testing,processed/kaggle_normalized/Testing/notumor/Te-no_328.npz,test
Te-no_329.npz,notumor,Testing,processed/kaggle_normalized/Testing/notumor/Te-no_329.npz,test
Te-no_33.npz,notumor,Testing,processed/kaggle_normalized/Testing/notumor/Te-no_33.npz,test
Te-no_330.npz,notumor,Testing,processed/kaggle_normalized/Testing/notumor/Te-no_330.npz,test
Te-no_331.npz,notumor,Testing,processed/kaggle_normalized/Testing/notumor/Te-no_331.npz,test
Te-no_332.npz,notumor,Testing,processed/kaggle_normalized/Testing/notumor/Te-no_332.npz,test
Te-no_333.npz,notumor,Testing,processed/kaggle_normalized/Testing/notumor/Te-no_333.npz,test
Te-no_334.npz,notumor,Testing,processed/kaggle_normalized/Testing/notumor/Te-no_334.npz,test
Te-no_335.npz,notumor,Testing,processed/kaggle_normalized/Testing/notumor/Te-no_335.npz,test
Te-no_336.npz,notumor,Testing,processed/kaggle_normalized/Testing/notumor/Te-no_336.npz,test
Te-no_337.npz,notumor,Testing,processed/kaggle_normalized/Testing/notumor/Te-no_337.npz,test
Te-no_338.npz,notumor,Testing,processed/kaggle_normalized/Testing/notumor/Te-no_338.npz,test
Te-no_339.npz,notumor,Testing,processed/kaggle_normalized/Testing/notumor/Te-no_339.npz,test
Te-no_34.npz,notumor,Testing,processed/kaggle_normalized/Testing/notumor/Te-no_34.npz,test
Te-no_340.npz,notumor,Testing,processed/kaggle_normalized/Testing/notumor/Te-no_340.npz,test
Te-no_341.npz,notumor,Testing,processed/kaggle_normalized/Testing/notumor/Te-no_341.npz,test
Te-no_342.npz,notumor,Testing,processed/kaggle_normalized/Testing/notumor/Te-no_342.npz,test
Te-no_343.npz,notumor,Testing,processed/kaggle_normalized/Testing/notumor/Te-no_343.npz,test
Te-no_344.npz,notumor,Testing,processed/kaggle_normalized/Testing/notumor/Te-no_344.npz,test
Te-no_345.npz,notumor,Testing,processed/kaggle_normalized/Testing/notumor/Te-no_345.npz,test
Te-no_346.npz,notumor,Testing,processed/kaggle_normalized/Testing/notumor/Te-no_346.npz,test
Te-no_347.npz,notumor,Testing,processed/kaggle_normalized/Testing/notumor/Te-no_347.npz,test
Te-no_348.npz,notumor,Testing,processed/kaggle_normalized/Testing/notumor/Te-no_348.npz,test
Te-no_349.npz,notumor,Testing,processed/kaggle_normalized/Testing/notumor/Te-no_349.npz,test
Te-no_35.npz,notumor,Testing,processed/kaggle_normalized/Testing/notumor/Te-no_35.npz,test
Te-no_350.npz,notumor,Testing,processed/kaggle_normalized/Testing/notumor/Te-no_350.npz,test
Te-no_351.npz,notumor,Testing,processed/kaggle_normalized/Testing/notumor/Te-no_351.npz,test
Te-no_352.npz,notumor,Testing,processed/kaggle_normalized/Testing/notumor/Te-no_352.npz,test
Te-no_353.npz,notumor,Testing,processed/kaggle_normalized/Testing/notumor/Te-no_353.npz,test
Te-no_354.npz,notumor,Testing,processed/kaggle_normalized/Testing/notumor/Te-no_354.npz,test
Te-no_355.npz,notumor,Testing,processed/kaggle_normalized/Testing/notumor/Te-no_355.npz,test
Te-no_356.npz,notumor,Testing,processed/kaggle_normalized/Testing/notumor/Te-no_356.npz,test
Te-no_357.npz,notumor,Testing,processed/kaggle_normalized/Testing/notumor/Te-no_357.npz,test
Te-no_358.npz,notumor,Testing,processed/kaggle_normalized/Testing/notumor/Te-no_358.npz,test
Te-no_359.npz,notumor,Testing,processed/kaggle_normalized/Testing/notumor/Te-no_359.npz,test
Te-no_36.npz,notumor,Testing,processed/kaggle_normalized/Testing/notumor/Te-no_36.npz,test
Te-no_360.npz,notumor,Testing,processed/kaggle_normalized/Testing/notumor/Te-no_360.npz,test
Te-no_361.npz,notumor,Testing,processed/kaggle_normalized/Testing/notumor/Te-no_361.npz,test
Te-no_362.npz,notumor,Testing,processed/kaggle_normalized/Testing/notumor/Te-no_362.npz,test
Te-no_363.npz,notumor,Testing,processed/kaggle_normalized/Testing/notumor/Te-no_363.npz,test
Te-no_364.npz,notumor,Testing,processed/kaggle_normalized/Testing/notumor/Te-no_364.npz,test
Te-no_365.npz,notumor,Testing,processed/kaggle_normalized/Testing/notumor/Te-no_365.npz,test
Te-no_366.npz,notumor,Testing,processed/kaggle_normalized/Testing/notumor/Te-no_366.npz,test
Te-no_367.npz,notumor,Testing,processed/kaggle_normalized/Testing/notumor/Te-no_367.npz,test
Te-no_368.npz,notumor,Testing,processed/kaggle_normalized/Testing/notumor/Te-no_368.npz,test
Te-no_369.npz,notumor,Testing,processed/kaggle_normalized/Testing/notumor/Te-no_369.npz,test
Te-no_37.npz,notumor,Testing,processed/kaggle_normalized/Testing/notumor/Te-no_37.npz,test
Te-no_370.npz,notumor,Testing,processed/kaggle_normalized/Testing/notumor/Te-no_370.npz,test
Te-no_371.npz,notumor,Testing,processed/kaggle_normalized/Testing/notumor/Te-no_371.npz,test
Te-no_372.npz,notumor,Testing,processed/kaggle_normalized/Testing/notumor/Te-no_372.npz,test
Te-no_373.npz,notumor,Testing,processed/kaggle_normalized/Testing/notumor/Te-no_373.npz,test
Te-no_374.npz,notumor,Testing,processed/kaggle_normalized/Testing/notumor/Te-no_374.npz,test
Te-no_375.npz,notumor,Testing,processed/kaggle_normalized/Testing/notumor/Te-no_375.npz,test
Te-no_376.npz,notumor,Testing,processed/kaggle_normalized/Testing/notumor/Te-no_376.npz,test
Te-no_377.npz,notumor,Testing,processed/kaggle_normalized/Testing/notumor/Te-no_377.npz,test
Te-no_378.npz,notumor,Testing,processed/kaggle_normalized/Testing/notumor/Te-no_378.npz,test
Te-no_379.npz,notumor,Testing,processed/kaggle_normalized/Testing/notumor/Te-no_379.npz,test
Te-no_38.npz,notumor,Testing,processed/kaggle_normalized/Testing/notumor/Te-no_38.npz,test
Te-no_380.npz,notumor,Testing,processed/kaggle_normalized/Testing/notumor/Te-no_380.npz,test
Te-no_381.npz,notumor,Testing,processed/kaggle_normalized/Testing/notumor/Te-no_381.npz,test
Te-no_382.npz,notumor,Testing,processed/kaggle_normalized/Testing/notumor/Te-no_382.npz,test
Te-no_383.npz,notumor,Testing,processed/kaggle_normalized/Testing/notumor/Te-no_383.npz,test
Te-no_384.npz,notumor,Testing,processed/kaggle_normalized/Testing/notumor/Te-no_384.npz,test
Te-no_385.npz,notumor,Testing,processed/kaggle_normalized/Testing/notumor/Te-no_385.npz,test
Te-no_386.npz,notumor,Testing,processed/kaggle_normalized/Testing/notumor/Te-no_386.npz,test
Te-no_387.npz,notumor,Testing,processed/kaggle_normalized/Testing/notumor/Te-no_387.npz,test
Te-no_388.npz,notumor,Testing,processed/kaggle_normalized/Testing/notumor/Te-no_388.npz,test
Te-no_389.npz,notumor,Testing,processed/kaggle_normalized/Testing/notumor/Te-no_389.npz,test
Te-no_39.npz,notumor,Testing,processed/kaggle_normalized/Testing/notumor/Te-no_39.npz,test
Te-no_390.npz,notumor,Testing,processed/kaggle_normalized/Testing/notumor/Te-no_390.npz,test
Te-no_391.npz,notumor,Testing,processed/kaggle_normalized/Testing/notumor/Te-no_391.npz,test
Te-no_392.npz,notumor,Testing,processed/kaggle_normalized/Testing/notumor/Te-no_392.npz,test
Te-no_393.npz,notumor,Testing,processed/kaggle_normalized/Testing/notumor/Te-no_393.npz,test
Te-no_394.npz,notumor,Testing,processed/kaggle_normalized/Testing/notumor/Te-no_394.npz,test
Te-no_395.npz,notumor,Testing,processed/kaggle_normalized/Testing/notumor/Te-no_395.npz,test
Te-no_396.npz,notumor,Testing,processed/kaggle_normalized/Testing/notumor/Te-no_396.npz,test
Te-no_397.npz,notumor,Testing,processed/kaggle_normalized/Testing/notumor/Te-no_397.npz,test
Te-no_398.npz,notumor,Testing,processed/kaggle_normalized/Testing/notumor/Te-no_398.npz,test
Te-no_399.npz,notumor,Testing,processed/kaggle_normalized/Testing/notumor/Te-no_399.npz,test
Te-no_4.npz,notumor,Testing,processed/kaggle_normalized/Testing/notumor/Te-no_4.npz,test
Te-no_40.npz,notumor,Testing,processed/kaggle_normalized/Testing/notumor/Te-no_40.npz,test
Te-no_400.npz,notumor,Testing,processed/kaggle_normalized/Testing/notumor/Te-no_400.npz,test
Te-no_41.npz,notumor,Testing,processed/kaggle_normalized/Testing/notumor/Te-no_41.npz,test
Te-no_42.npz,notumor,Testing,processed/kaggle_normalized/Testing/notumor/Te-no_42.npz,test
Te-no_43.npz,notumor,Testing,processed/kaggle_normalized/Testing/notumor/Te-no_43.npz,test
Te-no_44.npz,notumor,Testing,processed/kaggle_normalized/Testing/notumor/Te-no_44.npz,test
Te-no_45.npz,notumor,Testing,processed/kaggle_normalized/Testing/notumor/Te-no_45.npz,test
Te-no_46.npz,notumor,Testing,processed/kaggle_normalized/Testing/notumor/Te-no_46.npz,test
Te-no_47.npz,notumor,Testing,processed/kaggle_normalized/Testing/notumor/Te-no_47.npz,test
Te-no_48.npz,notumor,Testing,processed/kaggle_normalized/Testing/notumor/Te-no_48.npz,test
Te-no_49.npz,notumor,Testing,processed/kaggle_normalized/Testing/notumor/Te-no_49.npz,test
Te-no_5.npz,notumor,Testing,processed/kaggle_normalized/Testing/notumor/Te-no_5.npz,test
Te-no_50.npz,notumor,Testing,processed/kaggle_normalized/Testing/notumor/Te-no_50.npz,test
Te-no_51.npz,notumor,Testing,processed/kaggle_normalized/Testing/notumor/Te-no_51.npz,test
Te-no_52.npz,notumor,Testing,processed/kaggle_normalized/Testing/notumor/Te-no_52.npz,test
Te-no_53.npz,notumor,Testing,processed/kaggle_normalized/Testing/notumor/Te-no_53.npz,test
Te-no_54.npz,notumor,Testing,processed/kaggle_normalized/Testing/notumor/Te-no_54.npz,test
Te-no_55.npz,notumor,Testing,processed/kaggle_normalized/Testing/notumor/Te-no_55.npz,test
Te-no_56.npz,notumor,Testing,processed/kaggle_normalized/Testing/notumor/Te-no_56.npz,test
Te-no_57.npz,notumor,Testing,processed/kaggle_normalized/Testing/notumor/Te-no_57.npz,test
Te-no_58.npz,notumor,Testing,processed/kaggle_normalized/Testing/notumor/Te-no_58.npz,test
Te-no_59.npz,notumor,Testing,processed/kaggle_normalized/Testing/notumor/Te-no_59.npz,test
Te-no_6.npz,notumor,Testing,processed/kaggle_normalized/Testing/notumor/Te-no_6.npz,test
Te-no_60.npz,notumor,Testing,processed/kaggle_normalized/Testing/notumor/Te-no_60.npz,test
Te-no_61.npz,notumor,Testing,processed/kaggle_normalized/Testing/notumor/Te-no_61.npz,test
Te-no_62.npz,notumor,Testing,processed/kaggle_normalized/Testing/notumor/Te-no_62.npz,test
Te-no_63.npz,notumor,Testing,processed/kaggle_normalized/Testing/notumor/Te-no_63.npz,test
Te-no_64.npz,notumor,Testing,processed/kaggle_normalized/Testing/notumor/Te-no_64.npz,test
Te-no_65.npz,notumor,Testing,processed/kaggle_normalized/Testing/notumor/Te-no_65.npz,test
Te-no_66.npz,notumor,Testing,processed/kaggle_normalized/Testing/notumor/Te-no_66.npz,test
Te-no_67.npz,notumor,Testing,processed/kaggle_normalized/Testing/notumor/Te-no_67.npz,test
Te-no_68.npz,notumor,Testing,processed/kaggle_normalized/Testing/notumor/Te-no_68.npz,test
Te-no_69.npz,notumor,Testing,processed/kaggle_normalized/Testing/notumor/Te-no_69.npz,test
Te-no_7.npz,notumor,Testing,processed/kaggle_normalized/Testing/notumor/Te-no_7.npz,test
Te-no_70.npz,notumor,Testing,processed/kaggle_normalized/Testing/notumor/Te-no_70.npz,test
Te-no_71.npz,notumor,Testing,processed/kaggle_normalized/Testing/notumor/Te-no_71.npz,test
Te-no_72.npz,notumor,Testing,processed/kaggle_normalized/Testing/notumor/Te-no_72.npz,test
Te-no_73.npz,notumor,Testing,processed/kaggle_normalized/Testing/notumor/Te-no_73.npz,test
Te-no_74.npz,notumor,Testing,processed/kaggle_normalized/Testing/notumor/Te-no_74.npz,test
Te-no_75.npz,notumor,Testing,processed/kaggle_normalized/Testing/notumor/Te-no_75.npz,test
Te-no_76.npz,notumor,Testing,processed/kaggle_normalized/Testing/notumor/Te-no_76.npz,test
Te-no_77.npz,notumor,Testing,processed/kaggle_normalized/Testing/notumor/Te-no_77.npz,test
Te-no_78.npz,notumor,Testing,processed/kaggle_normalized/Testing/notumor/Te-no_78.npz,test
Te-no_79.npz,notumor,Testing,processed/kaggle_normalized/Testing/notumor/Te-no_79.npz,test
Te-no_8.npz,notumor,Testing,processed/kaggle_normalized/Testing/notumor/Te-no_8.npz,test
Te-no_80.npz,notumor,Testing,processed/kaggle_normalized/Testing/notumor/Te-no_80.npz,test
Te-no_81.npz,notumor,Testing,processed/kaggle_normalized/Testing/notumor/Te-no_81.npz,test
Te-no_82.npz,notumor,Testing,processed/kaggle_normalized/Testing/notumor/Te-no_82.npz,test
Te-no_83.npz,notumor,Testing,processed/kaggle_normalized/Testing/notumor/Te-no_83.npz,test
Te-no_84.npz,notumor,Testing,processed/kaggle_normalized/Testing/notumor/Te-no_84.npz,test
Te-no_85.npz,notumor,Testing,processed/kaggle_normalized/Testing/notumor/Te-no_85.npz,test
Te-no_86.npz,notumor,Testing,processed/kaggle_normalized/Testing/notumor/Te-no_86.npz,test
Te-no_87.npz,notumor,Testing,processed/kaggle_normalized/Testing/notumor/Te-no_87.npz,test
Te-no_88.npz,notumor,Testing,processed/kaggle_normalized/Testing/notumor/Te-no_88.npz,test
Te-no_89.npz,notumor,Testing,processed/kaggle_normalized/Testing/notumor/Te-no_89.npz,test
Te-no_9.npz,notumor,Testing,processed/kaggle_normalized/Testing/notumor/Te-no_9.npz,test
Te-no_90.npz,notumor,Testing,processed/kaggle_normalized/Testing/notumor/Te-no_90.npz,test
Te-no_91.npz,notumor,Testing,processed/kaggle_normalized/Testing/notumor/Te-no_91.npz,test
Te-no_92.npz,notumor,Testing,processed/kaggle_normalized/Testing/notumor/Te-no_92.npz,test
Te-no_93.npz,notumor,Testing,processed/kaggle_normalized/Testing/notumor/Te-no_93.npz,test
Te-no_94.npz,notumor,Testing,processed/kaggle_normalized/Testing/notumor/Te-no_94.npz,test
Te-no_95.npz,notumor,Testing,processed/kaggle_normalized/Testing/notumor/Te-no_95.npz,test
Te-no_96.npz,notumor,Testing,processed/kaggle_normalized/Testing/notumor/Te-no_96.npz,test
Te-no_97.npz,notumor,Testing,processed/kaggle_normalized/Testing/notumor/Te-no_97.npz,test
Te-no_98.npz,notumor,Testing,processed/kaggle_normalized/Testing/notumor/Te-no_98.npz,test
Te-no_99.npz,notumor,Testing,processed/kaggle_normalized/Testing/notumor/Te-no_99.npz,test
Te-pi_1.npz,pituitary,Testing,processed/kaggle_normalized/Testing/pituitary/Te-pi_1.npz,test
Te-pi_10.npz,pituitary,Testing,processed/kaggle_normalized/Testing/pituitary/Te-pi_10.npz,test
Te-pi_100.npz,pituitary,Testing,processed/kaggle_normalized/Testing/pituitary/Te-pi_100.npz,test
Te-pi_101.npz,pituitary,Testing,processed/kaggle_normalized/Testing/pituitary/Te-pi_101.npz,test
Te-pi_102.npz,pituitary,Testing,processed/kaggle_normalized/Testing/pituitary/Te-pi_102.npz,test
Te-pi_103.npz,pituitary,Testing,processed/kaggle_normalized/Testing/pituitary/Te-pi_103.npz,test
Te-pi_104.npz,pituitary,Testing,processed/kaggle_normalized/Testing/pituitary/Te-pi_104.npz,test
Te-pi_105.npz,pituitary,Testing,processed/kaggle_normalized/Testing/pituitary/Te-pi_105.npz,test
Te-pi_106.npz,pituitary,Testing,processed/kaggle_normalized/Testing/pituitary/Te-pi_106.npz,test
Te-pi_107.npz,pituitary,Testing,processed/kaggle_normalized/Testing/pituitary/Te-pi_107.npz,test
Te-pi_108.npz,pituitary,Testing,processed/kaggle_normalized/Testing/pituitary/Te-pi_108.npz,test
Te-pi_109.npz,pituitary,Testing,processed/kaggle_normalized/Testing/pituitary/Te-pi_109.npz,test
Te-pi_11.npz,pituitary,Testing,processed/kaggle_normalized/Testing/pituitary/Te-pi_11.npz,test
Te-pi_110.npz,pituitary,Testing,processed/kaggle_normalized/Testing/pituitary/Te-pi_110.npz,test
Te-pi_111.npz,pituitary,Testing,processed/kaggle_normalized/Testing/pituitary/Te-pi_111.npz,test
Te-pi_112.npz,pituitary,Testing,processed/kaggle_normalized/Testing/pituitary/Te-pi_112.npz,test
Te-pi_113.npz,pituitary,Testing,processed/kaggle_normalized/Testing/pituitary/Te-pi_113.npz,test
Te-pi_114.npz,pituitary,Testing,processed/kaggle_normalized/Testing/pituitary/Te-pi_114.npz,test
Te-pi_115.npz,pituitary,Testing,processed/kaggle_normalized/Testing/pituitary/Te-pi_115.npz,test
Te-pi_116.npz,pituitary,Testing,processed/kaggle_normalized/Testing/pituitary/Te-pi_116.npz,test
Te-pi_117.npz,pituitary,Testing,processed/kaggle_normalized/Testing/pituitary/Te-pi_117.npz,test
Te-pi_118.npz,pituitary,Testing,processed/kaggle_normalized/Testing/pituitary/Te-pi_118.npz,test
Te-pi_119.npz,pituitary,Testing,processed/kaggle_normalized/Testing/pituitary/Te-pi_119.npz,test
Te-pi_12.npz,pituitary,Testing,processed/kaggle_normalized/Testing/pituitary/Te-pi_12.npz,test
Te-pi_120.npz,pituitary,Testing,processed/kaggle_normalized/Testing/pituitary/Te-pi_120.npz,test
Te-pi_121.npz,pituitary,Testing,processed/kaggle_normalized/Testing/pituitary/Te-pi_121.npz,test
Te-pi_122.npz,pituitary,Testing,processed/kaggle_normalized/Testing/pituitary/Te-pi_122.npz,test
Te-pi_123.npz,pituitary,Testing,processed/kaggle_normalized/Testing/pituitary/Te-pi_123.npz,test
Te-pi_124.npz,pituitary,Testing,processed/kaggle_normalized/Testing/pituitary/Te-pi_124.npz,test
Te-pi_125.npz,pituitary,Testing,processed/kaggle_normalized/Testing/pituitary/Te-pi_125.npz,test
Te-pi_126.npz,pituitary,Testing,processed/kaggle_normalized/Testing/pituitary/Te-pi_126.npz,test
Te-pi_127.npz,pituitary,Testing,processed/kaggle_normalized/Testing/pituitary/Te-pi_127.npz,test
Te-pi_128.npz,pituitary,Testing,processed/kaggle_normalized/Testing/pituitary/Te-pi_128.npz,test
Te-pi_129.npz,pituitary,Testing,processed/kaggle_normalized/Testing/pituitary/Te-pi_129.npz,test
Te-pi_13.npz,pituitary,Testing,processed/kaggle_normalized/Testing/pituitary/Te-pi_13.npz,test
Te-pi_130.npz,pituitary,Testing,processed/kaggle_normalized/Testing/pituitary/Te-pi_130.npz,test
Te-pi_131.npz,pituitary,Testing,processed/kaggle_normalized/Testing/pituitary/Te-pi_131.npz,test
Te-pi_132.npz,pituitary,Testing,processed/kaggle_normalized/Testing/pituitary/Te-pi_132.npz,test
Te-pi_133.npz,pituitary,Testing,processed/kaggle_normalized/Testing/pituitary/Te-pi_133.npz,test
Te-pi_134.npz,pituitary,Testing,processed/kaggle_normalized/Testing/pituitary/Te-pi_134.npz,test
Te-pi_135.npz,pituitary,Testing,processed/kaggle_normalized/Testing/pituitary/Te-pi_135.npz,test
Te-pi_136.npz,pituitary,Testing,processed/kaggle_normalized/Testing/pituitary/Te-pi_136.npz,test
Te-pi_137.npz,pituitary,Testing,processed/kaggle_normalized/Testing/pituitary/Te-pi_137.npz,test
Te-pi_138.npz,pituitary,Testing,processed/kaggle_normalized/Testing/pituitary/Te-pi_138.npz,test
Te-pi_139.npz,pituitary,Testing,processed/kaggle_normalized/Testing/pituitary/Te-pi_139.npz,test
Te-pi_14.npz,pituitary,Testing,processed/kaggle_normalized/Testing/pituitary/Te-pi_14.npz,test
Te-pi_140.npz,pituitary,Testing,processed/kaggle_normalized/Testing/pituitary/Te-pi_140.npz,test
Te-pi_141.npz,pituitary,Testing,processed/kaggle_normalized/Testing/pituitary/Te-pi_141.npz,test
Te-pi_142.npz,pituitary,Testing,processed/kaggle_normalized/Testing/pituitary/Te-pi_142.npz,test
Te-pi_143.npz,pituitary,Testing,processed/kaggle_normalized/Testing/pituitary/Te-pi_143.npz,test
Te-pi_144.npz,pituitary,Testing,processed/kaggle_normalized/Testing/pituitary/Te-pi_144.npz,test
Te-pi_145.npz,pituitary,Testing,processed/kaggle_normalized/Testing/pituitary/Te-pi_145.npz,test
Te-pi_146.npz,pituitary,Testing,processed/kaggle_normalized/Testing/pituitary/Te-pi_146.npz,test
Te-pi_147.npz,pituitary,Testing,processed/kaggle_normalized/Testing/pituitary/Te-pi_147.npz,test
Te-pi_148.npz,pituitary,Testing,processed/kaggle_normalized/Testing/pituitary/Te-pi_148.npz,test
Te-pi_149.npz,pituitary,Testing,processed/kaggle_normalized/Testing/pituitary/Te-pi_149.npz,test
Te-pi_15.npz,pituitary,Testing,processed/kaggle_normalized/Testing/pituitary/Te-pi_15.npz,test
Te-pi_150.npz,pituitary,Testing,processed/kaggle_normalized/Testing/pituitary/Te-pi_150.npz,test
Te-pi_151.npz,pituitary,Testing,processed/kaggle_normalized/Testing/pituitary/Te-pi_151.npz,test
Te-pi_152.npz,pituitary,Testing,processed/kaggle_normalized/Testing/pituitary/Te-pi_152.npz,test
Te-pi_153.npz,pituitary,Testing,processed/kaggle_normalized/Testing/pituitary/Te-pi_153.npz,test
Te-pi_154.npz,pituitary,Testing,processed/kaggle_normalized/Testing/pituitary/Te-pi_154.npz,test
Te-pi_155.npz,pituitary,Testing,processed/kaggle_normalized/Testing/pituitary/Te-pi_155.npz,test
Te-pi_156.npz,pituitary,Testing,processed/kaggle_normalized/Testing/pituitary/Te-pi_156.npz,test
Te-pi_157.npz,pituitary,Testing,processed/kaggle_normalized/Testing/pituitary/Te-pi_157.npz,test
Te-pi_158.npz,pituitary,Testing,processed/kaggle_normalized/Testing/pituitary/Te-pi_158.npz,test
Te-pi_159.npz,pituitary,Testing,processed/kaggle_normalized/Testing/pituitary/Te-pi_159.npz,test
Te-pi_16.npz,pituitary,Testing,processed/kaggle_normalized/Testing/pituitary/Te-pi_16.npz,test
Te-pi_160.npz,pituitary,Testing,processed/kaggle_normalized/Testing/pituitary/Te-pi_160.npz,test
Te-pi_161.npz,pituitary,Testing,processed/kaggle_normalized/Testing/pituitary/Te-pi_161.npz,test
Te-pi_162.npz,pituitary,Testing,processed/kaggle_normalized/Testing/pituitary/Te-pi_162.npz,test
Te-pi_163.npz,pituitary,Testing,processed/kaggle_normalized/Testing/pituitary/Te-pi_163.npz,test
Te-pi_164.npz,pituitary,Testing,processed/kaggle_normalized/Testing/pituitary/Te-pi_164.npz,test
Te-pi_165.npz,pituitary,Testing,processed/kaggle_normalized/Testing/pituitary/Te-pi_165.npz,test
Te-pi_166.npz,pituitary,Testing,processed/kaggle_normalized/Testing/pituitary/Te-pi_166.npz,test
Te-pi_167.npz,pituitary,Testing,processed/kaggle_normalized/Testing/pituitary/Te-pi_167.npz,test
Te-pi_168.npz,pituitary,Testing,processed/kaggle_normalized/Testing/pituitary/Te-pi_168.npz,test
Te-pi_169.npz,pituitary,Testing,processed/kaggle_normalized/Testing/pituitary/Te-pi_169.npz,test
Te-pi_17.npz,pituitary,Testing,processed/kaggle_normalized/Testing/pituitary/Te-pi_17.npz,test
Te-pi_170.npz,pituitary,Testing,processed/kaggle_normalized/Testing/pituitary/Te-pi_170.npz,test
Te-pi_171.npz,pituitary,Testing,processed/kaggle_normalized/Testing/pituitary/Te-pi_171.npz,test
Te-pi_172.npz,pituitary,Testing,processed/kaggle_normalized/Testing/pituitary/Te-pi_172.npz,test
Te-pi_173.npz,pituitary,Testing,processed/kaggle_normalized/Testing/pituitary/Te-pi_173.npz,test
Te-pi_174.npz,pituitary,Testing,processed/kaggle_normalized/Testing/pituitary/Te-pi_174.npz,test
Te-pi_175.npz,pituitary,Testing,processed/kaggle_normalized/Testing/pituitary/Te-pi_175.npz,test
Te-pi_176.npz,pituitary,Testing,processed/kaggle_normalized/Testing/pituitary/Te-pi_176.npz,test
Te-pi_177.npz,pituitary,Testing,processed/kaggle_normalized/Testing/pituitary/Te-pi_177.npz,test
Te-pi_178.npz,pituitary,Testing,processed/kaggle_normalized/Testing/pituitary/Te-pi_178.npz,test
Te-pi_179.npz,pituitary,Testing,processed/kaggle_normalized/Testing/pituitary/Te-pi_179.npz,test
Te-pi_18.npz,pituitary,Testing,processed/kaggle_normalized/Testing/pituitary/Te-pi_18.npz,test
Te-pi_180.npz,pituitary,Testing,processed/kaggle_normalized/Testing/pituitary/Te-pi_180.npz,test
Te-pi_181.npz,pituitary,Testing,processed/kaggle_normalized/Testing/pituitary/Te-pi_181.npz,test
Te-pi_182.npz,pituitary,Testing,processed/kaggle_normalized/Testing/pituitary/Te-pi_182.npz,test
Te-pi_183.npz,pituitary,Testing,processed/kaggle_normalized/Testing/pituitary/Te-pi_183.npz,test
Te-pi_184.npz,pituitary,Testing,processed/kaggle_normalized/Testing/pituitary/Te-pi_184.npz,test
Te-pi_185.npz,pituitary,Testing,processed/kaggle_normalized/Testing/pituitary/Te-pi_185.npz,test
Te-pi_186.npz,pituitary,Testing,processed/kaggle_normalized/Testing/pituitary/Te-pi_186.npz,test
Te-pi_187.npz,pituitary,Testing,processed/kaggle_normalized/Testing/pituitary/Te-pi_187.npz,test
Te-pi_188.npz,pituitary,Testing,processed/kaggle_normalized/Testing/pituitary/Te-pi_188.npz,test
Te-pi_189.npz,pituitary,Testing,processed/kaggle_normalized/Testing/pituitary/Te-pi_189.npz,test
Te-pi_19.npz,pituitary,Testing,processed/kaggle_normalized/Testing/pituitary/Te-pi_19.npz,test
Te-pi_190.npz,pituitary,Testing,processed/kaggle_normalized/Testing/pituitary/Te-pi_190.npz,test
Te-pi_191.npz,pituitary,Testing,processed/kaggle_normalized/Testing/pituitary/Te-pi_191.npz,test
Te-pi_192.npz,pituitary,Testing,processed/kaggle_normalized/Testing/pituitary/Te-pi_192.npz,test
Te-pi_193.npz,pituitary,Testing,processed/kaggle_normalized/Testing/pituitary/Te-pi_193.npz,test
Te-pi_194.npz,pituitary,Testing,processed/kaggle_normalized/Testing/pituitary/Te-pi_194.npz,test
Te-pi_195.npz,pituitary,Testing,processed/kaggle_normalized/Testing/pituitary/Te-pi_195.npz,test
Te-pi_196.npz,pituitary,Testing,processed/kaggle_normalized/Testing/pituitary/Te-pi_196.npz,test
Te-pi_197.npz,pituitary,Testing,processed/kaggle_normalized/Testing/pituitary/Te-pi_197.npz,test
Te-pi_198.npz,pituitary,Testing,processed/kaggle_normalized/Testing/pituitary/Te-pi_198.npz,test
Te-pi_199.npz,pituitary,Testing,processed/kaggle_normalized/Testing/pituitary/Te-pi_199.npz,test
Te-pi_2.npz,pituitary,Testing,processed/kaggle_normalized/Testing/pituitary/Te-pi_2.npz,test
Te-pi_20.npz,pituitary,Testing,processed/kaggle_normalized/Testing/pituitary/Te-pi_20.npz,test
Te-pi_200.npz,pituitary,Testing,processed/kaggle_normalized/Testing/pituitary/Te-pi_200.npz,test
Te-pi_201.npz,pituitary,Testing,processed/kaggle_normalized/Testing/pituitary/Te-pi_201.npz,test
Te-pi_202.npz,pituitary,Testing,processed/kaggle_normalized/Testing/pituitary/Te-pi_202.npz,test
Te-pi_203.npz,pituitary,Testing,processed/kaggle_normalized/Testing/pituitary/Te-pi_203.npz,test
Te-pi_204.npz,pituitary,Testing,processed/kaggle_normalized/Testing/pituitary/Te-pi_204.npz,test
Te-pi_205.npz,pituitary,Testing,processed/kaggle_normalized/Testing/pituitary/Te-pi_205.npz,test
Te-pi_206.npz,pituitary,Testing,processed/kaggle_normalized/Testing/pituitary/Te-pi_206.npz,test
Te-pi_207.npz,pituitary,Testing,processed/kaggle_normalized/Testing/pituitary/Te-pi_207.npz,test
Te-pi_208.npz,pituitary,Testing,processed/kaggle_normalized/Testing/pituitary/Te-pi_208.npz,test
Te-pi_209.npz,pituitary,Testing,processed/kaggle_normalized/Testing/pituitary/Te-pi_209.npz,test
Te-pi_21.npz,pituitary,Testing,processed/kaggle_normalized/Testing/pituitary/Te-pi_21.npz,test
Te-pi_210.npz,pituitary,Testing,processed/kaggle_normalized/Testing/pituitary/Te-pi_210.npz,test
Te-pi_211.npz,pituitary,Testing,processed/kaggle_normalized/Testing/pituitary/Te-pi_211.npz,test
Te-pi_212.npz,pituitary,Testing,processed/kaggle_normalized/Testing/pituitary/Te-pi_212.npz,test
Te-pi_213.npz,pituitary,Testing,processed/kaggle_normalized/Testing/pituitary/Te-pi_213.npz,test
Te-pi_214.npz,pituitary,Testing,processed/kaggle_normalized/Testing/pituitary/Te-pi_214.npz,test
Te-pi_215.npz,pituitary,Testing,processed/kaggle_normalized/Testing/pituitary/Te-pi_215.npz,test
Te-pi_216.npz,pituitary,Testing,processed/kaggle_normalized/Testing/pituitary/Te-pi_216.npz,test
Te-pi_217.npz,pituitary,Testing,processed/kaggle_normalized/Testing/pituitary/Te-pi_217.npz,test
Te-pi_218.npz,pituitary,Testing,processed/kaggle_normalized/Testing/pituitary/Te-pi_218.npz,test
Te-pi_219.npz,pituitary,Testing,processed/kaggle_normalized/Testing/pituitary/Te-pi_219.npz,test
Te-pi_22.npz,pituitary,Testing,processed/kaggle_normalized/Testing/pituitary/Te-pi_22.npz,test
Te-pi_220.npz,pituitary,Testing,processed/kaggle_normalized/Testing/pituitary/Te-pi_220.npz,test
Te-pi_221.npz,pituitary,Testing,processed/kaggle_normalized/Testing/pituitary/Te-pi_221.npz,test
Te-pi_222.npz,pituitary,Testing,processed/kaggle_normalized/Testing/pituitary/Te-pi_222.npz,test
Te-pi_223.npz,pituitary,Testing,processed/kaggle_normalized/Testing/pituitary/Te-pi_223.npz,test
Te-pi_224.npz,pituitary,Testing,processed/kaggle_normalized/Testing/pituitary/Te-pi_224.npz,test
Te-pi_225.npz,pituitary,Testing,processed/kaggle_normalized/Testing/pituitary/Te-pi_225.npz,test
Te-pi_226.npz,pituitary,Testing,processed/kaggle_normalized/Testing/pituitary/Te-pi_226.npz,test
Te-pi_227.npz,pituitary,Testing,processed/kaggle_normalized/Testing/pituitary/Te-pi_227.npz,test
Te-pi_228.npz,pituitary,Testing,processed/kaggle_normalized/Testing/pituitary/Te-pi_228.npz,test
Te-pi_229.npz,pituitary,Testing,processed/kaggle_normalized/Testing/pituitary/Te-pi_229.npz,test
Te-pi_23.npz,pituitary,Testing,processed/kaggle_normalized/Testing/pituitary/Te-pi_23.npz,test
Te-pi_230.npz,pituitary,Testing,processed/kaggle_normalized/Testing/pituitary/Te-pi_230.npz,test
Te-pi_231.npz,pituitary,Testing,processed/kaggle_normalized/Testing/pituitary/Te-pi_231.npz,test
Te-pi_232.npz,pituitary,Testing,processed/kaggle_normalized/Testing/pituitary/Te-pi_232.npz,test
Te-pi_233.npz,pituitary,Testing,processed/kaggle_normalized/Testing/pituitary/Te-pi_233.npz,test
Te-pi_234.npz,pituitary,Testing,processed/kaggle_normalized/Testing/pituitary/Te-pi_234.npz,test
Te-pi_235.npz,pituitary,Testing,processed/kaggle_normalized/Testing/pituitary/Te-pi_235.npz,test
Te-pi_236.npz,pituitary,Testing,processed/kaggle_normalized/Testing/pituitary/Te-pi_236.npz,test
Te-pi_237.npz,pituitary,Testing,processed/kaggle_normalized/Testing/pituitary/Te-pi_237.npz,test
Te-pi_238.npz,pituitary,Testing,processed/kaggle_normalized/Testing/pituitary/Te-pi_238.npz,test
Te-pi_239.npz,pituitary,Testing,processed/kaggle_normalized/Testing/pituitary/Te-pi_239.npz,test
Te-pi_24.npz,pituitary,Testing,processed/kaggle_normalized/Testing/pituitary/Te-pi_24.npz,test
Te-pi_240.npz,pituitary,Testing,processed/kaggle_normalized/Testing/pituitary/Te-pi_240.npz,test
Te-pi_241.npz,pituitary,Testing,processed/kaggle_normalized/Testing/pituitary/Te-pi_241.npz,test
Te-pi_242.npz,pituitary,Testing,processed/kaggle_normalized/Testing/pituitary/Te-pi_242.npz,test
Te-pi_243.npz,pituitary,Testing,processed/kaggle_normalized/Testing/pituitary/Te-pi_243.npz,test
Te-pi_244.npz,pituitary,Testing,processed/kaggle_normalized/Testing/pituitary/Te-pi_244.npz,test
Te-pi_245.npz,pituitary,Testing,processed/kaggle_normalized/Testing/pituitary/Te-pi_245.npz,test
Te-pi_246.npz,pituitary,Testing,processed/kaggle_normalized/Testing/pituitary/Te-pi_246.npz,test
Te-pi_247.npz,pituitary,Testing,processed/kaggle_normalized/Testing/pituitary/Te-pi_247.npz,test
Te-pi_248.npz,pituitary,Testing,processed/kaggle_normalized/Testing/pituitary/Te-pi_248.npz,test
Te-pi_249.npz,pituitary,Testing,processed/kaggle_normalized/Testing/pituitary/Te-pi_249.npz,test
Te-pi_25.npz,pituitary,Testing,processed/kaggle_normalized/Testing/pituitary/Te-pi_25.npz,test
Te-pi_250.npz,pituitary,Testing,processed/kaggle_normalized/Testing/pituitary/Te-pi_250.npz,test
Te-pi_251.npz,pituitary,Testing,processed/kaggle_normalized/Testing/pituitary/Te-pi_251.npz,test
Te-pi_252.npz,pituitary,Testing,processed/kaggle_normalized/Testing/pituitary/Te-pi_252.npz,test
Te-pi_253.npz,pituitary,Testing,processed/kaggle_normalized/Testing/pituitary/Te-pi_253.npz,test
Te-pi_254.npz,pituitary,Testing,processed/kaggle_normalized/Testing/pituitary/Te-pi_254.npz,test
Te-pi_255.npz,pituitary,Testing,processed/kaggle_normalized/Testing/pituitary/Te-pi_255.npz,test
Te-pi_256.npz,pituitary,Testing,processed/kaggle_normalized/Testing/pituitary/Te-pi_256.npz,test
Te-pi_257.npz,pituitary,Testing,processed/kaggle_normalized/Testing/pituitary/Te-pi_257.npz,test
Te-pi_258.npz,pituitary,Testing,processed/kaggle_normalized/Testing/pituitary/Te-pi_258.npz,test
Te-pi_259.npz,pituitary,Testing,processed/kaggle_normalized/Testing/pituitary/Te-pi_259.npz,test
Te-pi_26.npz,pituitary,Testing,processed/kaggle_normalized/Testing/pituitary/Te-pi_26.npz,test
Te-pi_260.npz,pituitary,Testing,processed/kaggle_normalized/Testing/pituitary/Te-pi_260.npz,test
Te-pi_261.npz,pituitary,Testing,processed/kaggle_normalized/Testing/pituitary/Te-pi_261.npz,test
Te-pi_262.npz,pituitary,Testing,processed/kaggle_normalized/Testing/pituitary/Te-pi_262.npz,test
Te-pi_263.npz,pituitary,Testing,processed/kaggle_normalized/Testing/pituitary/Te-pi_263.npz,test
Te-pi_264.npz,pituitary,Testing,processed/kaggle_normalized/Testing/pituitary/Te-pi_264.npz,test
Te-pi_265.npz,pituitary,Testing,processed/kaggle_normalized/Testing/pituitary/Te-pi_265.npz,test
Te-pi_266.npz,pituitary,Testing,processed/kaggle_normalized/Testing/pituitary/Te-pi_266.npz,test
Te-pi_267.npz,pituitary,Testing,processed/kaggle_normalized/Testing/pituitary/Te-pi_267.npz,test
Te-pi_268.npz,pituitary,Testing,processed/kaggle_normalized/Testing/pituitary/Te-pi_268.npz,test
Te-pi_269.npz,pituitary,Testing,processed/kaggle_normalized/Testing/pituitary/Te-pi_269.npz,test
Te-pi_27.npz,pituitary,Testing,processed/kaggle_normalized/Testing/pituitary/Te-pi_27.npz,test
Te-pi_270.npz,pituitary,Testing,processed/kaggle_normalized/Testing/pituitary/Te-pi_270.npz,test
Te-pi_271.npz,pituitary,Testing,processed/kaggle_normalized/Testing/pituitary/Te-pi_271.npz,test
Te-pi_272.npz,pituitary,Testing,processed/kaggle_normalized/Testing/pituitary/Te-pi_272.npz,test
Te-pi_273.npz,pituitary,Testing,processed/kaggle_normalized/Testing/pituitary/Te-pi_273.npz,test
Te-pi_274.npz,pituitary,Testing,processed/kaggle_normalized/Testing/pituitary/Te-pi_274.npz,test
Te-pi_275.npz,pituitary,Testing,processed/kaggle_normalized/Testing/pituitary/Te-pi_275.npz,test
Te-pi_276.npz,pituitary,Testing,processed/kaggle_normalized/Testing/pituitary/Te-pi_276.npz,test
Te-pi_277.npz,pituitary,Testing,processed/kaggle_normalized/Testing/pituitary/Te-pi_277.npz,test
Te-pi_278.npz,pituitary,Testing,processed/kaggle_normalized/Testing/pituitary/Te-pi_278.npz,test
Te-pi_279.npz,pituitary,Testing,processed/kaggle_normalized/Testing/pituitary/Te-pi_279.npz,test
Te-pi_28.npz,pituitary,Testing,processed/kaggle_normalized/Testing/pituitary/Te-pi_28.npz,test
Te-pi_280.npz,pituitary,Testing,processed/kaggle_normalized/Testing/pituitary/Te-pi_280.npz,test
Te-pi_281.npz,pituitary,Testing,processed/kaggle_normalized/Testing/pituitary/Te-pi_281.npz,test
Te-pi_282.npz,pituitary,Testing,processed/kaggle_normalized/Testing/pituitary/Te-pi_282.npz,test
Te-pi_283.npz,pituitary,Testing,processed/kaggle_normalized/Testing/pituitary/Te-pi_283.npz,test
Te-pi_284.npz,pituitary,Testing,processed/kaggle_normalized/Testing/pituitary/Te-pi_284.npz,test
Te-pi_285.npz,pituitary,Testing,processed/kaggle_normalized/Testing/pituitary/Te-pi_285.npz,test
Te-pi_286.npz,pituitary,Testing,processed/kaggle_normalized/Testing/pituitary/Te-pi_286.npz,test
Te-pi_287.npz,pituitary,Testing,processed/kaggle_normalized/Testing/pituitary/Te-pi_287.npz,test
Te-pi_288.npz,pituitary,Testing,processed/kaggle_normalized/Testing/pituitary/Te-pi_288.npz,test
Te-pi_289.npz,pituitary,Testing,processed/kaggle_normalized/Testing/pituitary/Te-pi_289.npz,test
Te-pi_29.npz,pituitary,Testing,processed/kaggle_normalized/Testing/pituitary/Te-pi_29.npz,test
Te-pi_290.npz,pituitary,Testing,processed/kaggle_normalized/Testing/pituitary/Te-pi_290.npz,test
Te-pi_291.npz,pituitary,Testing,processed/kaggle_normalized/Testing/pituitary/Te-pi_291.npz,test
Te-pi_292.npz,pituitary,Testing,processed/kaggle_normalized/Testing/pituitary/Te-pi_292.npz,test
Te-pi_293.npz,pituitary,Testing,processed/kaggle_normalized/Testing/pituitary/Te-pi_293.npz,test
Te-pi_294.npz,pituitary,Testing,processed/kaggle_normalized/Testing/pituitary/Te-pi_294.npz,test
Te-pi_295.npz,pituitary,Testing,processed/kaggle_normalized/Testing/pituitary/Te-pi_295.npz,test
Te-pi_296.npz,pituitary,Testing,processed/kaggle_normalized/Testing/pituitary/Te-pi_296.npz,test
Te-pi_297.npz,pituitary,Testing,processed/kaggle_normalized/Testing/pituitary/Te-pi_297.npz,test
Te-pi_298.npz,pituitary,Testing,processed/kaggle_normalized/Testing/pituitary/Te-pi_298.npz,test
Te-pi_299.npz,pituitary,Testing,processed/kaggle_normalized/Testing/pituitary/Te-pi_299.npz,test
Te-pi_3.npz,pituitary,Testing,processed/kaggle_normalized/Testing/pituitary/Te-pi_3.npz,test
Te-pi_30.npz,pituitary,Testing,processed/kaggle_normalized/Testing/pituitary/Te-pi_30.npz,test
Te-pi_300.npz,pituitary,Testing,processed/kaggle_normalized/Testing/pituitary/Te-pi_300.npz,test
Te-pi_301.npz,pituitary,Testing,processed/kaggle_normalized/Testing/pituitary/Te-pi_301.npz,test
Te-pi_302.npz,pituitary,Testing,processed/kaggle_normalized/Testing/pituitary/Te-pi_302.npz,test
Te-pi_303.npz,pituitary,Testing,processed/kaggle_normalized/Testing/pituitary/Te-pi_303.npz,test
Te-pi_304.npz,pituitary,Testing,processed/kaggle_normalized/Testing/pituitary/Te-pi_304.npz,test
Te-pi_305.npz,pituitary,Testing,processed/kaggle_normalized/Testing/pituitary/Te-pi_305.npz,test
Te-pi_306.npz,pituitary,Testing,processed/kaggle_normalized/Testing/pituitary/Te-pi_306.npz,test
Te-pi_307.npz,pituitary,Testing,processed/kaggle_normalized/Testing/pituitary/Te-pi_307.npz,test
Te-pi_308.npz,pituitary,Testing,processed/kaggle_normalized/Testing/pituitary/Te-pi_308.npz,test
Te-pi_309.npz,pituitary,Testing,processed/kaggle_normalized/Testing/pituitary/Te-pi_309.npz,test
Te-pi_31.npz,pituitary,Testing,processed/kaggle_normalized/Testing/pituitary/Te-pi_31.npz,test
Te-pi_310.npz,pituitary,Testing,processed/kaggle_normalized/Testing/pituitary/Te-pi_310.npz,test
Te-pi_311.npz,pituitary,Testing,processed/kaggle_normalized/Testing/pituitary/Te-pi_311.npz,test
Te-pi_312.npz,pituitary,Testing,processed/kaggle_normalized/Testing/pituitary/Te-pi_312.npz,test
Te-pi_313.npz,pituitary,Testing,processed/kaggle_normalized/Testing/pituitary/Te-pi_313.npz,test
Te-pi_314.npz,pituitary,Testing,processed/kaggle_normalized/Testing/pituitary/Te-pi_314.npz,test
Te-pi_315.npz,pituitary,Testing,processed/kaggle_normalized/Testing/pituitary/Te-pi_315.npz,test
Te-pi_316.npz,pituitary,Testing,processed/kaggle_normalized/Testing/pituitary/Te-pi_316.npz,test
Te-pi_317.npz,pituitary,Testing,processed/kaggle_normalized/Testing/pituitary/Te-pi_317.npz,test
Te-pi_318.npz,pituitary,Testing,processed/kaggle_normalized/Testing/pituitary/Te-pi_318.npz,test
Te-pi_319.npz,pituitary,Testing,processed/kaggle_normalized/Testing/pituitary/Te-pi_319.npz,test
Te-pi_32.npz,pituitary,Testing,processed/kaggle_normalized/Testing/pituitary/Te-pi_32.npz,test
Te-pi_320.npz,pituitary,Testing,processed/kaggle_normalized/Testing/pituitary/Te-pi_320.npz,test
Te-pi_321.npz,pituitary,Testing,processed/kaggle_normalized/Testing/pituitary/Te-pi_321.npz,test
Te-pi_322.npz,pituitary,Testing,processed/kaggle_normalized/Testing/pituitary/Te-pi_322.npz,test
Te-pi_323.npz,pituitary,Testing,processed/kaggle_normalized/Testing/pituitary/Te-pi_323.npz,test
Te-pi_324.npz,pituitary,Testing,processed/kaggle_normalized/Testing/pituitary/Te-pi_324.npz,test
Te-pi_325.npz,pituitary,Testing,processed/kaggle_normalized/Testing/pituitary/Te-pi_325.npz,test
Te-pi_326.npz,pituitary,Testing,processed/kaggle_normalized/Testing/pituitary/Te-pi_326.npz,test
Te-pi_327.npz,pituitary,Testing,processed/kaggle_normalized/Testing/pituitary/Te-pi_327.npz,test
Te-pi_328.npz,pituitary,Testing,processed/kaggle_normalized/Testing/pituitary/Te-pi_328.npz,test
Te-pi_329.npz,pituitary,Testing,processed/kaggle_normalized/Testing/pituitary/Te-pi_329.npz,test
Te-pi_33.npz,pituitary,Testing,processed/kaggle_normalized/Testing/pituitary/Te-pi_33.npz,test
Te-pi_330.npz,pituitary,Testing,processed/kaggle_normalized/Testing/pituitary/Te-pi_330.npz,test
Te-pi_331.npz,pituitary,Testing,processed/kaggle_normalized/Testing/pituitary/Te-pi_331.npz,test
Te-pi_332.npz,pituitary,Testing,processed/kaggle_normalized/Testing/pituitary/Te-pi_332.npz,test
Te-pi_333.npz,pituitary,Testing,processed/kaggle_normalized/Testing/pituitary/Te-pi_333.npz,test
Te-pi_334.npz,pituitary,Testing,processed/kaggle_normalized/Testing/pituitary/Te-pi_334.npz,test
Te-pi_335.npz,pituitary,Testing,processed/kaggle_normalized/Testing/pituitary/Te-pi_335.npz,test
Te-pi_336.npz,pituitary,Testing,processed/kaggle_normalized/Testing/pituitary/Te-pi_336.npz,test
Te-pi_337.npz,pituitary,Testing,processed/kaggle_normalized/Testing/pituitary/Te-pi_337.npz,test
Te-pi_338.npz,pituitary,Testing,processed/kaggle_normalized/Testing/pituitary/Te-pi_338.npz,test
Te-pi_339.npz,pituitary,Testing,processed/kaggle_normalized/Testing/pituitary/Te-pi_339.npz,test
Te-pi_34.npz,pituitary,Testing,processed/kaggle_normalized/Testing/pituitary/Te-pi_34.npz,test
Te-pi_340.npz,pituitary,Testing,processed/kaggle_normalized/Testing/pituitary/Te-pi_340.npz,test
Te-pi_341.npz,pituitary,Testing,processed/kaggle_normalized/Testing/pituitary/Te-pi_341.npz,test
Te-pi_342.npz,pituitary,Testing,processed/kaggle_normalized/Testing/pituitary/Te-pi_342.npz,test
Te-pi_343.npz,pituitary,Testing,processed/kaggle_normalized/Testing/pituitary/Te-pi_343.npz,test
Te-pi_344.npz,pituitary,Testing,processed/kaggle_normalized/Testing/pituitary/Te-pi_344.npz,test
Te-pi_345.npz,pituitary,Testing,processed/kaggle_normalized/Testing/pituitary/Te-pi_345.npz,test
Te-pi_346.npz,pituitary,Testing,processed/kaggle_normalized/Testing/pituitary/Te-pi_346.npz,test
Te-pi_347.npz,pituitary,Testing,processed/kaggle_normalized/Testing/pituitary/Te-pi_347.npz,test
Te-pi_348.npz,pituitary,Testing,processed/kaggle_normalized/Testing/pituitary/Te-pi_348.npz,test
Te-pi_349.npz,pituitary,Testing,processed/kaggle_normalized/Testing/pituitary/Te-pi_349.npz,test
Te-pi_35.npz,pituitary,Testing,processed/kaggle_normalized/Testing/pituitary/Te-pi_35.npz,test
Te-pi_350.npz,pituitary,Testing,processed/kaggle_normalized/Testing/pituitary/Te-pi_350.npz,test
Te-pi_351.npz,pituitary,Testing,processed/kaggle_normalized/Testing/pituitary/Te-pi_351.npz,test
Te-pi_352.npz,pituitary,Testing,processed/kaggle_normalized/Testing/pituitary/Te-pi_352.npz,test
Te-pi_353.npz,pituitary,Testing,processed/kaggle_normalized/Testing/pituitary/Te-pi_353.npz,test
Te-pi_354.npz,pituitary,Testing,processed/kaggle_normalized/Testing/pituitary/Te-pi_354.npz,test
Te-pi_355.npz,pituitary,Testing,processed/kaggle_normalized/Testing/pituitary/Te-pi_355.npz,test
Te-pi_356.npz,pituitary,Testing,processed/kaggle_normalized/Testing/pituitary/Te-pi_356.npz,test
Te-pi_357.npz,pituitary,Testing,processed/kaggle_normalized/Testing/pituitary/Te-pi_357.npz,test
Te-pi_358.npz,pituitary,Testing,processed/kaggle_normalized/Testing/pituitary/Te-pi_358.npz,test
Te-pi_359.npz,pituitary,Testing,processed/kaggle_normalized/Testing/pituitary/Te-pi_359.npz,test
Te-pi_36.npz,pituitary,Testing,processed/kaggle_normalized/Testing/pituitary/Te-pi_36.npz,test
Te-pi_360.npz,pituitary,Testing,processed/kaggle_normalized/Testing/pituitary/Te-pi_360.npz,test
Te-pi_361.npz,pituitary,Testing,processed/kaggle_normalized/Testing/pituitary/Te-pi_361.npz,test
Te-pi_362.npz,pituitary,Testing,processed/kaggle_normalized/Testing/pituitary/Te-pi_362.npz,test
Te-pi_363.npz,pituitary,Testing,processed/kaggle_normalized/Testing/pituitary/Te-pi_363.npz,test
Te-pi_364.npz,pituitary,Testing,processed/kaggle_normalized/Testing/pituitary/Te-pi_364.npz,test
Te-pi_365.npz,pituitary,Testing,processed/kaggle_normalized/Testing/pituitary/Te-pi_365.npz,test
Te-pi_366.npz,pituitary,Testing,processed/kaggle_normalized/Testing/pituitary/Te-pi_366.npz,test
Te-pi_367.npz,pituitary,Testing,processed/kaggle_normalized/Testing/pituitary/Te-pi_367.npz,test
Te-pi_368.npz,pituitary,Testing,processed/kaggle_normalized/Testing/pituitary/Te-pi_368.npz,test
Te-pi_369.npz,pituitary,Testing,processed/kaggle_normalized/Testing/pituitary/Te-pi_369.npz,test
Te-pi_37.npz,pituitary,Testing,processed/kaggle_normalized/Testing/pituitary/Te-pi_37.npz,test
Te-pi_370.npz,pituitary,Testing,processed/kaggle_normalized/Testing/pituitary/Te-pi_370.npz,test
Te-pi_371.npz,pituitary,Testing,processed/kaggle_normalized/Testing/pituitary/Te-pi_371.npz,test
Te-pi_372.npz,pituitary,Testing,processed/kaggle_normalized/Testing/pituitary/Te-pi_372.npz,test
Te-pi_373.npz,pituitary,Testing,processed/kaggle_normalized/Testing/pituitary/Te-pi_373.npz,test
Te-pi_374.npz,pituitary,Testing,processed/kaggle_normalized/Testing/pituitary/Te-pi_374.npz,test
Te-pi_375.npz,pituitary,Testing,processed/kaggle_normalized/Testing/pituitary/Te-pi_375.npz,test
Te-pi_376.npz,pituitary,Testing,processed/kaggle_normalized/Testing/pituitary/Te-pi_376.npz,test
Te-pi_377.npz,pituitary,Testing,processed/kaggle_normalized/Testing/pituitary/Te-pi_377.npz,test
Te-pi_378.npz,pituitary,Testing,processed/kaggle_normalized/Testing/pituitary/Te-pi_378.npz,test
Te-pi_379.npz,pituitary,Testing,processed/kaggle_normalized/Testing/pituitary/Te-pi_379.npz,test
Te-pi_38.npz,pituitary,Testing,processed/kaggle_normalized/Testing/pituitary/Te-pi_38.npz,test
Te-pi_380.npz,pituitary,Testing,processed/kaggle_normalized/Testing/pituitary/Te-pi_380.npz,test
Te-pi_381.npz,pituitary,Testing,processed/kaggle_normalized/Testing/pituitary/Te-pi_381.npz,test
Te-pi_382.npz,pituitary,Testing,processed/kaggle_normalized/Testing/pituitary/Te-pi_382.npz,test
Te-pi_383.npz,pituitary,Testing,processed/kaggle_normalized/Testing/pituitary/Te-pi_383.npz,test
Te-pi_384.npz,pituitary,Testing,processed/kaggle_normalized/Testing/pituitary/Te-pi_384.npz,test
Te-pi_385.npz,pituitary,Testing,processed/kaggle_normalized/Testing/pituitary/Te-pi_385.npz,test
Te-pi_386.npz,pituitary,Testing,processed/kaggle_normalized/Testing/pituitary/Te-pi_386.npz,test
Te-pi_387.npz,pituitary,Testing,processed/kaggle_normalized/Testing/pituitary/Te-pi_387.npz,test
Te-pi_388.npz,pituitary,Testing,processed/kaggle_normalized/Testing/pituitary/Te-pi_388.npz,test
Te-pi_389.npz,pituitary,Testing,processed/kaggle_normalized/Testing/pituitary/Te-pi_389.npz,test
Te-pi_39.npz,pituitary,Testing,processed/kaggle_normalized/Testing/pituitary/Te-pi_39.npz,test
Te-pi_390.npz,pituitary,Testing,processed/kaggle_normalized/Testing/pituitary/Te-pi_390.npz,test
Te-pi_391.npz,pituitary,Testing,processed/kaggle_normalized/Testing/pituitary/Te-pi_391.npz,test
Te-pi_392.npz,pituitary,Testing,processed/kaggle_normalized/Testing/pituitary/Te-pi_392.npz,test
Te-pi_393.npz,pituitary,Testing,processed/kaggle_normalized/Testing/pituitary/Te-pi_393.npz,test
Te-pi_394.npz,pituitary,Testing,processed/kaggle_normalized/Testing/pituitary/Te-pi_394.npz,test
Te-pi_395.npz,pituitary,Testing,processed/kaggle_normalized/Testing/pituitary/Te-pi_395.npz,test
Te-pi_396.npz,pituitary,Testing,processed/kaggle_normalized/Testing/pituitary/Te-pi_396.npz,test
Te-pi_397.npz,pituitary,Testing,processed/kaggle_normalized/Testing/pituitary/Te-pi_397.npz,test
Te-pi_398.npz,pituitary,Testing,processed/kaggle_normalized/Testing/pituitary/Te-pi_398.npz,test
Te-pi_399.npz,pituitary,Testing,processed/kaggle_normalized/Testing/pituitary/Te-pi_399.npz,test
Te-pi_4.npz,pituitary,Testing,processed/kaggle_normalized/Testing/pituitary/Te-pi_4.npz,test
Te-pi_40.npz,pituitary,Testing,processed/kaggle_normalized/Testing/pituitary/Te-pi_40.npz,test
Te-pi_400.npz,pituitary,Testing,processed/kaggle_normalized/Testing/pituitary/Te-pi_400.npz,test
Te-pi_41.npz,pituitary,Testing,processed/kaggle_normalized/Testing/pituitary/Te-pi_41.npz,test
Te-pi_42.npz,pituitary,Testing,processed/kaggle_normalized/Testing/pituitary/Te-pi_42.npz,test
Te-pi_43.npz,pituitary,Testing,processed/kaggle_normalized/Testing/pituitary/Te-pi_43.npz,test
Te-pi_44.npz,pituitary,Testing,processed/kaggle_normalized/Testing/pituitary/Te-pi_44.npz,test
Te-pi_45.npz,pituitary,Testing,processed/kaggle_normalized/Testing/pituitary/Te-pi_45.npz,test
Te-pi_46.npz,pituitary,Testing,processed/kaggle_normalized/Testing/pituitary/Te-pi_46.npz,test
Te-pi_47.npz,pituitary,Testing,processed/kaggle_normalized/Testing/pituitary/Te-pi_47.npz,test
Te-pi_48.npz,pituitary,Testing,processed/kaggle_normalized/Testing/pituitary/Te-pi_48.npz,test
Te-pi_49.npz,pituitary,Testing,processed/kaggle_normalized/Testing/pituitary/Te-pi_49.npz,test
Te-pi_5.npz,pituitary,Testing,processed/kaggle_normalized/Testing/pituitary/Te-pi_5.npz,test
Te-pi_50.npz,pituitary,Testing,processed/kaggle_normalized/Testing/pituitary/Te-pi_50.npz,test
Te-pi_51.npz,pituitary,Testing,processed/kaggle_normalized/Testing/pituitary/Te-pi_51.npz,test
Te-pi_52.npz,pituitary,Testing,processed/kaggle_normalized/Testing/pituitary/Te-pi_52.npz,test
Te-pi_53.npz,pituitary,Testing,processed/kaggle_normalized/Testing/pituitary/Te-pi_53.npz,test
Te-pi_54.npz,pituitary,Testing,processed/kaggle_normalized/Testing/pituitary/Te-pi_54.npz,test
Te-pi_55.npz,pituitary,Testing,processed/kaggle_normalized/Testing/pituitary/Te-pi_55.npz,test
Te-pi_56.npz,pituitary,Testing,processed/kaggle_normalized/Testing/pituitary/Te-pi_56.npz,test
Te-pi_57.npz,pituitary,Testing,processed/kaggle_normalized/Testing/pituitary/Te-pi_57.npz,test
Te-pi_58.npz,pituitary,Testing,processed/kaggle_normalized/Testing/pituitary/Te-pi_58.npz,test
Te-pi_59.npz,pituitary,Testing,processed/kaggle_normalized/Testing/pituitary/Te-pi_59.npz,test
Te-pi_6.npz,pituitary,Testing,processed/kaggle_normalized/Testing/pituitary/Te-pi_6.npz,test
Te-pi_60.npz,pituitary,Testing,processed/kaggle_normalized/Testing/pituitary/Te-pi_60.npz,test
Te-pi_61.npz,pituitary,Testing,processed/kaggle_normalized/Testing/pituitary/Te-pi_61.npz,test
Te-pi_62.npz,pituitary,Testing,processed/kaggle_normalized/Testing/pituitary/Te-pi_62.npz,test
Te-pi_63.npz,pituitary,Testing,processed/kaggle_normalized/Testing/pituitary/Te-pi_63.npz,test
Te-pi_64.npz,pituitary,Testing,processed/kaggle_normalized/Testing/pituitary/Te-pi_64.npz,test
Te-pi_65.npz,pituitary,Testing,processed/kaggle_normalized/Testing/pituitary/Te-pi_65.npz,test
Te-pi_66.npz,pituitary,Testing,processed/kaggle_normalized/Testing/pituitary/Te-pi_66.npz,test
Te-pi_67.npz,pituitary,Testing,processed/kaggle_normalized/Testing/pituitary/Te-pi_67.npz,test
Te-pi_68.npz,pituitary,Testing,processed/kaggle_normalized/Testing/pituitary/Te-pi_68.npz,test
Te-pi_69.npz,pituitary,Testing,processed/kaggle_normalized/Testing/pituitary/Te-pi_69.npz,test
Te-pi_7.npz,pituitary,Testing,processed/kaggle_normalized/Testing/pituitary/Te-pi_7.npz,test
Te-pi_70.npz,pituitary,Testing,processed/kaggle_normalized/Testing/pituitary/Te-pi_70.npz,test
Te-pi_71.npz,pituitary,Testing,processed/kaggle_normalized/Testing/pituitary/Te-pi_71.npz,test
Te-pi_72.npz,pituitary,Testing,processed/kaggle_normalized/Testing/pituitary/Te-pi_72.npz,test
Te-pi_73.npz,pituitary,Testing,processed/kaggle_normalized/Testing/pituitary/Te-pi_73.npz,test
Te-pi_74.npz,pituitary,Testing,processed/kaggle_normalized/Testing/pituitary/Te-pi_74.npz,test
Te-pi_75.npz,pituitary,Testing,processed/kaggle_normalized/Testing/pituitary/Te-pi_75.npz,test
Te-pi_76.npz,pituitary,Testing,processed/kaggle_normalized/Testing/pituitary/Te-pi_76.npz,test
Te-pi_77.npz,pituitary,Testing,processed/kaggle_normalized/Testing/pituitary/Te-pi_77.npz,test
Te-pi_78.npz,pituitary,Testing,processed/kaggle_normalized/Testing/pituitary/Te-pi_78.npz,test
Te-pi_79.npz,pituitary,Testing,processed/kaggle_normalized/Testing/pituitary/Te-pi_79.npz,test
Te-pi_8.npz,pituitary,Testing,processed/kaggle_normalized/Testing/pituitary/Te-pi_8.npz,test
Te-pi_80.npz,pituitary,Testing,processed/kaggle_normalized/Testing/pituitary/Te-pi_80.npz,test
Te-pi_81.npz,pituitary,Testing,processed/kaggle_normalized/Testing/pituitary/Te-pi_81.npz,test
Te-pi_82.npz,pituitary,Testing,processed/kaggle_normalized/Testing/pituitary/Te-pi_82.npz,test
Te-pi_83.npz,pituitary,Testing,processed/kaggle_normalized/Testing/pituitary/Te-pi_83.npz,test
Te-pi_84.npz,pituitary,Testing,processed/kaggle_normalized/Testing/pituitary/Te-pi_84.npz,test
Te-pi_85.npz,pituitary,Testing,processed/kaggle_normalized/Testing/pituitary/Te-pi_85.npz,test
Te-pi_86.npz,pituitary,Testing,processed/kaggle_normalized/Testing/pituitary/Te-pi_86.npz,test
Te-pi_87.npz,pituitary,Testing,processed/kaggle_normalized/Testing/pituitary/Te-pi_87.npz,test
Te-pi_88.npz,pituitary,Testing,processed/kaggle_normalized/Testing/pituitary/Te-pi_88.npz,test
Te-pi_89.npz,pituitary,Testing,processed/kaggle_normalized/Testing/pituitary/Te-pi_89.npz,test
Te-pi_9.npz,pituitary,Testing,processed/kaggle_normalized/Testing/pituitary/Te-pi_9.npz,test
Te-pi_90.npz,pituitary,Testing,processed/kaggle_normalized/Testing/pituitary/Te-pi_90.npz,test
Te-pi_91.npz,pituitary,Testing,processed/kaggle_normalized/Testing/pituitary/Te-pi_91.npz,test
Te-pi_92.npz,pituitary,Testing,processed/kaggle_normalized/Testing/pituitary/Te-pi_92.npz,test
Te-pi_93.npz,pituitary,Testing,processed/kaggle_normalized/Testing/pituitary/Te-pi_93.npz,test
Te-pi_94.npz,pituitary,Testing,processed/kaggle_normalized/Testing/pituitary/Te-pi_94.npz,test
Te-pi_95.npz,pituitary,Testing,processed/kaggle_normalized/Testing/pituitary/Te-pi_95.npz,test
Te-pi_96.npz,pituitary,Testing,processed/kaggle_normalized/Testing/pituitary/Te-pi_96.npz,test
Te-pi_97.npz,pituitary,Testing,processed/kaggle_normalized/Testing/pituitary/Te-pi_97.npz,test
Te-pi_98.npz,pituitary,Testing,processed/kaggle_normalized/Testing/pituitary/Te-pi_98.npz,test
Te-pi_99.npz,pituitary,Testing,processed/kaggle_normalized/Testing/pituitary/Te-pi_99.npz,test
